[Licensing::Module] Trying to connect to existing licensing client channel...
Built from '6000.4/staging' branch; Version is '6000.4.0f1 (8cf496087c8f) revision 9237654'; Using compiler version '194234433'; Build Type 'Release'
[Licensing::IpcConnector] Successfully connected to: "LicenseClient-nicho" at "2026-05-14T14:08:10.2390363Z"
OS: 'Windows 11  (10.0.26200) Professional' Language: 'en' Physical Memory: 32694 MB
BatchMode: 1, IsHumanControllingUs: 0, StartBugReporterOnCrash: 0, Is64bit: 1
System  architecture: x64
Process architecture: x64
Date: 2026-05-14T14:08:10Z

COMMAND LINE ARGUMENTS:
C:\Program Files\Unity\Hub\Editor\6000.4.0f1\Editor\Unity.exe
-adb2
-batchMode
-noUpm
-name
AssetImportWorker3
-projectPath
C:/Users/nicho/Formative_1
-logFile
Logs/AssetImportWorker3.log
-srvPort
60549
-licensingIpc
LicenseClient-nicho
-force-d3d12
-job-worker-count
7
-background-job-worker-count
8
-gc-helper-count
1
-name
AssetImport
Successfully changed project path to: C:/Users/nicho/Formative_1
C:/Users/nicho/Formative_1
[UnityMemory] Configuration Parameters - Can be set up in boot.config
    "memorysetup-temp-allocator-size-gi-baking-worker=262144"
    "memorysetup-temp-allocator-size-gi-baking-worker=262144"
    "memorysetup-temp-allocator-size-gi-baking-worker=262144"
    "memorysetup-temp-allocator-size-gi-baking-worker=262144"
    "memorysetup-temp-allocator-size-gi-baking-worker=262144"
    "memorysetup-temp-allocator-size-nav-mesh-worker=65536"
    "memorysetup-temp-allocator-size-audio-worker=65536"
    "memorysetup-temp-allocator-size-cloud-worker=32768"
    "memorysetup-temp-allocator-size-gfx=262144"
    "memorysetup-temp-allocator-size-preload-manager=33554432"
    "memorysetup-temp-allocator-size-job-worker=262144"
    "memorysetup-temp-allocator-size-background-worker=32768"
    "memorysetup-allocator-temp-initial-block-size-main=262144"
    "memorysetup-allocator-temp-initial-block-size-worker=262144"
    "memorysetup-bucket-allocator-granularity=16"
    "memorysetup-bucket-allocator-bucket-count=8"
    "memorysetup-bucket-allocator-block-size=33554432"
    "memorysetup-bucket-allocator-block-count=8"
    "memorysetup-main-allocator-block-size=16777216"
    "memorysetup-thread-allocator-block-size=16777216"
    "memorysetup-gfx-main-allocator-block-size=16777216"
    "memorysetup-gfx-thread-allocator-block-size=16777216"
    "memorysetup-cache-allocator-block-size=4194304"
    "memorysetup-typetree-allocator-block-size=2097152"
    "memorysetup-profiler-bucket-allocator-granularity=16"
    "memorysetup-profiler-bucket-allocator-bucket-count=8"
    "memorysetup-profiler-bucket-allocator-block-size=33554432"
    "memorysetup-profiler-bucket-allocator-block-count=8"
    "memorysetup-profiler-allocator-block-size=16777216"
    "memorysetup-profiler-editor-allocator-block-size=1048576"
    "memorysetup-temp-allocator-size-main=16777216"
    "memorysetup-job-temp-allocator-block-size=2097152"
    "memorysetup-job-temp-allocator-block-size-background=1048576"
    "memorysetup-job-temp-allocator-reduction-small-platforms=262144"
Player connection [26608]  Target information:

Player connection [26608]  * "[IP] 192.168.0.13 [Port] 0 [Flags] 2 [Guid] 4271257397 [EditorId] 4271257397 [Version] 1048832 [Id] WindowsEditor(7,Nicholas) [Debug] 1 [PackageName] WindowsEditor [ProjectName] Editor" 

Player connection [26608]  * "[IP] 172.23.0.1 [Port] 0 [Flags] 2 [Guid] 4271257397 [EditorId] 4271257397 [Version] 1048832 [Id] WindowsEditor(7,Nicholas) [Debug] 1 [PackageName] WindowsEditor [ProjectName] Editor" 

Player connection [26608]  * "[IP] 26.42.229.79 [Port] 0 [Flags] 2 [Guid] 4271257397 [EditorId] 4271257397 [Version] 1048832 [Id] WindowsEditor(7,Nicholas) [Debug] 1 [PackageName] WindowsEditor [ProjectName] Editor" 

Player connection [26608] Host joined multi-casting on [225.0.0.222:54997]...
Player connection [26608] Host joined alternative multi-casting on [225.0.0.222:34997]...
JobSystem: Creating JobQueue using job-worker-count value 7
Input System module state changed to: Initialized.
[Physics::Module] Initialized fallback backend.
[Physics::Module] Id: 0xdecafbad
Library Redirect Path: Library/
[Physics::Module] Selected backend.
[Physics::Module] Name: PhysX
[Physics::Module] Id: 0xf2b8ea05
[Physics::Module] SDK Version: 4.1.2
[Physics::Module] Integration Version: 1.0.0
[Physics::Module] Threading Mode: Multi-Threaded
Refreshing native plugins compatible for Editor in 50.70 ms, found 3 plugins.
Initialize engine version: 6000.4.0f1 (8cf496087c8f)
[Subsystems] Discovering subsystems at path C:/Program Files/Unity/Hub/Editor/6000.4.0f1/Editor/Data/Resources/UnitySubsystems
[Subsystems] Discovering subsystems at path C:/Users/nicho/Formative_1/Assets
Forcing GfxDevice: Direct3D 12
GfxDevice: creating device client; kGfxThreadingModeNonThreaded
d3d12: failed to query info queue interface (0x80004002).
Direct3D:
    Version:         Direct3D 12 [level 12.2]
    Renderer:        NVIDIA GeForce RTX 4060 (ID=0x2882)
    Vendor:          NVIDIA
    VRAM:            7957 MB
    App VRAM Budget: 7189 MB
    Driver:          32.0.15.8097
Initialize mono
Mono path[0] = 'C:/Program Files/Unity/Hub/Editor/6000.4.0f1/Editor/Data/Managed'
Mono path[1] = 'C:/Program Files/Unity/Hub/Editor/6000.4.0f1/Editor/Data/MonoBleedingEdge/lib/mono/unityjit-win32'
Mono config path = 'C:/Program Files/Unity/Hub/Editor/6000.4.0f1/Editor/Data/MonoBleedingEdge/etc'
Using monoOptions --debugger-agent=transport=dt_socket,embedding=1,server=y,suspend=n,address=127.0.0.1:56648
CodeReloadManager initialized
[Licensing::Client] Handshaking with LicensingClient:
  Version:                 1.18.1+9fbee8e
  Session Id:              d26324c75bb24414b9f1f05976b64e66
  Correlation Id:          24d301c60bcd9a52cc819f6962c1584c
  External correlation Id: 7976613669361192875
  Machine Id:              8wJQksq0DBmRPNJ5MMxPPwJrSZ0=
[Licensing::Module] Successfully connected to LicensingClient on channel: "LicenseClient-nicho" (connect: 0.00s, validation: 0.00s, handshake: 2.77s)
[Licensing::IpcConnector] Successfully connected to: "LicenseClient-nicho-notifications" at "2026-05-14T14:08:13.0115715Z"
[Licensing::Module] Licensing Background thread has ended after 2.77s
Begin MonoManager ReloadAssembly
Registering precompiled unity dll's ...
Register platform support module: C:/Program Files/Unity/Hub/Editor/6000.4.0f1/Editor/Data/PlaybackEngines/WebGLSupport/UnityEditor.WebGL.Extensions.dll
Register platform support module: C:/Program Files/Unity/Hub/Editor/6000.4.0f1/Editor/Data/PlaybackEngines/WindowsStandaloneSupport/UnityEditor.WindowsStandalone.Extensions.dll
Registered in 0.330622 seconds.
Native extension for WindowsStandalone target not found
Native extension for WebGL target not found
Package Manager log level set to [2]
[Package Manager] Failed to launch server process. Reason: Unity was launched with the -noUpm command-line argument
[Package Manager] Unable to send message (not connected to server process).
[Package Manager] Cannot connect to Unity Package Manager local server
ScheduleIndexationOnStartup MainProcess:False IndexOnStartup:True
Mono: successfully reloaded assembly
- Finished resetting the current domain, in  0.548 seconds
Domain Reload Profiling: 3452ms
	BeginReloadAssembly (376ms)
	RebuildCommonClasses (469ms)
	RebuildNativeTypeToScriptingClass (18ms)
	initialDomainReloadingComplete (429ms)
	LoadAllAssembliesAndSetupDomain (1611ms)
		LoadAssemblies (371ms)
		AnalyzeDomain (1595ms)
			TypeCache.Refresh (1594ms)
				TypeCache.ScanAssembly (1289ms)
	FinalizeReload (550ms)
		SetupLoadedEditorAssemblies (0ms)
			InitializePlatformSupportModulesInManaged (68ms)
			BeforeProcessingInitializeOnLoad (119ms)
			ProcessInitializeOnLoadAttributes (150ms)
			ProcessInitializeOnLoadMethodAttributes (112ms)
========================================================================
Worker process is ready to serve import requests
Import Worker Mode flag is 0x00
Begin MonoManager ReloadAssembly
[Licensing::Client] Successfully resolved entitlement details
[Licensing::Module] License group:
  Id: 11270607086005-UnityPersXXXX
  Product: Unity Personal
  Type: Assigned
  Expiration: Unlimited
Assembly Assembly-CSharp-Editor-firstpass.dll at Library/ScriptAssemblies/Assembly-CSharp-Editor-firstpass.dll not valid. Loading of assembly skipped.
Assembly Assembly-CSharp-firstpass.dll at Library/ScriptAssemblies/Assembly-CSharp-firstpass.dll not valid. Loading of assembly skipped.
Assembly DocCodeExamples.dll at Library/ScriptAssemblies/DocCodeExamples.dll not valid. Loading of assembly skipped.
Assembly TestNewCustomAssembly.dll at Library/ScriptAssemblies/TestNewCustomAssembly.dll not valid. Loading of assembly skipped.
Assembly Unity.Collections.BurstCompatibilityGen.dll at Library/ScriptAssemblies/Unity.Collections.BurstCompatibilityGen.dll not valid. Loading of assembly skipped.
Assembly Unity.Collections.DocCodeSamples.dll at Library/ScriptAssemblies/Unity.Collections.DocCodeSamples.dll not valid. Loading of assembly skipped.
Assembly Unity.Collections.PerformanceTests.dll at Library/ScriptAssemblies/Unity.Collections.PerformanceTests.dll not valid. Loading of assembly skipped.
Assembly Unity.Collections.Tests.dll at Library/ScriptAssemblies/Unity.Collections.Tests.dll not valid. Loading of assembly skipped.
Assembly Unity.Collections.Tests.Playmode.dll at Library/ScriptAssemblies/Unity.Collections.Tests.Playmode.dll not valid. Loading of assembly skipped.
Assembly Unity.InputSystem.IntegrationTests.dll at Library/ScriptAssemblies/Unity.InputSystem.IntegrationTests.dll not valid. Loading of assembly skipped.
Assembly Unity.Mathematics.Tests.dll at Library/ScriptAssemblies/Unity.Mathematics.Tests.dll not valid. Loading of assembly skipped.
Assembly Unity.Multiplayer.Center.Editor.Tests.dll at Library/ScriptAssemblies/Unity.Multiplayer.Center.Editor.Tests.dll not valid. Loading of assembly skipped.
Assembly Unity.Multiplayer.Center.Tests.dll at Library/ScriptAssemblies/Unity.Multiplayer.Center.Tests.dll not valid. Loading of assembly skipped.
Assembly Unity.Nuget.Mono-Cecil.dll at Library/ScriptAssemblies/Unity.Nuget.Mono-Cecil.dll not valid. Loading of assembly skipped.
Assembly Unity.PathTracing.Editor.Tests.dll at Library/ScriptAssemblies/Unity.PathTracing.Editor.Tests.dll not valid. Loading of assembly skipped.
Assembly Unity.PathTracing.Runtime.Tests.dll at Library/ScriptAssemblies/Unity.PathTracing.Runtime.Tests.dll not valid. Loading of assembly skipped.
Assembly Unity.Postprocessing.Editor.Tests.dll at Library/ScriptAssemblies/Unity.Postprocessing.Editor.Tests.dll not valid. Loading of assembly skipped.
Assembly Unity.Postprocessing.Runtime.Tests.dll at Library/ScriptAssemblies/Unity.Postprocessing.Runtime.Tests.dll not valid. Loading of assembly skipped.
Assembly Unity.RenderPipelines.Core.Editor.Tests.dll at Library/ScriptAssemblies/Unity.RenderPipelines.Core.Editor.Tests.dll not valid. Loading of assembly skipped.
Assembly Unity.RenderPipelines.Core.Runtime.Tests.dll at Library/ScriptAssemblies/Unity.RenderPipelines.Core.Runtime.Tests.dll not valid. Loading of assembly skipped.
Assembly Unity.RenderPipelines.Universal.Config.Editor.Tests.dll at Library/ScriptAssemblies/Unity.RenderPipelines.Universal.Config.Editor.Tests.dll not valid. Loading of assembly skipped.
Assembly Unity.RenderPipelines.Universal.Editor.Tests.dll at Library/ScriptAssemblies/Unity.RenderPipelines.Universal.Editor.Tests.dll not valid. Loading of assembly skipped.
Assembly Unity.RenderPipelines.Universal.Runtime.Tests.dll at Library/ScriptAssemblies/Unity.RenderPipelines.Universal.Runtime.Tests.dll not valid. Loading of assembly skipped.
Assembly Unity.Searcher.EditorTests.dll at Library/ScriptAssemblies/Unity.Searcher.EditorTests.dll not valid. Loading of assembly skipped.
Assembly Unity.ShaderGraph.Editor.Tests.dll at Library/ScriptAssemblies/Unity.ShaderGraph.Editor.Tests.dll not valid. Loading of assembly skipped.
Assembly Unity.TextMeshPro.Editor.Tests.dll at Library/ScriptAssemblies/Unity.TextMeshPro.Editor.Tests.dll not valid. Loading of assembly skipped.
Assembly Unity.TextMeshPro.Tests.dll at Library/ScriptAssemblies/Unity.TextMeshPro.Tests.dll not valid. Loading of assembly skipped.
Assembly Unity.UnifiedRayTracing.Editor.Tests.dll at Library/ScriptAssemblies/Unity.UnifiedRayTracing.Editor.Tests.dll not valid. Loading of assembly skipped.
Assembly UnityEditor.UI.Common.Tests.dll at Library/ScriptAssemblies/UnityEditor.UI.Common.Tests.dll not valid. Loading of assembly skipped.
Assembly UnityEditor.UI.EditorTests.dll at Library/ScriptAssemblies/UnityEditor.UI.EditorTests.dll not valid. Loading of assembly skipped.
Assembly UnityEngine.UI.Tests.dll at Library/ScriptAssemblies/UnityEngine.UI.Tests.dll not valid. Loading of assembly skipped.
Native extension for WindowsStandalone target not found
Native extension for WebGL target not found
[Package Manager] Failed to launch server process. Reason: Unity was launched with the -noUpm command-line argument
[Package Manager] Unable to send message (not connected to server process).
[Package Manager] Cannot connect to Unity Package Manager local server
[Package Manager] Failed to launch server process. Reason: Unity was launched with the -noUpm command-line argument
[Package Manager] Unable to send message (not connected to server process).
[Package Manager] Cannot connect to Unity Package Manager local server
ScheduleIndexationOnStartup MainProcess:False IndexOnStartup:True
Mono: successfully reloaded assembly
- Finished resetting the current domain, in  1.509 seconds
Domain Reload Profiling: 10281ms
	BeginReloadAssembly (245ms)
		DisableScriptedObjects (8ms)
		CreateAndSetChildDomain (38ms)
	RebuildCommonClasses (54ms)
	RebuildNativeTypeToScriptingClass (19ms)
	initialDomainReloadingComplete (6118ms)
	LoadAllAssembliesAndSetupDomain (2335ms)
		LoadAssemblies (1882ms)
		AnalyzeDomain (589ms)
			TypeCache.Refresh (488ms)
				TypeCache.ScanAssembly (469ms)
			BuildScriptInfoCaches (85ms)
			ResolveRequiredComponents (15ms)
	FinalizeReload (1509ms)
		SetupLoadedEditorAssemblies (0ms)
			InitializePlatformSupportModulesInManaged (4ms)
			BeforeProcessingInitializeOnLoad (216ms)
			ProcessInitializeOnLoadAttributes (406ms)
			ProcessInitializeOnLoadMethodAttributes (89ms)
			AfterProcessingInitializeOnLoad (19ms)
		AwakeInstancesAfterBackupRestoration (15ms)
Launched and connected shader compiler UnityShaderCompiler.exe after 0.04 seconds
Refreshing native plugins compatible for Editor in 2.76 ms, found 3 plugins.
Unloading 36 Unused Serialized files (Serialized files now loaded: 0)
Unloading 6400 unused Assets / (8.8 MB). Loaded Objects now: 7247.
Memory consumption went from 160.5 MB to 151.7 MB.
Total: 12.092400 ms (FindLiveObjects: 0.678600 ms CreateObjectMapping: 0.378100 ms MarkObjects: 6.865900 ms  DeleteObjects: 4.167500 ms)

========================================================================
Received Import Request.
  Time since last request: 1684.438951 seconds.
  path: Assets/Palmov Island/Low Poly Atmospheric Locations Pack/Models/Trees
  importAddress: Guid(e4420e600b4a61b45adc42ff8de0b97e) Importer(2089858483,b0f066a214c2f5e87bad3c948f4d605d)
Start importing Assets/Palmov Island/Low Poly Atmospheric Locations Pack/Models/Trees using Guid(e4420e600b4a61b45adc42ff8de0b97e) Importer(2089858483,b0f066a214c2f5e87bad3c948f4d605d) (ScriptedImporter) -> (Import Result ID: 'b15a2cbe2cd3f8e646c3b7379134d861') in 0.0666971 seconds [static and dynamic dependencies]. Details - ImportResultOutputID=b9ad576be28678ed2dcbddd74f3b5b4c DependenciesID=67bb0626ce82ef8312b8e32bf79fce35 StaticDependenciesID=284005d01f622ed8023f32ad61b2905f 
Number of updated asset objects reloaded before import = 0Number of asset objects unloaded after import = 1

========================================================================
Received Import Request.
  Time since last request: 0.000025 seconds.
  path: Assets/Palmov Island/Low Poly Atmospheric Locations Pack/Models/Stones/Stones winter small/stone winter small 5.fbx
  importAddress: Guid(59ef1d4b08a797f41a4fc032b2363535) Importer(2089858483,b0f066a214c2f5e87bad3c948f4d605d)
Start importing Assets/Palmov Island/Low Poly Atmospheric Locations Pack/Models/Stones/Stones winter small/stone winter small 5.fbx using Guid(59ef1d4b08a797f41a4fc032b2363535) Importer(2089858483,b0f066a214c2f5e87bad3c948f4d605d) (ScriptedImporter) -> (Import Result ID: '3d20904d37cdeef3767b33c8d502d08c') in 0.1024124 seconds [static and dynamic dependencies]. Details - ImportResultOutputID=4524accb2ce5b54df52b2ee9bae5ae29 DependenciesID=310cf73d3235270882bf15b73d32e2ed StaticDependenciesID=bfb49058bc5cc6b40ec58a9dc1b5c8f3 
Number of updated asset objects reloaded before import = 0Number of asset objects unloaded after import = 8

========================================================================
Received Import Request.
  Time since last request: 0.000027 seconds.
  path: Assets/Palmov Island/Low Poly Atmospheric Locations Pack/Prefabs/Stones/Desert stones
  importAddress: Guid(24b8a7ba2755a2746965658fe57a137d) Importer(2089858483,b0f066a214c2f5e87bad3c948f4d605d)
Start importing Assets/Palmov Island/Low Poly Atmospheric Locations Pack/Prefabs/Stones/Desert stones using Guid(24b8a7ba2755a2746965658fe57a137d) Importer(2089858483,b0f066a214c2f5e87bad3c948f4d605d) (ScriptedImporter) -> (Import Result ID: '816cea8adbbb5123d205c2b98ecba5c6') in 0.0101773 seconds [static and dynamic dependencies]. Details - ImportResultOutputID=aa2294de09cb309a30b1ed4fd90a07bb DependenciesID=f157468426bf676dbecfb41122ab9400 StaticDependenciesID=49465321abb74d0402a7255e9b55a46b 
Number of updated asset objects reloaded before import = 0Number of asset objects unloaded after import = 1

========================================================================
Received Import Request.
  Time since last request: 0.000019 seconds.
  path: Assets/Palmov Island/Low Poly Atmospheric Locations Pack/Models/Environment/Camping environment/cauldron.fbx
  importAddress: Guid(50899f51bf554fb4aa19b6124d449479) Importer(2089858483,b0f066a214c2f5e87bad3c948f4d605d)
Start importing Assets/Palmov Island/Low Poly Atmospheric Locations Pack/Models/Environment/Camping environment/cauldron.fbx using Guid(50899f51bf554fb4aa19b6124d449479) Importer(2089858483,b0f066a214c2f5e87bad3c948f4d605d) (ScriptedImporter) -> (Import Result ID: 'ea91fd825abe6a252a24b43054252d48') in 0.0203423 seconds [static and dynamic dependencies]. Details - ImportResultOutputID=b799dc91f98803e35b6eac6ef6c52659 DependenciesID=113ca44769bf9bcbcd2c5c1e3a6d7976 StaticDependenciesID=2e4986dac72c9c7b7af66662b4679af1 
Number of updated asset objects reloaded before import = 0Number of asset objects unloaded after import = 8

========================================================================
Received Import Request.
  Time since last request: 0.000018 seconds.
  path: Assets/Palmov Island/Low Poly Atmospheric Locations Pack/Scenes/Location space shuttle launch.unity
  importAddress: Guid(29af4f9c9a206574983966cb3b83771e) Importer(2089858483,b0f066a214c2f5e87bad3c948f4d605d)
Start importing Assets/Palmov Island/Low Poly Atmospheric Locations Pack/Scenes/Location space shuttle launch.unity using Guid(29af4f9c9a206574983966cb3b83771e) Importer(2089858483,b0f066a214c2f5e87bad3c948f4d605d) (ScriptedImporter) -> (Import Result ID: '2531dd18f329f713fd551e2ad9bbeb9a') in 0.0106471 seconds [static and dynamic dependencies]. Details - ImportResultOutputID=95b59217f37099f6bc203f341248eacd DependenciesID=818356a753b67190999e75ff31f9cd6c StaticDependenciesID=9db29cc5484956961098b304818f3485 
Number of updated asset objects reloaded before import = 0Number of asset objects unloaded after import = 1

========================================================================
Received Import Request.
  Time since last request: 0.000021 seconds.
  path: Assets/Palmov Island/Low Poly Atmospheric Locations Pack/Prefabs/Environment/Camping environment/wooden pendant.prefab
  importAddress: Guid(83e12acfde0797044a103b3a93f44a48) Importer(2089858483,b0f066a214c2f5e87bad3c948f4d605d)
Start importing Assets/Palmov Island/Low Poly Atmospheric Locations Pack/Prefabs/Environment/Camping environment/wooden pendant.prefab using Guid(83e12acfde0797044a103b3a93f44a48) Importer(2089858483,b0f066a214c2f5e87bad3c948f4d605d) (ScriptedImporter) -> (Import Result ID: 'c7bfb8d61bea8bf8f649680470a6781e') in 0.0161393 seconds [static and dynamic dependencies]. Details - ImportResultOutputID=4cbf4e9904c1619fa8a8bf1db2106029 DependenciesID=88d8d555cb8bd3637a2712b14e995701 StaticDependenciesID=279b6fe72db02729084f939baa5b0643 
Number of updated asset objects reloaded before import = 0Number of asset objects unloaded after import = 8

========================================================================
Received Import Request.
  Time since last request: 0.000025 seconds.
  path: Assets/Palmov Island/Low Poly Atmospheric Locations Pack/Prefabs/Location with environment/soccer field with environment.prefab
  importAddress: Guid(f3059fe87515fa740afe2ac7e9819671) Importer(2089858483,b0f066a214c2f5e87bad3c948f4d605d)
Start importing Assets/Palmov Island/Low Poly Atmospheric Locations Pack/Prefabs/Location with environment/soccer field with environment.prefab using Guid(f3059fe87515fa740afe2ac7e9819671) Importer(2089858483,b0f066a214c2f5e87bad3c948f4d605d) (ScriptedImporter) -> (Import Result ID: '268f9e917a6c96b49865d115bd103934') in 0.015973 seconds [static and dynamic dependencies]. Details - ImportResultOutputID=4bde7e3435c9ff6a39c0b9e516a929ed DependenciesID=2e4c87ac738c16a19f08ba21447057f5 StaticDependenciesID=51025dd8bb381ae42fe11552aa3d8134 
Number of updated asset objects reloaded before import = 0Number of asset objects unloaded after import = 226

========================================================================
Received Import Request.
  Time since last request: 0.000018 seconds.
  path: Assets/Palmov Island/Low Poly Atmospheric Locations Pack/Prefabs/Plants/Grass/grass.prefab
  importAddress: Guid(dfc3b9aa0c0efaa46a8540921ad0eae4) Importer(2089858483,b0f066a214c2f5e87bad3c948f4d605d)
Start importing Assets/Palmov Island/Low Poly Atmospheric Locations Pack/Prefabs/Plants/Grass/grass.prefab using Guid(dfc3b9aa0c0efaa46a8540921ad0eae4) Importer(2089858483,b0f066a214c2f5e87bad3c948f4d605d) (ScriptedImporter) -> (Import Result ID: 'ede457feaea410670c28cfc2b7ee7e44') in 0.0161181 seconds [static and dynamic dependencies]. Details - ImportResultOutputID=75e1876ba4189d468485c202b9bc8cdb DependenciesID=4d965adf287504349a58c86bc4f52b55 StaticDependenciesID=60ce3f82ff7a3babbb3de3c18e5c93c4 
Number of updated asset objects reloaded before import = 0Number of asset objects unloaded after import = 9

========================================================================
Received Import Request.
  Time since last request: 0.000018 seconds.
  path: Assets/Palmov Island/Low Poly Atmospheric Locations Pack/Models/Environment/Winter environment/christmas wreath.fbx
  importAddress: Guid(fd78657d3b5ca664198235f8ad5e8114) Importer(2089858483,b0f066a214c2f5e87bad3c948f4d605d)
Start importing Assets/Palmov Island/Low Poly Atmospheric Locations Pack/Models/Environment/Winter environment/christmas wreath.fbx using Guid(fd78657d3b5ca664198235f8ad5e8114) Importer(2089858483,b0f066a214c2f5e87bad3c948f4d605d) (ScriptedImporter) -> (Import Result ID: '84d78db2fab6ec80b609651a38da1add') in 0.0195101 seconds [static and dynamic dependencies]. Details - ImportResultOutputID=31c58d8570f3d09c2a758e4089d5f814 DependenciesID=b42e69dbace91225986c1f2388e39dc5 StaticDependenciesID=1ea93043128caaddc79d153252d7aa15 
Number of updated asset objects reloaded before import = 0Number of asset objects unloaded after import = 8

========================================================================
Received Import Request.
  Time since last request: 0.000022 seconds.
  path: Assets/Palmov Island/Low Poly Atmospheric Locations Pack/Prefabs/Environment/Sports environment/stadium lighting.prefab
  importAddress: Guid(7d63a77374fc398439c1a897b8a72f79) Importer(2089858483,b0f066a214c2f5e87bad3c948f4d605d)
Start importing Assets/Palmov Island/Low Poly Atmospheric Locations Pack/Prefabs/Environment/Sports environment/stadium lighting.prefab using Guid(7d63a77374fc398439c1a897b8a72f79) Importer(2089858483,b0f066a214c2f5e87bad3c948f4d605d) (ScriptedImporter) -> (Import Result ID: 'fd79e0f92e37464098ba8a1cee6e48e5') in 0.0149825 seconds [static and dynamic dependencies]. Details - ImportResultOutputID=14bf532e769d64a6b7515a7787800523 DependenciesID=3782d4ccc9e8f5202501eab699671025 StaticDependenciesID=7218d0b1b6d9ea1d7f48d7be312c77d8 
Number of updated asset objects reloaded before import = 0Number of asset objects unloaded after import = 9

========================================================================
Received Import Request.
  Time since last request: 0.000033 seconds.
  path: Assets/Palmov Island/Low Poly Atmospheric Locations Pack/Prefabs/Trees/Palm trees/palm tree large.prefab
  importAddress: Guid(0e2c96882afbf9a438cece859507ce3f) Importer(2089858483,b0f066a214c2f5e87bad3c948f4d605d)
Start importing Assets/Palmov Island/Low Poly Atmospheric Locations Pack/Prefabs/Trees/Palm trees/palm tree large.prefab using Guid(0e2c96882afbf9a438cece859507ce3f) Importer(2089858483,b0f066a214c2f5e87bad3c948f4d605d) (ScriptedImporter) -> (Import Result ID: '60c9571d7a19d1c561bf43f8491586b5') in 0.0159919 seconds [static and dynamic dependencies]. Details - ImportResultOutputID=25485d313282e8d94c4f97d4779a1200 DependenciesID=ab833a7e4cc1586ecff5739712e4597b StaticDependenciesID=8824f9b26e7211a70df5e01d624e9979 
Number of updated asset objects reloaded before import = 0Number of asset objects unloaded after import = 9

========================================================================
Received Import Request.
  Time since last request: 0.000023 seconds.
  path: Assets/Palmov Island/Low Poly Atmospheric Locations Pack/Models/Environment/Camping environment/bonfire.fbx
  importAddress: Guid(40a64d1c33dfe574e8be9e97cdedf7b4) Importer(2089858483,b0f066a214c2f5e87bad3c948f4d605d)
Start importing Assets/Palmov Island/Low Poly Atmospheric Locations Pack/Models/Environment/Camping environment/bonfire.fbx using Guid(40a64d1c33dfe574e8be9e97cdedf7b4) Importer(2089858483,b0f066a214c2f5e87bad3c948f4d605d) (ScriptedImporter) -> (Import Result ID: 'fbdf1c55f7483a71e43e00983cf29de8') in 0.018752 seconds [static and dynamic dependencies]. Details - ImportResultOutputID=4a9bade660fd8b09bf5f69731a066180 DependenciesID=32e176a97ac4028d78552f07a2195da0 StaticDependenciesID=e2a02d8d1baa3fbde8aafc3bb2d89474 
Number of updated asset objects reloaded before import = 0Number of asset objects unloaded after import = 8

========================================================================
Received Import Request.
  Time since last request: 0.000017 seconds.
  path: Assets/Palmov Island/Low Poly Atmospheric Locations Pack/Models/Animals/horse brown.fbx
  importAddress: Guid(b4adbe87e629d5f47b792f26ce2349bc) Importer(2089858483,b0f066a214c2f5e87bad3c948f4d605d)
Start importing Assets/Palmov Island/Low Poly Atmospheric Locations Pack/Models/Animals/horse brown.fbx using Guid(b4adbe87e629d5f47b792f26ce2349bc) Importer(2089858483,b0f066a214c2f5e87bad3c948f4d605d) (ScriptedImporter) -> (Import Result ID: '74a38f7186605137162eb57911b20e30') in 0.0168103 seconds [static and dynamic dependencies]. Details - ImportResultOutputID=508138a7d12a8584119ee8a8bb7ff500 DependenciesID=483e381ce3ad7735ddcb8ce087be40e1 StaticDependenciesID=b4b3db5c8312d894d67cfa2fdd89d9aa 
Number of updated asset objects reloaded before import = 0Number of asset objects unloaded after import = 8

========================================================================
Received Import Request.
  Time since last request: 0.000021 seconds.
  path: Assets/Palmov Island/Low Poly Atmospheric Locations Pack/Textures/texture main.png
  importAddress: Guid(447021d2661bfb04da23353e3ddd9cb9) Importer(2089858483,b0f066a214c2f5e87bad3c948f4d605d)
Start importing Assets/Palmov Island/Low Poly Atmospheric Locations Pack/Textures/texture main.png using Guid(447021d2661bfb04da23353e3ddd9cb9) Importer(2089858483,b0f066a214c2f5e87bad3c948f4d605d) (ScriptedImporter) -> (Import Result ID: 'afc0aee0da816cbf55ace540a798d3ae') in 0.0528044 seconds [static and dynamic dependencies]. Details - ImportResultOutputID=5c8b171fa7b138505b8850a92d0f8158 DependenciesID=2c33e9c86b3bdbe0e24f2d38586a8f4a StaticDependenciesID=018f6c4d9c4c89492bbfa378c18a1d08 
Number of updated asset objects reloaded before import = 0Number of asset objects unloaded after import = 1

========================================================================
Received Import Request.
  Time since last request: 0.000030 seconds.
  path: Assets/Palmov Island/Low Poly Atmospheric Locations Pack/Models/Stones/Stones small/stone small 6.fbx
  importAddress: Guid(3dd7d09cb3d186649a26bbc9b200a5de) Importer(2089858483,b0f066a214c2f5e87bad3c948f4d605d)
Start importing Assets/Palmov Island/Low Poly Atmospheric Locations Pack/Models/Stones/Stones small/stone small 6.fbx using Guid(3dd7d09cb3d186649a26bbc9b200a5de) Importer(2089858483,b0f066a214c2f5e87bad3c948f4d605d) (ScriptedImporter) -> (Import Result ID: 'a37f22e58a032b2f1bdd851dfc448166') in 0.01952 seconds [static and dynamic dependencies]. Details - ImportResultOutputID=fdbd3adc7ba405656e5ee5d2ba6ef245 DependenciesID=0dd4d6d0eb7005e899f3e9f8188fce79 StaticDependenciesID=0f7fdabc517254a1389fa93c08b67b84 
Number of updated asset objects reloaded before import = 0Number of asset objects unloaded after import = 8

========================================================================
Received Import Request.
  Time since last request: 0.000019 seconds.
  path: Assets/Palmov Island/Low Poly Atmospheric Locations Pack/Models/Vehicles/boat.fbx
  importAddress: Guid(014107f31cdb45742926accaf99f944b) Importer(2089858483,b0f066a214c2f5e87bad3c948f4d605d)
Start importing Assets/Palmov Island/Low Poly Atmospheric Locations Pack/Models/Vehicles/boat.fbx using Guid(014107f31cdb45742926accaf99f944b) Importer(2089858483,b0f066a214c2f5e87bad3c948f4d605d) (ScriptedImporter) -> (Import Result ID: 'bfb2c0101f3601bc73a92ec0349f7599') in 0.018311 seconds [static and dynamic dependencies]. Details - ImportResultOutputID=7d3793508d424b3738f57dd39f14d56f DependenciesID=c31ec2a0a8efa94dfebb1e67f466cd23 StaticDependenciesID=1873261bd1c368453fcf63f0959306c9 
Number of updated asset objects reloaded before import = 0Number of asset objects unloaded after import = 8

========================================================================
Received Import Request.
  Time since last request: 0.000021 seconds.
  path: Assets/Palmov Island/Low Poly Atmospheric Locations Pack/Models/Environment/Pyramids
  importAddress: Guid(e66819fbe8dbce341bd4df1612848b5d) Importer(2089858483,b0f066a214c2f5e87bad3c948f4d605d)
Start importing Assets/Palmov Island/Low Poly Atmospheric Locations Pack/Models/Environment/Pyramids using Guid(e66819fbe8dbce341bd4df1612848b5d) Importer(2089858483,b0f066a214c2f5e87bad3c948f4d605d) (ScriptedImporter) -> (Import Result ID: '379538a9e8f29aa32936859896faa6ad') in 0.0090042 seconds [static and dynamic dependencies]. Details - ImportResultOutputID=b3c2b3dd3fbb496c1b9a24832a5235b8 DependenciesID=51e16b36ad3189de6976a54af02459ef StaticDependenciesID=e0d45cc081074b53eff99c6a3a2ee66a 
Number of updated asset objects reloaded before import = 0Number of asset objects unloaded after import = 1

========================================================================
Received Import Request.
  Time since last request: 0.000021 seconds.
  path: Assets/Palmov Island/Low Poly Atmospheric Locations Pack/Prefabs/Stones/Stones winter small/stone winter small 4.prefab
  importAddress: Guid(309006272775a284cb304091d91f6697) Importer(2089858483,b0f066a214c2f5e87bad3c948f4d605d)
Start importing Assets/Palmov Island/Low Poly Atmospheric Locations Pack/Prefabs/Stones/Stones winter small/stone winter small 4.prefab using Guid(309006272775a284cb304091d91f6697) Importer(2089858483,b0f066a214c2f5e87bad3c948f4d605d) (ScriptedImporter) -> (Import Result ID: '50d9b01789ecd41814c252be6939acd6') in 0.014072 seconds [static and dynamic dependencies]. Details - ImportResultOutputID=446ff6c3807a4ce9f1f4b64dfd98028a DependenciesID=2b70516957737b1606338147b0f41a8f StaticDependenciesID=fed50692db8e4e8ea449f9ad2bed4627 
Number of updated asset objects reloaded before import = 0Number of asset objects unloaded after import = 9

========================================================================
Received Import Request.
  Time since last request: 0.000025 seconds.
  path: Assets/Palmov Island/Low Poly Atmospheric Locations Pack/Models/Stones/Stones large brown/stone large brown 2.fbx
  importAddress: Guid(917fbc47b48e8b54cb4a31d8fbd8b168) Importer(2089858483,b0f066a214c2f5e87bad3c948f4d605d)
Start importing Assets/Palmov Island/Low Poly Atmospheric Locations Pack/Models/Stones/Stones large brown/stone large brown 2.fbx using Guid(917fbc47b48e8b54cb4a31d8fbd8b168) Importer(2089858483,b0f066a214c2f5e87bad3c948f4d605d) (ScriptedImporter) -> (Import Result ID: 'a83e36d1c0c2450f284b17f1dc8db8e9') in 0.0186529 seconds [static and dynamic dependencies]. Details - ImportResultOutputID=351511ba201361f4018d0083e6e1185f DependenciesID=c2f6112bbc90bbbfb11a0d579b1a401b StaticDependenciesID=9f56cec3f409c1411119eaaf3a5065f7 
Number of updated asset objects reloaded before import = 0Number of asset objects unloaded after import = 8

========================================================================
Received Import Request.
  Time since last request: 0.000013 seconds.
  path: Assets/Palmov Island/Low Poly Atmospheric Locations Pack/Models/Stones/Stones small gray blue/stone small gray blue 2.fbx
  importAddress: Guid(2b3141fad648c9743b31c8f9ff9abed2) Importer(2089858483,b0f066a214c2f5e87bad3c948f4d605d)
Start importing Assets/Palmov Island/Low Poly Atmospheric Locations Pack/Models/Stones/Stones small gray blue/stone small gray blue 2.fbx using Guid(2b3141fad648c9743b31c8f9ff9abed2) Importer(2089858483,b0f066a214c2f5e87bad3c948f4d605d) (ScriptedImporter) -> (Import Result ID: '3a45d6f080d65d267d0da65f6250dea1') in 0.0168467 seconds [static and dynamic dependencies]. Details - ImportResultOutputID=6b0443aa45bbac08b278cfaeb59c995c DependenciesID=60bb219fc8499aeffc483f61158d26f1 StaticDependenciesID=31ad7dc3b8bb2535d19e516a7a43484a 
Number of updated asset objects reloaded before import = 0Number of asset objects unloaded after import = 8

========================================================================
Received Import Request.
  Time since last request: 0.000016 seconds.
  path: Assets/Palmov Island/Low Poly Atmospheric Locations Pack/Prefabs/Environment/Winter environment/Christmas balls/ball blue.prefab
  importAddress: Guid(a01ca05490854fc4590cf6a35b3582a8) Importer(2089858483,b0f066a214c2f5e87bad3c948f4d605d)
Start importing Assets/Palmov Island/Low Poly Atmospheric Locations Pack/Prefabs/Environment/Winter environment/Christmas balls/ball blue.prefab using Guid(a01ca05490854fc4590cf6a35b3582a8) Importer(2089858483,b0f066a214c2f5e87bad3c948f4d605d) (ScriptedImporter) -> (Import Result ID: '03f42daf31835752e3cb4e7a9d5db71e') in 0.0140076 seconds [static and dynamic dependencies]. Details - ImportResultOutputID=9e1ed2595c0be60b2ba8294fe2f9352f DependenciesID=0ed6a936fa0070a28ecc8b5d1d77f145 StaticDependenciesID=f177f9687de422e6e372322aa5cc85bd 
Number of updated asset objects reloaded before import = 0Number of asset objects unloaded after import = 9

========================================================================
Received Import Request.
  Time since last request: 0.000020 seconds.
  path: Assets/Palmov Island/Low Poly Atmospheric Locations Pack/Models/Trees/Fir trees winter
  importAddress: Guid(63ed7180f420595408a0f2f6378b0383) Importer(2089858483,b0f066a214c2f5e87bad3c948f4d605d)
Start importing Assets/Palmov Island/Low Poly Atmospheric Locations Pack/Models/Trees/Fir trees winter using Guid(63ed7180f420595408a0f2f6378b0383) Importer(2089858483,b0f066a214c2f5e87bad3c948f4d605d) (ScriptedImporter) -> (Import Result ID: '33263dbb00c8de86d8b0bb006542705f') in 0.0102568 seconds [static and dynamic dependencies]. Details - ImportResultOutputID=1ed27e7da5967e45f934e672d2356a14 DependenciesID=ae15f4f9ec7c8d1935b6cafcbb2d0c7c StaticDependenciesID=4e28376be554871175eaf53a177fd419 
Number of updated asset objects reloaded before import = 0Number of asset objects unloaded after import = 1

========================================================================
Received Import Request.
  Time since last request: 0.000028 seconds.
  path: Assets/Palmov Island/Low Poly Atmospheric Locations Pack/Prefabs/Stones/Stones flat brown/stone flat brown 3.prefab
  importAddress: Guid(7c6397bbe352fc84ca8d69f41e1eb4be) Importer(2089858483,b0f066a214c2f5e87bad3c948f4d605d)
Start importing Assets/Palmov Island/Low Poly Atmospheric Locations Pack/Prefabs/Stones/Stones flat brown/stone flat brown 3.prefab using Guid(7c6397bbe352fc84ca8d69f41e1eb4be) Importer(2089858483,b0f066a214c2f5e87bad3c948f4d605d) (ScriptedImporter) -> (Import Result ID: 'f20748f2aef7593496c27c5013eb7906') in 0.0154607 seconds [static and dynamic dependencies]. Details - ImportResultOutputID=bba60aa5440c24ef8f4bb713f99d22c4 DependenciesID=2d2874033ca9869f331664289bf9e82a StaticDependenciesID=2bcb8e409e35d9b9eacd514663af9cac 
Number of updated asset objects reloaded before import = 0Number of asset objects unloaded after import = 9

========================================================================
Received Import Request.
  Time since last request: 0.000013 seconds.
  path: Assets/Palmov Island/Low Poly Atmospheric Locations Pack/Models/Stones/Stones small gray blue/stone small gray blue.fbx
  importAddress: Guid(cbb9b187d5001ad42a47ae6c2ddeb628) Importer(2089858483,b0f066a214c2f5e87bad3c948f4d605d)
Start importing Assets/Palmov Island/Low Poly Atmospheric Locations Pack/Models/Stones/Stones small gray blue/stone small gray blue.fbx using Guid(cbb9b187d5001ad42a47ae6c2ddeb628) Importer(2089858483,b0f066a214c2f5e87bad3c948f4d605d) (ScriptedImporter) -> (Import Result ID: '1c814faf851f7a55d3aff595e653d806') in 0.0176417 seconds [static and dynamic dependencies]. Details - ImportResultOutputID=cac9df9fafb0d571660bb9f4aa49bff7 DependenciesID=869d2bc619d8499f0ade481284f211a2 StaticDependenciesID=72edb48b34e0ff33cdafa6b2c1c5443f 
Number of updated asset objects reloaded before import = 0Number of asset objects unloaded after import = 8

========================================================================
Received Import Request.
  Time since last request: 0.000015 seconds.
  path: Assets/Palmov Island/Low Poly Atmospheric Locations Pack/Models/Lands/land soccer field.fbx
  importAddress: Guid(be9e8cebf36976447866a0bcbe35764d) Importer(2089858483,b0f066a214c2f5e87bad3c948f4d605d)
Start importing Assets/Palmov Island/Low Poly Atmospheric Locations Pack/Models/Lands/land soccer field.fbx using Guid(be9e8cebf36976447866a0bcbe35764d) Importer(2089858483,b0f066a214c2f5e87bad3c948f4d605d) (ScriptedImporter) -> (Import Result ID: '79711eb00d7d4ec61d4287abf3e3488b') in 0.0153682 seconds [static and dynamic dependencies]. Details - ImportResultOutputID=4a9d5f5a4f03e573b1023b43e83d966c DependenciesID=cfb590629facabaa46b0d42c2a003f0f StaticDependenciesID=6fe5e49c85a103aad2b38d27cb967283 
Number of updated asset objects reloaded before import = 0Number of asset objects unloaded after import = 8

========================================================================
Received Import Request.
  Time since last request: 0.000018 seconds.
  path: Assets/Palmov Island/Low Poly Atmospheric Locations Pack/Prefabs/Environment/Sports environment/soccer goal.prefab
  importAddress: Guid(0778b0a253b1f2642bdc0fe098542888) Importer(2089858483,b0f066a214c2f5e87bad3c948f4d605d)
Start importing Assets/Palmov Island/Low Poly Atmospheric Locations Pack/Prefabs/Environment/Sports environment/soccer goal.prefab using Guid(0778b0a253b1f2642bdc0fe098542888) Importer(2089858483,b0f066a214c2f5e87bad3c948f4d605d) (ScriptedImporter) -> (Import Result ID: '6c9655f1e04e1f956a0b2dae6b13ad6e') in 0.0158269 seconds [static and dynamic dependencies]. Details - ImportResultOutputID=745a91b960e756857e779827c6c80160 DependenciesID=d4c351251a0730a2ad0ee3288c442ecd StaticDependenciesID=1e93e3daa83d91d10027ddd65f5e5d1b 
Number of updated asset objects reloaded before import = 0Number of asset objects unloaded after import = 9

========================================================================
Received Import Request.
  Time since last request: 0.000025 seconds.
  path: Assets/Palmov Island/Low Poly Atmospheric Locations Pack/Prefabs/Lands/land space shuttle launch.prefab
  importAddress: Guid(a0fe72521b524854e8078ba1caf0c152) Importer(2089858483,b0f066a214c2f5e87bad3c948f4d605d)
Start importing Assets/Palmov Island/Low Poly Atmospheric Locations Pack/Prefabs/Lands/land space shuttle launch.prefab using Guid(a0fe72521b524854e8078ba1caf0c152) Importer(2089858483,b0f066a214c2f5e87bad3c948f4d605d) (ScriptedImporter) -> (Import Result ID: '8df09fb16548b6499f08b4a8dfeadbbb') in 0.0147226 seconds [static and dynamic dependencies]. Details - ImportResultOutputID=c9591f09a1b94d32e98a5ff8c65d8aeb DependenciesID=9078c222ffa4621be142124c17ca69f3 StaticDependenciesID=b034caf81486d99f59010fc7ac7c3bc3 
Number of updated asset objects reloaded before import = 0Number of asset objects unloaded after import = 9

========================================================================
Received Import Request.
  Time since last request: 0.000017 seconds.
  path: Assets/Palmov Island/Low Poly Atmospheric Locations Pack/Models/Vehicles/japanese boat.fbx
  importAddress: Guid(3f2f14930158bbb4eb74cfe861245b6b) Importer(2089858483,b0f066a214c2f5e87bad3c948f4d605d)
Start importing Assets/Palmov Island/Low Poly Atmospheric Locations Pack/Models/Vehicles/japanese boat.fbx using Guid(3f2f14930158bbb4eb74cfe861245b6b) Importer(2089858483,b0f066a214c2f5e87bad3c948f4d605d) (ScriptedImporter) -> (Import Result ID: '3d2b744d3d8f6a09cc7f387eb995b4bf') in 0.0156597 seconds [static and dynamic dependencies]. Details - ImportResultOutputID=2b68a459bde4aef2621672213d3290ce DependenciesID=f7caee802bfbd12a0faea904023923bd StaticDependenciesID=3e960f07b16f8dcd60eba54e708c2603 
Number of updated asset objects reloaded before import = 0Number of asset objects unloaded after import = 8

========================================================================
Received Import Request.
  Time since last request: 0.000014 seconds.
  path: Assets/Palmov Island/Low Poly Atmospheric Locations Pack/Models/Environment/Winter environment/Christmas balls/ball gray.fbx
  importAddress: Guid(52b178eb3968cdf48af9815fb548279c) Importer(2089858483,b0f066a214c2f5e87bad3c948f4d605d)
Start importing Assets/Palmov Island/Low Poly Atmospheric Locations Pack/Models/Environment/Winter environment/Christmas balls/ball gray.fbx using Guid(52b178eb3968cdf48af9815fb548279c) Importer(2089858483,b0f066a214c2f5e87bad3c948f4d605d) (ScriptedImporter) -> (Import Result ID: '24e3fb1c1115e4ac618ffbf11366c7e2') in 0.0172641 seconds [static and dynamic dependencies]. Details - ImportResultOutputID=76999e375269712c0d49d4b89d7ee935 DependenciesID=16aa62995dea6edc007529a1cc8708fa StaticDependenciesID=7f71c0d5d6148fa2f6ed678103665b0f 
Number of updated asset objects reloaded before import = 0Number of asset objects unloaded after import = 8

========================================================================
Received Import Request.
  Time since last request: 0.000016 seconds.
  path: Assets/Palmov Island/Low Poly Atmospheric Locations Pack/Prefabs/Houses/Buildings/building 3.prefab
  importAddress: Guid(76bacfd4206e862408cb8d500e4e99a1) Importer(2089858483,b0f066a214c2f5e87bad3c948f4d605d)
Start importing Assets/Palmov Island/Low Poly Atmospheric Locations Pack/Prefabs/Houses/Buildings/building 3.prefab using Guid(76bacfd4206e862408cb8d500e4e99a1) Importer(2089858483,b0f066a214c2f5e87bad3c948f4d605d) (ScriptedImporter) -> (Import Result ID: '05bf7a1a0f8337ba148c2e01b733a755') in 0.0155363 seconds [static and dynamic dependencies]. Details - ImportResultOutputID=709c9b447cb3705930b86e28b21dcbca DependenciesID=8936c9d753d3720bf4d7d7137f595768 StaticDependenciesID=9e6d7dc79b652bb42b83288fa0770fa7 
Number of updated asset objects reloaded before import = 0Number of asset objects unloaded after import = 8

========================================================================
Received Import Request.
  Time since last request: 0.000026 seconds.
  path: Assets/Palmov Island/Low Poly Atmospheric Locations Pack/Textures
  importAddress: Guid(0b8f002959d38af4e80ddf8f122c942d) Importer(2089858483,b0f066a214c2f5e87bad3c948f4d605d)
Start importing Assets/Palmov Island/Low Poly Atmospheric Locations Pack/Textures using Guid(0b8f002959d38af4e80ddf8f122c942d) Importer(2089858483,b0f066a214c2f5e87bad3c948f4d605d) (ScriptedImporter) -> (Import Result ID: '2e18dcdbdc85aba930259125eb6b7ece') in 0.0090984 seconds [static and dynamic dependencies]. Details - ImportResultOutputID=feda660abd27e19501e8d74d2ed69f1f DependenciesID=78c81f22e54ef607797c6af9b77bcc28 StaticDependenciesID=59c242502259a1c37c904dda8c547333 
Number of updated asset objects reloaded before import = 0Number of asset objects unloaded after import = 1

========================================================================
Received Import Request.
  Time since last request: 0.000014 seconds.
  path: Assets/Palmov Island/Low Poly Atmospheric Locations Pack/Prefabs/Plants/Grass
  importAddress: Guid(f0854656b2d9bca428815ed061d2e405) Importer(2089858483,b0f066a214c2f5e87bad3c948f4d605d)
Start importing Assets/Palmov Island/Low Poly Atmospheric Locations Pack/Prefabs/Plants/Grass using Guid(f0854656b2d9bca428815ed061d2e405) Importer(2089858483,b0f066a214c2f5e87bad3c948f4d605d) (ScriptedImporter) -> (Import Result ID: '9bdf2ed6fd753bf43be2025c4d46f1a3') in 0.0087012 seconds [static and dynamic dependencies]. Details - ImportResultOutputID=495b8c171c7e9d4d25b2f5bcfe728185 DependenciesID=c35d63954599f473cba9b7f4bbef14e6 StaticDependenciesID=02a26f43b8265a03c9024a19b402fbc0 
Number of updated asset objects reloaded before import = 0Number of asset objects unloaded after import = 1

========================================================================
Received Import Request.
  Time since last request: 0.000014 seconds.
  path: Assets/Palmov Island/Low Poly Atmospheric Locations Pack/Prefabs/Stones/Stones small/stone small 3.prefab
  importAddress: Guid(fd2424d7228bc6342836a3ba5330121e) Importer(2089858483,b0f066a214c2f5e87bad3c948f4d605d)
Start importing Assets/Palmov Island/Low Poly Atmospheric Locations Pack/Prefabs/Stones/Stones small/stone small 3.prefab using Guid(fd2424d7228bc6342836a3ba5330121e) Importer(2089858483,b0f066a214c2f5e87bad3c948f4d605d) (ScriptedImporter) -> (Import Result ID: 'cadef7351dfb36e202ff94abb175c3b3') in 0.0120718 seconds [static and dynamic dependencies]. Details - ImportResultOutputID=4b6b646354999a5252c2fd97f90d5d3f DependenciesID=175ce8d339fed80a190a0989d0928ade StaticDependenciesID=6c106f92b6019a3ad3ca8d0584b5b966 
Number of updated asset objects reloaded before import = 0Number of asset objects unloaded after import = 8

========================================================================
Received Import Request.
  Time since last request: 0.000016 seconds.
  path: Assets/Palmov Island/Low Poly Atmospheric Locations Pack/Models/Stones/Desert stones
  importAddress: Guid(0e05e11805e14fc47884f151966c2317) Importer(2089858483,b0f066a214c2f5e87bad3c948f4d605d)
Start importing Assets/Palmov Island/Low Poly Atmospheric Locations Pack/Models/Stones/Desert stones using Guid(0e05e11805e14fc47884f151966c2317) Importer(2089858483,b0f066a214c2f5e87bad3c948f4d605d) (ScriptedImporter) -> (Import Result ID: '9ea456795ea962a722e4f19ae88cc03d') in 0.0091989 seconds [static and dynamic dependencies]. Details - ImportResultOutputID=a781aea532cf36ed7b5ef190d315d2bb DependenciesID=59277b2656beb433ffe046c4ed57211d StaticDependenciesID=4262106e34e7fc6172f05ef24478b064 
Number of updated asset objects reloaded before import = 0Number of asset objects unloaded after import = 1

========================================================================
Received Import Request.
  Time since last request: 0.000030 seconds.
  path: Assets/Palmov Island/Low Poly Atmospheric Locations Pack/Models/Environment/information post.fbx
  importAddress: Guid(d5baf677534b54443bc16c6ac329520d) Importer(2089858483,b0f066a214c2f5e87bad3c948f4d605d)
Start importing Assets/Palmov Island/Low Poly Atmospheric Locations Pack/Models/Environment/information post.fbx using Guid(d5baf677534b54443bc16c6ac329520d) Importer(2089858483,b0f066a214c2f5e87bad3c948f4d605d) (ScriptedImporter) -> (Import Result ID: '4f5060f0b5061043b5db793a272443e1') in 0.0158893 seconds [static and dynamic dependencies]. Details - ImportResultOutputID=41273a813aea9365010bfbb233ca0c45 DependenciesID=446655acabeaa5710fc0363f358a8ecd StaticDependenciesID=5f2cf7e8873ac2fcb755e2c4b43ece07 
Number of updated asset objects reloaded before import = 0Number of asset objects unloaded after import = 8

========================================================================
Received Import Request.
  Time since last request: 0.000015 seconds.
  path: Assets/Palmov Island/Low Poly Atmospheric Locations Pack/Prefabs/Houses/japanes temple.prefab
  importAddress: Guid(8c7536eb380866e45a18440ddfe3f716) Importer(2089858483,b0f066a214c2f5e87bad3c948f4d605d)
Start importing Assets/Palmov Island/Low Poly Atmospheric Locations Pack/Prefabs/Houses/japanes temple.prefab using Guid(8c7536eb380866e45a18440ddfe3f716) Importer(2089858483,b0f066a214c2f5e87bad3c948f4d605d) (ScriptedImporter) -> (Import Result ID: '11bcb15bd685e43920c4f76d19e91248') in 0.0134401 seconds [static and dynamic dependencies]. Details - ImportResultOutputID=f8053cc4f3bf02c1122d9686e3d47f18 DependenciesID=6919b32f81f4af57edfd7d3b30edba7f StaticDependenciesID=7662357bec70136460f6d26031ac0d33 
Number of updated asset objects reloaded before import = 0Number of asset objects unloaded after import = 9

========================================================================
Received Import Request.
  Time since last request: 0.000017 seconds.
  path: Assets/Palmov Island/Low Poly Atmospheric Locations Pack/Models/Stones/Stones large brown/stone large brown.fbx
  importAddress: Guid(f02d62948e11fed498b00fd4b20e01d9) Importer(2089858483,b0f066a214c2f5e87bad3c948f4d605d)
Start importing Assets/Palmov Island/Low Poly Atmospheric Locations Pack/Models/Stones/Stones large brown/stone large brown.fbx using Guid(f02d62948e11fed498b00fd4b20e01d9) Importer(2089858483,b0f066a214c2f5e87bad3c948f4d605d) (ScriptedImporter) -> (Import Result ID: '745325d6ef95111431dbe00d42580276') in 0.0165312 seconds [static and dynamic dependencies]. Details - ImportResultOutputID=c08d5dd438da6e40fcfb0bc11c09e484 DependenciesID=cc07b97df34256e905ab34bd99caf834 StaticDependenciesID=f0cede131d540929133474d74a123718 
Number of updated asset objects reloaded before import = 0Number of asset objects unloaded after import = 8

========================================================================
Received Import Request.
  Time since last request: 0.000023 seconds.
  path: Assets/Palmov Island/Low Poly Atmospheric Locations Pack/Models/Lands/land desert pyramids.fbx
  importAddress: Guid(700bbdcc74999b7429393c9c889f23f3) Importer(2089858483,b0f066a214c2f5e87bad3c948f4d605d)
Start importing Assets/Palmov Island/Low Poly Atmospheric Locations Pack/Models/Lands/land desert pyramids.fbx using Guid(700bbdcc74999b7429393c9c889f23f3) Importer(2089858483,b0f066a214c2f5e87bad3c948f4d605d) (ScriptedImporter) -> (Import Result ID: '9461ee4db9a0722e23badb878708a23f') in 0.0162378 seconds [static and dynamic dependencies]. Details - ImportResultOutputID=ab51365291ce3753a4e38dbfeeec0560 DependenciesID=453d520ede6eebe56cb8f0a24cf767d4 StaticDependenciesID=d53043847dd3cf65cc14f632d7d2c8bf 
Number of updated asset objects reloaded before import = 0Number of asset objects unloaded after import = 8

========================================================================
Received Import Request.
  Time since last request: 0.000029 seconds.
  path: Assets/Palmov Island/Low Poly Atmospheric Locations Pack/Prefabs/Plants/Autumn bush plants/autumn bush plant 3.prefab
  importAddress: Guid(35ebf35a79a41bf43b867247f6a67119) Importer(2089858483,b0f066a214c2f5e87bad3c948f4d605d)
Start importing Assets/Palmov Island/Low Poly Atmospheric Locations Pack/Prefabs/Plants/Autumn bush plants/autumn bush plant 3.prefab using Guid(35ebf35a79a41bf43b867247f6a67119) Importer(2089858483,b0f066a214c2f5e87bad3c948f4d605d) (ScriptedImporter) -> (Import Result ID: '4b1989edd8bbb88be4c3620a09104548') in 0.014554 seconds [static and dynamic dependencies]. Details - ImportResultOutputID=a756518b8f3b2fde73e2c884a3412a83 DependenciesID=c2a1dc2dc0bc95d8e3e1b344b25def8b StaticDependenciesID=ee5b71f79ab89c7e87b9da82f56c34d1 
Number of updated asset objects reloaded before import = 0Number of asset objects unloaded after import = 9

========================================================================
Received Import Request.
  Time since last request: 0.000017 seconds.
  path: Assets/Palmov Island/Low Poly Atmospheric Locations Pack/Models/Trees/Autumn fir trees/autumn pine tree small.fbx
  importAddress: Guid(300ee7705c73ed1438667db77ede50a2) Importer(2089858483,b0f066a214c2f5e87bad3c948f4d605d)
Start importing Assets/Palmov Island/Low Poly Atmospheric Locations Pack/Models/Trees/Autumn fir trees/autumn pine tree small.fbx using Guid(300ee7705c73ed1438667db77ede50a2) Importer(2089858483,b0f066a214c2f5e87bad3c948f4d605d) (ScriptedImporter) -> (Import Result ID: '7c3ca2cbecf10249aca3b9f6c330f1c3') in 0.0179083 seconds [static and dynamic dependencies]. Details - ImportResultOutputID=65d0aced76be2efe663ca77846fbee2f DependenciesID=53d464145b22bbe0e53e650a33a1d5bd StaticDependenciesID=d2762371d486ece9dc9278088296558f 
Number of updated asset objects reloaded before import = 0Number of asset objects unloaded after import = 8

========================================================================
Received Import Request.
  Time since last request: 0.000015 seconds.
  path: Assets/Palmov Island/Low Poly Atmospheric Locations Pack/Models/Stones/Stones large
  importAddress: Guid(77419ba18c989f6439cf888eedbd01b3) Importer(2089858483,b0f066a214c2f5e87bad3c948f4d605d)
Start importing Assets/Palmov Island/Low Poly Atmospheric Locations Pack/Models/Stones/Stones large using Guid(77419ba18c989f6439cf888eedbd01b3) Importer(2089858483,b0f066a214c2f5e87bad3c948f4d605d) (ScriptedImporter) -> (Import Result ID: '6960127a2b93bc3a2c4071eefae5fb7c') in 0.0098237 seconds [static and dynamic dependencies]. Details - ImportResultOutputID=f2480b0457bbc9999884ac9f8bd3ce36 DependenciesID=038c856d33ab400f03271bac7a0e64e4 StaticDependenciesID=86f65883b85642c7f1f3e6cc46f4e249 
Number of updated asset objects reloaded before import = 0Number of asset objects unloaded after import = 1

========================================================================
Received Import Request.
  Time since last request: 0.000021 seconds.
  path: Assets/Palmov Island/Low Poly Atmospheric Locations Pack/Models/Plants/Cacti/cactus 5.fbx
  importAddress: Guid(e107c630c6de41645976b9ef4793e071) Importer(2089858483,b0f066a214c2f5e87bad3c948f4d605d)
Start importing Assets/Palmov Island/Low Poly Atmospheric Locations Pack/Models/Plants/Cacti/cactus 5.fbx using Guid(e107c630c6de41645976b9ef4793e071) Importer(2089858483,b0f066a214c2f5e87bad3c948f4d605d) (ScriptedImporter) -> (Import Result ID: '9cac74955697515a443a3d366545b04c') in 0.016584 seconds [static and dynamic dependencies]. Details - ImportResultOutputID=ad22812c6cbd0f0803b162481479fce7 DependenciesID=056be3d1fa522ab53d95fad4a440a96b StaticDependenciesID=750690b8a880634356c97d2062a14bd1 
Number of updated asset objects reloaded before import = 0Number of asset objects unloaded after import = 8

========================================================================
Received Import Request.
  Time since last request: 0.000030 seconds.
  path: Assets/Palmov Island/Low Poly Atmospheric Locations Pack/Prefabs/Plants/Autumn bush plants/autumn bush plant 2.prefab
  importAddress: Guid(9d89d4fe48c13d741bb05190b05cc1cd) Importer(2089858483,b0f066a214c2f5e87bad3c948f4d605d)
Start importing Assets/Palmov Island/Low Poly Atmospheric Locations Pack/Prefabs/Plants/Autumn bush plants/autumn bush plant 2.prefab using Guid(9d89d4fe48c13d741bb05190b05cc1cd) Importer(2089858483,b0f066a214c2f5e87bad3c948f4d605d) (ScriptedImporter) -> (Import Result ID: '8d874791cc509b3ecaab60aae942b1cc') in 0.014452 seconds [static and dynamic dependencies]. Details - ImportResultOutputID=2b34d6b2f2066ae6b6fd945e45b8f673 DependenciesID=72fc07611509937b0503ee34a7c7c62f StaticDependenciesID=d11881340f20b4f03f8a9df290cd12be 
Number of updated asset objects reloaded before import = 0Number of asset objects unloaded after import = 9

========================================================================
Received Import Request.
  Time since last request: 0.000013 seconds.
  path: Assets/Palmov Island/Low Poly Atmospheric Locations Pack/Prefabs/Environment/Benchs/bench.prefab
  importAddress: Guid(9e7a8bebdab867e478a0231ba85086c4) Importer(2089858483,b0f066a214c2f5e87bad3c948f4d605d)
Start importing Assets/Palmov Island/Low Poly Atmospheric Locations Pack/Prefabs/Environment/Benchs/bench.prefab using Guid(9e7a8bebdab867e478a0231ba85086c4) Importer(2089858483,b0f066a214c2f5e87bad3c948f4d605d) (ScriptedImporter) -> (Import Result ID: '91df5e1cefa054db4a2802b3ce7e8219') in 0.0124877 seconds [static and dynamic dependencies]. Details - ImportResultOutputID=4db5f811d9108ad51f5cf69e020211cd DependenciesID=0d2298a080c4b18db42ccb59568bba15 StaticDependenciesID=d111e6acf5a4cf2cabcaabfcf34ee4bb 
Number of updated asset objects reloaded before import = 0Number of asset objects unloaded after import = 9

========================================================================
Received Import Request.
  Time since last request: 0.000017 seconds.
  path: Assets/Palmov Island/Low Poly Atmospheric Locations Pack/Models/Environment/Benchs
  importAddress: Guid(b03635c608696304ca254fce9d291376) Importer(2089858483,b0f066a214c2f5e87bad3c948f4d605d)
Start importing Assets/Palmov Island/Low Poly Atmospheric Locations Pack/Models/Environment/Benchs using Guid(b03635c608696304ca254fce9d291376) Importer(2089858483,b0f066a214c2f5e87bad3c948f4d605d) (ScriptedImporter) -> (Import Result ID: 'ce6770b4bf990e2405f27b20be656fe6') in 0.0106424 seconds [static and dynamic dependencies]. Details - ImportResultOutputID=86a713484dacb2c93ac529412848d85a DependenciesID=45c34ca5c466c066ced7bd0d30469715 StaticDependenciesID=4c3ba65342df28bbdf57c722deb283b4 
Number of updated asset objects reloaded before import = 0Number of asset objects unloaded after import = 1

========================================================================
Received Import Request.
  Time since last request: 0.000020 seconds.
  path: Assets/Palmov Island/Low Poly Atmospheric Locations Pack/Prefabs/Trees/Palm trees/palm tree bent.prefab
  importAddress: Guid(5370e8202e43bff4b9d4bdca6e624315) Importer(2089858483,b0f066a214c2f5e87bad3c948f4d605d)
Start importing Assets/Palmov Island/Low Poly Atmospheric Locations Pack/Prefabs/Trees/Palm trees/palm tree bent.prefab using Guid(5370e8202e43bff4b9d4bdca6e624315) Importer(2089858483,b0f066a214c2f5e87bad3c948f4d605d) (ScriptedImporter) -> (Import Result ID: 'd1faddb7238118f0aa23928c7800b55b') in 0.0163047 seconds [static and dynamic dependencies]. Details - ImportResultOutputID=19cef92bc2edd2b64b0a2316bada2193 DependenciesID=f7d3a9a0109c97f495af7132959ebda7 StaticDependenciesID=d24d1dc40499fa611377e3515aeed331 
Number of updated asset objects reloaded before import = 0Number of asset objects unloaded after import = 9

========================================================================
Received Import Request.
  Time since last request: 0.000030 seconds.
  path: Assets/Palmov Island/Low Poly Atmospheric Locations Pack/Models/Environment/Winter environment/Christmas balls/ball pink.fbx
  importAddress: Guid(52571a1bea936e540963399742d0ad9c) Importer(2089858483,b0f066a214c2f5e87bad3c948f4d605d)
Start importing Assets/Palmov Island/Low Poly Atmospheric Locations Pack/Models/Environment/Winter environment/Christmas balls/ball pink.fbx using Guid(52571a1bea936e540963399742d0ad9c) Importer(2089858483,b0f066a214c2f5e87bad3c948f4d605d) (ScriptedImporter) -> (Import Result ID: '699372f15efab2117e9250f463ebcf80') in 0.016773 seconds [static and dynamic dependencies]. Details - ImportResultOutputID=6eb78af12fb0c823f90253c5de89689f DependenciesID=ab384f6554052992d13b034732e3183f StaticDependenciesID=a866a1fa48226b43c09afc54491d9258 
Number of updated asset objects reloaded before import = 0Number of asset objects unloaded after import = 8

========================================================================
Received Import Request.
  Time since last request: 0.000015 seconds.
  path: Assets/Palmov Island/Low Poly Atmospheric Locations Pack/Models/Plants/Autumn bush plants/autumn bush plant.fbx
  importAddress: Guid(b57cea82e5ac1494bbb61977ae50d151) Importer(2089858483,b0f066a214c2f5e87bad3c948f4d605d)
Start importing Assets/Palmov Island/Low Poly Atmospheric Locations Pack/Models/Plants/Autumn bush plants/autumn bush plant.fbx using Guid(b57cea82e5ac1494bbb61977ae50d151) Importer(2089858483,b0f066a214c2f5e87bad3c948f4d605d) (ScriptedImporter) -> (Import Result ID: 'd52b50434071500c11f32e3af9c86e17') in 0.0173516 seconds [static and dynamic dependencies]. Details - ImportResultOutputID=60cd03c233609374cda2f1172c88e218 DependenciesID=f801cf158feea19938dc12b5864564b7 StaticDependenciesID=907a982baf2538fa7384dd682d24c444 
Number of updated asset objects reloaded before import = 0Number of asset objects unloaded after import = 8

========================================================================
Received Import Request.
  Time since last request: 0.000017 seconds.
  path: Assets/Palmov Island/Low Poly Atmospheric Locations Pack/Scenes/Trees.unity
  importAddress: Guid(a99bcf33fc0d5654facc8c358845f6dd) Importer(2089858483,b0f066a214c2f5e87bad3c948f4d605d)
Start importing Assets/Palmov Island/Low Poly Atmospheric Locations Pack/Scenes/Trees.unity using Guid(a99bcf33fc0d5654facc8c358845f6dd) Importer(2089858483,b0f066a214c2f5e87bad3c948f4d605d) (ScriptedImporter) -> (Import Result ID: '4abdd6bfa1b300b7cb683df41be62ec8') in 0.0119761 seconds [static and dynamic dependencies]. Details - ImportResultOutputID=6f0db3a89cd875f91b866e6d5af70116 DependenciesID=d7b745d92353c88b6edc3b3d5f6a33cb StaticDependenciesID=7c0045fce06f5102c325b1300d61b424 
Number of updated asset objects reloaded before import = 0Number of asset objects unloaded after import = 1

========================================================================
Received Import Request.
  Time since last request: 0.000019 seconds.
  path: Assets/Palmov Island/Low Poly Atmospheric Locations Pack/Prefabs/Vehicles/passenger wagon.prefab
  importAddress: Guid(c06aa0ab30720304b8e1941b743df0bb) Importer(2089858483,b0f066a214c2f5e87bad3c948f4d605d)
Start importing Assets/Palmov Island/Low Poly Atmospheric Locations Pack/Prefabs/Vehicles/passenger wagon.prefab using Guid(c06aa0ab30720304b8e1941b743df0bb) Importer(2089858483,b0f066a214c2f5e87bad3c948f4d605d) (ScriptedImporter) -> (Import Result ID: '1f55bd1d1b2fa856a805cfff8d599687') in 0.0107931 seconds [static and dynamic dependencies]. Details - ImportResultOutputID=dc302ddf6b302bc0c29cba5732b5e890 DependenciesID=199647ca010bf4b1fd21af363a8daf3b StaticDependenciesID=1f51be2cfb7acd5707648de0bd94df2e 
Number of updated asset objects reloaded before import = 0Number of asset objects unloaded after import = 40

========================================================================
Received Import Request.
  Time since last request: 0.000025 seconds.
  path: Assets/Palmov Island/Low Poly Atmospheric Locations Pack/Models/Waters/water location christmas village.fbx
  importAddress: Guid(31f798d331b2fe74aaee1649612a945f) Importer(2089858483,b0f066a214c2f5e87bad3c948f4d605d)
Start importing Assets/Palmov Island/Low Poly Atmospheric Locations Pack/Models/Waters/water location christmas village.fbx using Guid(31f798d331b2fe74aaee1649612a945f) Importer(2089858483,b0f066a214c2f5e87bad3c948f4d605d) (ScriptedImporter) -> (Import Result ID: 'c1d2bab6247a213a569cfcbb14727124') in 0.0167717 seconds [static and dynamic dependencies]. Details - ImportResultOutputID=c13b1e604c6eb2de2016d23bb73d6c8a DependenciesID=acf55c71299baa6397245ff26b7035d9 StaticDependenciesID=0424be517c2118fbcfe00e2800ccbc2c 
Number of updated asset objects reloaded before import = 0Number of asset objects unloaded after import = 8

========================================================================
Received Import Request.
  Time since last request: 0.000019 seconds.
  path: Assets/Palmov Island/Low Poly Atmospheric Locations Pack/Models/Environment/water tank.fbx
  importAddress: Guid(d33d26884c2d6b1439d3673916f2dbf8) Importer(2089858483,b0f066a214c2f5e87bad3c948f4d605d)
Start importing Assets/Palmov Island/Low Poly Atmospheric Locations Pack/Models/Environment/water tank.fbx using Guid(d33d26884c2d6b1439d3673916f2dbf8) Importer(2089858483,b0f066a214c2f5e87bad3c948f4d605d) (ScriptedImporter) -> (Import Result ID: '128586def867920d04ceff986bacaf69') in 0.017264 seconds [static and dynamic dependencies]. Details - ImportResultOutputID=8cdcd5ffcf0986b632ebf0b2712a71fd DependenciesID=d0c96a097336cf7029e20c3c0832b00d StaticDependenciesID=fbb09d9a885e7377eae6b94c66a430e7 
Number of updated asset objects reloaded before import = 0Number of asset objects unloaded after import = 8

========================================================================
Received Import Request.
  Time since last request: 0.000016 seconds.
  path: Assets/Palmov Island/Low Poly Atmospheric Locations Pack/Prefabs/Waters/water location treasure Island.prefab
  importAddress: Guid(960b269cf951bfb4baaa37255368b49f) Importer(2089858483,b0f066a214c2f5e87bad3c948f4d605d)
Start importing Assets/Palmov Island/Low Poly Atmospheric Locations Pack/Prefabs/Waters/water location treasure Island.prefab using Guid(960b269cf951bfb4baaa37255368b49f) Importer(2089858483,b0f066a214c2f5e87bad3c948f4d605d) (ScriptedImporter) -> (Import Result ID: 'c6a3d7324fd1554d1dc9d1683a4645f7') in 0.013956 seconds [static and dynamic dependencies]. Details - ImportResultOutputID=2d6819c4e85f28778a8b435c8fbd51e0 DependenciesID=b0776d73492f35cd5bfb5575ae8a51a1 StaticDependenciesID=bff7249e48e0fbc612e36834ee22ab82 
Number of updated asset objects reloaded before import = 0Number of asset objects unloaded after import = 9

========================================================================
Received Import Request.
  Time since last request: 0.000018 seconds.
  path: Assets/Palmov Island/Low Poly Atmospheric Locations Pack/Models/Islands/japanes island.fbx
  importAddress: Guid(22d3132618e921b4ebe07f59ea86326e) Importer(2089858483,b0f066a214c2f5e87bad3c948f4d605d)
Start importing Assets/Palmov Island/Low Poly Atmospheric Locations Pack/Models/Islands/japanes island.fbx using Guid(22d3132618e921b4ebe07f59ea86326e) Importer(2089858483,b0f066a214c2f5e87bad3c948f4d605d) (ScriptedImporter) -> (Import Result ID: '1b77a73bace1ff98d2b71010777da0c2') in 0.0186196 seconds [static and dynamic dependencies]. Details - ImportResultOutputID=92f0a1b9e46c8c994b2b856a211f1601 DependenciesID=4b5359e3442d171fd60df815492afe3f StaticDependenciesID=4944f74ac0fa1014ef9b399829bbb675 
Number of updated asset objects reloaded before import = 0Number of asset objects unloaded after import = 8

========================================================================
Received Import Request.
  Time since last request: 0.000029 seconds.
  path: Assets/Palmov Island/Low Poly Atmospheric Locations Pack/Models/Environment/fire.fbx
  importAddress: Guid(591bb6c24dd3eea4982dbd19ee52bb1b) Importer(2089858483,b0f066a214c2f5e87bad3c948f4d605d)
Start importing Assets/Palmov Island/Low Poly Atmospheric Locations Pack/Models/Environment/fire.fbx using Guid(591bb6c24dd3eea4982dbd19ee52bb1b) Importer(2089858483,b0f066a214c2f5e87bad3c948f4d605d) (ScriptedImporter) -> (Import Result ID: '554ad7ba7a2a5d93944bc9a6a5a4284a') in 0.0173038 seconds [static and dynamic dependencies]. Details - ImportResultOutputID=5d8253587da66fea513ca7136c2de455 DependenciesID=7de7ae98b9836c382b88ac193b091b21 StaticDependenciesID=815d811fe47958406df09f3580c047db 
Number of updated asset objects reloaded before import = 0Number of asset objects unloaded after import = 8

========================================================================
Received Import Request.
  Time since last request: 0.000018 seconds.
  path: Assets/Palmov Island
  importAddress: Guid(74e21ebc973be8a4a97002ed738daca6) Importer(2089858483,b0f066a214c2f5e87bad3c948f4d605d)
Start importing Assets/Palmov Island using Guid(74e21ebc973be8a4a97002ed738daca6) Importer(2089858483,b0f066a214c2f5e87bad3c948f4d605d) (ScriptedImporter) -> (Import Result ID: '5973420238face36e6f1659580f566a0') in 0.0100957 seconds [static and dynamic dependencies]. Details - ImportResultOutputID=c676070e5b6fbe538598a446afe0a5cd DependenciesID=344e59269d008c2d6b4cbd5178b875cf StaticDependenciesID=9cdc8e53af07c9d1b7bc897e859fdc3b 
Number of updated asset objects reloaded before import = 0Number of asset objects unloaded after import = 1

========================================================================
Received Import Request.
  Time since last request: 0.000019 seconds.
  path: Assets/Palmov Island/Low Poly Atmospheric Locations Pack/Models/Waters
  importAddress: Guid(fc3c0affcd69f6f46a7a96611e9c22d0) Importer(2089858483,b0f066a214c2f5e87bad3c948f4d605d)
Start importing Assets/Palmov Island/Low Poly Atmospheric Locations Pack/Models/Waters using Guid(fc3c0affcd69f6f46a7a96611e9c22d0) Importer(2089858483,b0f066a214c2f5e87bad3c948f4d605d) (ScriptedImporter) -> (Import Result ID: '56568d34e6e301041835815486fd3090') in 0.0096271 seconds [static and dynamic dependencies]. Details - ImportResultOutputID=6bbd51da2bad0bc95a71b1890f4d5be9 DependenciesID=757a326571c5a4da0292b8ea4a82e213 StaticDependenciesID=1d43b86d942e18a796a9a848da2a768c 
Number of updated asset objects reloaded before import = 0Number of asset objects unloaded after import = 1

========================================================================
Received Import Request.
  Time since last request: 0.000022 seconds.
  path: Assets/Palmov Island/Low Poly Atmospheric Locations Pack/Scenes/Location japanes island.unity
  importAddress: Guid(9f35e9e7ede8ee04496cb0a34a71978b) Importer(2089858483,b0f066a214c2f5e87bad3c948f4d605d)
Start importing Assets/Palmov Island/Low Poly Atmospheric Locations Pack/Scenes/Location japanes island.unity using Guid(9f35e9e7ede8ee04496cb0a34a71978b) Importer(2089858483,b0f066a214c2f5e87bad3c948f4d605d) (ScriptedImporter) -> (Import Result ID: '1c308ab0dc650a2516c592a109a854b1') in 0.0097963 seconds [static and dynamic dependencies]. Details - ImportResultOutputID=f9c8b573607660ee04403606ef31f74a DependenciesID=4448e7d43ff30eb6bd4b3cce976a6021 StaticDependenciesID=64402330a5f18bfde8ed2417be34a837 
Number of updated asset objects reloaded before import = 0Number of asset objects unloaded after import = 1

========================================================================
Received Import Request.
  Time since last request: 0.000029 seconds.
  path: Assets/Palmov Island/Low Poly Atmospheric Locations Pack/Models/Lands
  importAddress: Guid(261eaad5dbc46ea4eba76c98d2c39b3c) Importer(2089858483,b0f066a214c2f5e87bad3c948f4d605d)
Start importing Assets/Palmov Island/Low Poly Atmospheric Locations Pack/Models/Lands using Guid(261eaad5dbc46ea4eba76c98d2c39b3c) Importer(2089858483,b0f066a214c2f5e87bad3c948f4d605d) (ScriptedImporter) -> (Import Result ID: '76fff6df319d994b87f084b2ff1bdfd0') in 0.0091414 seconds [static and dynamic dependencies]. Details - ImportResultOutputID=685081c424d2bfd8f312ebf93c79a0e7 DependenciesID=9a601c5b63e1830eef04a925c8799808 StaticDependenciesID=222f91330006c87062baf287a202e780 
Number of updated asset objects reloaded before import = 0Number of asset objects unloaded after import = 1

========================================================================
Received Import Request.
  Time since last request: 0.000017 seconds.
  path: Assets/Palmov Island/Low Poly Atmospheric Locations Pack/Models/Trees/Fir trees/pine tree large.fbx
  importAddress: Guid(5d8656253bc8193468a822e87c1e6a72) Importer(2089858483,b0f066a214c2f5e87bad3c948f4d605d)
Start importing Assets/Palmov Island/Low Poly Atmospheric Locations Pack/Models/Trees/Fir trees/pine tree large.fbx using Guid(5d8656253bc8193468a822e87c1e6a72) Importer(2089858483,b0f066a214c2f5e87bad3c948f4d605d) (ScriptedImporter) -> (Import Result ID: 'b2f299c0966a5e06685718f968198e26') in 0.0168372 seconds [static and dynamic dependencies]. Details - ImportResultOutputID=475458885a887dcf759b025ced589334 DependenciesID=32df398e3008124dd8b3517abd8a4a82 StaticDependenciesID=d4a6f569e0e6c90e277cf83ebde8ef0d 
Number of updated asset objects reloaded before import = 0Number of asset objects unloaded after import = 8

========================================================================
Received Import Request.
  Time since last request: 0.000017 seconds.
  path: Assets/Palmov Island/Low Poly Atmospheric Locations Pack/Models/Lands/land autumn atmosphere forest.fbx
  importAddress: Guid(eddaed4dbae34ad409c9e0dc08a32569) Importer(2089858483,b0f066a214c2f5e87bad3c948f4d605d)
Start importing Assets/Palmov Island/Low Poly Atmospheric Locations Pack/Models/Lands/land autumn atmosphere forest.fbx using Guid(eddaed4dbae34ad409c9e0dc08a32569) Importer(2089858483,b0f066a214c2f5e87bad3c948f4d605d) (ScriptedImporter) -> (Import Result ID: '395e7536b70f72caaa2a2e9410fb7b5f') in 0.0185822 seconds [static and dynamic dependencies]. Details - ImportResultOutputID=c158df158a975d68ae82d987739106d8 DependenciesID=70b1e829c5c2e497ca44ceb4d4c18e81 StaticDependenciesID=66219330b4327f2592b2ccfab54cf96d 
Number of updated asset objects reloaded before import = 0Number of asset objects unloaded after import = 8

========================================================================
Received Import Request.
  Time since last request: 0.000022 seconds.
  path: Assets/Palmov Island/Low Poly Atmospheric Locations Pack/Models/Trees/Fir trees/fir tree large.fbx
  importAddress: Guid(a94c5038ae32d9a4497fcd9c01cc0901) Importer(2089858483,b0f066a214c2f5e87bad3c948f4d605d)
Start importing Assets/Palmov Island/Low Poly Atmospheric Locations Pack/Models/Trees/Fir trees/fir tree large.fbx using Guid(a94c5038ae32d9a4497fcd9c01cc0901) Importer(2089858483,b0f066a214c2f5e87bad3c948f4d605d) (ScriptedImporter) -> (Import Result ID: 'fe7af1fb41efe01e0403785f96e02403') in 0.0166075 seconds [static and dynamic dependencies]. Details - ImportResultOutputID=00e459b06db6d5954b9f9591920a86ae DependenciesID=06923089a593c906ac81f8832f6f3320 StaticDependenciesID=e707e5c104a9f4be590496759580e0bd 
Number of updated asset objects reloaded before import = 0Number of asset objects unloaded after import = 8

========================================================================
Received Import Request.
  Time since last request: 0.000058 seconds.
  path: Assets/Palmov Island/Low Poly Atmospheric Locations Pack/Prefabs/Stones/Stones large gray blue/stone large gray blue.prefab
  importAddress: Guid(41d5bdcd81b15d04b9f71f993b91c796) Importer(2089858483,b0f066a214c2f5e87bad3c948f4d605d)
Start importing Assets/Palmov Island/Low Poly Atmospheric Locations Pack/Prefabs/Stones/Stones large gray blue/stone large gray blue.prefab using Guid(41d5bdcd81b15d04b9f71f993b91c796) Importer(2089858483,b0f066a214c2f5e87bad3c948f4d605d) (ScriptedImporter) -> (Import Result ID: '67db9a7e6209ffb5fca2688ebfc7147f') in 0.0165987 seconds [static and dynamic dependencies]. Details - ImportResultOutputID=b2655f85c50ac364e83502be60032814 DependenciesID=0b2e9d5c9f4b1ff3da6d94f6903e3084 StaticDependenciesID=3320d3d963cfc0eb67663526188baf60 
Number of updated asset objects reloaded before import = 0Number of asset objects unloaded after import = 9

========================================================================
Received Import Request.
  Time since last request: 0.000022 seconds.
  path: Assets/Palmov Island/Low Poly Atmospheric Locations Pack/Prefabs/Stones/Stones winter small/stone winter small.prefab
  importAddress: Guid(c19187e88ee1b3b4cb378248091db269) Importer(2089858483,b0f066a214c2f5e87bad3c948f4d605d)
Start importing Assets/Palmov Island/Low Poly Atmospheric Locations Pack/Prefabs/Stones/Stones winter small/stone winter small.prefab using Guid(c19187e88ee1b3b4cb378248091db269) Importer(2089858483,b0f066a214c2f5e87bad3c948f4d605d) (ScriptedImporter) -> (Import Result ID: '9704dfb353697fc66d367a22556633b0') in 0.0141828 seconds [static and dynamic dependencies]. Details - ImportResultOutputID=c524cd70e8354e30d0fa439a375fdfd0 DependenciesID=269ca97a8cd2edd9466c279604cd307f StaticDependenciesID=c80b65e08e18eaaa8aaaa1b0d66108f4 
Number of updated asset objects reloaded before import = 0Number of asset objects unloaded after import = 9

========================================================================
Received Import Request.
  Time since last request: 0.000018 seconds.
  path: Assets/Palmov Island/Low Poly Atmospheric Locations Pack/Models/Stones/Stones large gray blue
  importAddress: Guid(0a852a86c2b1ad248b9747f9a1d50130) Importer(2089858483,b0f066a214c2f5e87bad3c948f4d605d)
Start importing Assets/Palmov Island/Low Poly Atmospheric Locations Pack/Models/Stones/Stones large gray blue using Guid(0a852a86c2b1ad248b9747f9a1d50130) Importer(2089858483,b0f066a214c2f5e87bad3c948f4d605d) (ScriptedImporter) -> (Import Result ID: 'ed960bd58a7a89e6d613b310ec50ea32') in 0.0097528 seconds [static and dynamic dependencies]. Details - ImportResultOutputID=c2cb90f5a64ab41de7b6798b48752347 DependenciesID=786c69face2024025ba93c7331b5a93f StaticDependenciesID=137ed7104e8a62dd9a2b036356913fb2 
Number of updated asset objects reloaded before import = 0Number of asset objects unloaded after import = 1

========================================================================
Received Import Request.
  Time since last request: 0.000026 seconds.
  path: Assets/Palmov Island/Low Poly Atmospheric Locations Pack/Models/Plants/Autumn bush plants/autumn bush plant 2.fbx
  importAddress: Guid(1ab2e4f6e37e9c04d8f6d2504a60913f) Importer(2089858483,b0f066a214c2f5e87bad3c948f4d605d)
Start importing Assets/Palmov Island/Low Poly Atmospheric Locations Pack/Models/Plants/Autumn bush plants/autumn bush plant 2.fbx using Guid(1ab2e4f6e37e9c04d8f6d2504a60913f) Importer(2089858483,b0f066a214c2f5e87bad3c948f4d605d) (ScriptedImporter) -> (Import Result ID: '1a1dcd8f6acc600abac854ffbe82215c') in 0.0192245 seconds [static and dynamic dependencies]. Details - ImportResultOutputID=5af035115df13da2dbb2084056d6c543 DependenciesID=55341902e757533a32794f6fa640b551 StaticDependenciesID=71b82f4304d00ab54bd24eee1d30eeb9 
Number of updated asset objects reloaded before import = 0Number of asset objects unloaded after import = 7

========================================================================
Received Import Request.
  Time since last request: 0.000035 seconds.
  path: Assets/Palmov Island/Low Poly Atmospheric Locations Pack/Models/Environment/trash can.fbx
  importAddress: Guid(99c60ff72e512074e8626f8bc7354be4) Importer(2089858483,b0f066a214c2f5e87bad3c948f4d605d)
Start importing Assets/Palmov Island/Low Poly Atmospheric Locations Pack/Models/Environment/trash can.fbx using Guid(99c60ff72e512074e8626f8bc7354be4) Importer(2089858483,b0f066a214c2f5e87bad3c948f4d605d) (ScriptedImporter) -> (Import Result ID: 'fc76c18a785daeafbe661f571526419d') in 0.0194923 seconds [static and dynamic dependencies]. Details - ImportResultOutputID=006c8273385d7e2b36c1041a6f2fb273 DependenciesID=ca7bda718ef78866f17e995b89cca624 StaticDependenciesID=efb37aa09e959633fba97f5d2fede03b 
Number of updated asset objects reloaded before import = 0Number of asset objects unloaded after import = 8

========================================================================
Received Import Request.
  Time since last request: 0.000017 seconds.
  path: Assets/Palmov Island/Low Poly Atmospheric Locations Pack/Scenes/Location treasure Island.unity
  importAddress: Guid(fd9751b2ca9cd334f8260acf662acd22) Importer(2089858483,b0f066a214c2f5e87bad3c948f4d605d)
Start importing Assets/Palmov Island/Low Poly Atmospheric Locations Pack/Scenes/Location treasure Island.unity using Guid(fd9751b2ca9cd334f8260acf662acd22) Importer(2089858483,b0f066a214c2f5e87bad3c948f4d605d) (ScriptedImporter) -> (Import Result ID: '0507938a75edf765745a6699d13d0ada') in 0.0112378 seconds [static and dynamic dependencies]. Details - ImportResultOutputID=1bec592d35326bc18ac3a5694333ef2b DependenciesID=1ce9156407d3de596f515421dc5f0a84 StaticDependenciesID=c84d61188f517011ca1d9d2062ce3f16 
Number of updated asset objects reloaded before import = 0Number of asset objects unloaded after import = 1

========================================================================
Received Import Request.
  Time since last request: 0.000018 seconds.
  path: Assets/Palmov Island/Low Poly Atmospheric Locations Pack/Prefabs/Trees/Autumn trees
  importAddress: Guid(d1d6903fc14f66c42ab56a32413bad7c) Importer(2089858483,b0f066a214c2f5e87bad3c948f4d605d)
Start importing Assets/Palmov Island/Low Poly Atmospheric Locations Pack/Prefabs/Trees/Autumn trees using Guid(d1d6903fc14f66c42ab56a32413bad7c) Importer(2089858483,b0f066a214c2f5e87bad3c948f4d605d) (ScriptedImporter) -> (Import Result ID: '96ff225c295638578a4a9b2a34ba43ad') in 0.0095275 seconds [static and dynamic dependencies]. Details - ImportResultOutputID=2f7854e63508472655968d921068526e DependenciesID=b8301d5efe33d4c21bfe25f43955caec StaticDependenciesID=659296f5932ff6408812effde78702f9 
Number of updated asset objects reloaded before import = 0Number of asset objects unloaded after import = 1

========================================================================
Received Import Request.
  Time since last request: 0.000022 seconds.
  path: Assets/Palmov Island/Low Poly Atmospheric Locations Pack/Prefabs/Stones/Desert stones/desert stone small 11.prefab
  importAddress: Guid(9482eb6425690c345bca1cfa09406394) Importer(2089858483,b0f066a214c2f5e87bad3c948f4d605d)
Start importing Assets/Palmov Island/Low Poly Atmospheric Locations Pack/Prefabs/Stones/Desert stones/desert stone small 11.prefab using Guid(9482eb6425690c345bca1cfa09406394) Importer(2089858483,b0f066a214c2f5e87bad3c948f4d605d) (ScriptedImporter) -> (Import Result ID: '73a03883b326adbac06814347ee04221') in 0.0199101 seconds [static and dynamic dependencies]. Details - ImportResultOutputID=15dbb571d98ee58237e46626957f28e2 DependenciesID=054f7ea672b03c5b53f3ed101cc69e3c StaticDependenciesID=f289de09733056d10baccc8bcf997b12 
Number of updated asset objects reloaded before import = 0Number of asset objects unloaded after import = 9

========================================================================
Received Import Request.
  Time since last request: 0.000030 seconds.
  path: Assets/Palmov Island/Low Poly Atmospheric Locations Pack/Prefabs/Plants/Grass yellow/grass yellow 2.prefab
  importAddress: Guid(7ea58fc1a3a334047bb9f2f3f45fffe0) Importer(2089858483,b0f066a214c2f5e87bad3c948f4d605d)
Start importing Assets/Palmov Island/Low Poly Atmospheric Locations Pack/Prefabs/Plants/Grass yellow/grass yellow 2.prefab using Guid(7ea58fc1a3a334047bb9f2f3f45fffe0) Importer(2089858483,b0f066a214c2f5e87bad3c948f4d605d) (ScriptedImporter) -> (Import Result ID: '73a0f5553b7adeb793a03217ce94e0d4') in 0.016747 seconds [static and dynamic dependencies]. Details - ImportResultOutputID=566b77a7bde60e09652bf7729eec9e5f DependenciesID=42605db11bad3e621db450e25d070c22 StaticDependenciesID=efa4918824070cee4e96336e4a9196db 
Number of updated asset objects reloaded before import = 0Number of asset objects unloaded after import = 9

========================================================================
Received Import Request.
  Time since last request: 0.000021 seconds.
  path: Assets/Palmov Island/Low Poly Atmospheric Locations Pack/Models/Houses
  importAddress: Guid(55ff57afce7cf7e42ac9b1f6aa0682fb) Importer(2089858483,b0f066a214c2f5e87bad3c948f4d605d)
Start importing Assets/Palmov Island/Low Poly Atmospheric Locations Pack/Models/Houses using Guid(55ff57afce7cf7e42ac9b1f6aa0682fb) Importer(2089858483,b0f066a214c2f5e87bad3c948f4d605d) (ScriptedImporter) -> (Import Result ID: '519981f9e7ad10f4ea55c25253759b92') in 0.010394 seconds [static and dynamic dependencies]. Details - ImportResultOutputID=d31728a5bfc54253b085c21adfb9db90 DependenciesID=3e2c1f566a83ddabc7f37cbc22c26084 StaticDependenciesID=fca642f9959e3417fa68ced5133e8b9d 
Number of updated asset objects reloaded before import = 0Number of asset objects unloaded after import = 1

========================================================================
Received Import Request.
  Time since last request: 0.000019 seconds.
  path: Assets/Palmov Island/Low Poly Atmospheric Locations Pack/Prefabs/Plants/bush plant.prefab
  importAddress: Guid(a2464b8e9b99b3d449869d62f3c867ed) Importer(2089858483,b0f066a214c2f5e87bad3c948f4d605d)
Start importing Assets/Palmov Island/Low Poly Atmospheric Locations Pack/Prefabs/Plants/bush plant.prefab using Guid(a2464b8e9b99b3d449869d62f3c867ed) Importer(2089858483,b0f066a214c2f5e87bad3c948f4d605d) (ScriptedImporter) -> (Import Result ID: '55277a2e0f1d3105c949353027813b16') in 0.0151303 seconds [static and dynamic dependencies]. Details - ImportResultOutputID=3d3134f25628985859765dd880348337 DependenciesID=aa8c7cb7dffaea6026ffa1f6317f623f StaticDependenciesID=347f385468d0bfbadae16a40add03731 
Number of updated asset objects reloaded before import = 0Number of asset objects unloaded after import = 9

========================================================================
Received Import Request.
  Time since last request: 0.000024 seconds.
  path: Assets/Palmov Island/Low Poly Atmospheric Locations Pack/Prefabs/Plants/Grass yellow/grass yellow 3.prefab
  importAddress: Guid(33529a1186a08584f819517eedab2e1c) Importer(2089858483,b0f066a214c2f5e87bad3c948f4d605d)
Start importing Assets/Palmov Island/Low Poly Atmospheric Locations Pack/Prefabs/Plants/Grass yellow/grass yellow 3.prefab using Guid(33529a1186a08584f819517eedab2e1c) Importer(2089858483,b0f066a214c2f5e87bad3c948f4d605d) (ScriptedImporter) -> (Import Result ID: '8cc511d624930b6b9ad21a0a1f5fba98') in 0.0173611 seconds [static and dynamic dependencies]. Details - ImportResultOutputID=7fc45d7b97465b2636eaffdde7bbc1c7 DependenciesID=b21039e892ba964b7944c8be516166f6 StaticDependenciesID=ef5d6a2d8d33ef013a2e9738f9808d9c 
Number of updated asset objects reloaded before import = 0Number of asset objects unloaded after import = 9

========================================================================
Received Import Request.
  Time since last request: 0.000034 seconds.
  path: Assets/Palmov Island/Low Poly Atmospheric Locations Pack/Models/Trees/Fir trees winter/fir tree winter medium.fbx
  importAddress: Guid(aa9ddc26dccccde438b5298c6c69670d) Importer(2089858483,b0f066a214c2f5e87bad3c948f4d605d)
Start importing Assets/Palmov Island/Low Poly Atmospheric Locations Pack/Models/Trees/Fir trees winter/fir tree winter medium.fbx using Guid(aa9ddc26dccccde438b5298c6c69670d) Importer(2089858483,b0f066a214c2f5e87bad3c948f4d605d) (ScriptedImporter) -> (Import Result ID: '5dcfa93a1afb3048f38540a5789c9fc8') in 0.0220767 seconds [static and dynamic dependencies]. Details - ImportResultOutputID=b5151ab74b94449e30d20415fa342479 DependenciesID=45afc21372d70191678ef2e1a1d57e00 StaticDependenciesID=10d9435be9513d1695412e5924ef9f70 
Number of updated asset objects reloaded before import = 0Number of asset objects unloaded after import = 8

========================================================================
Received Import Request.
  Time since last request: 0.000017 seconds.
  path: Assets/Palmov Island/Low Poly Atmospheric Locations Pack/Models/Trees/Tree trunks/tree trunk.fbx
  importAddress: Guid(17898474f541cb546a8b06d553fc2cc1) Importer(2089858483,b0f066a214c2f5e87bad3c948f4d605d)
Start importing Assets/Palmov Island/Low Poly Atmospheric Locations Pack/Models/Trees/Tree trunks/tree trunk.fbx using Guid(17898474f541cb546a8b06d553fc2cc1) Importer(2089858483,b0f066a214c2f5e87bad3c948f4d605d) (ScriptedImporter) -> (Import Result ID: '69a806f0046229f6f4c05b3142dca095') in 0.016528 seconds [static and dynamic dependencies]. Details - ImportResultOutputID=297b14ba6f4f7bd74dc0928f35e4269e DependenciesID=3d4e442fce4517c6e0a6cd54b00e17e3 StaticDependenciesID=740d90473028e95c83080444193fcc2b 
Number of updated asset objects reloaded before import = 0Number of asset objects unloaded after import = 8

========================================================================
Received Import Request.
  Time since last request: 0.000018 seconds.
  path: Assets/Palmov Island/Low Poly Atmospheric Locations Pack/Models/Environment/Benchs/bench.fbx
  importAddress: Guid(b9c74619dde44de47961a20c399f83ad) Importer(2089858483,b0f066a214c2f5e87bad3c948f4d605d)
Start importing Assets/Palmov Island/Low Poly Atmospheric Locations Pack/Models/Environment/Benchs/bench.fbx using Guid(b9c74619dde44de47961a20c399f83ad) Importer(2089858483,b0f066a214c2f5e87bad3c948f4d605d) (ScriptedImporter) -> (Import Result ID: 'dc03568a9de18c72c000b2ed40f5b366') in 0.0206517 seconds [static and dynamic dependencies]. Details - ImportResultOutputID=92629aaa864907298c062f881e03ffb7 DependenciesID=23dd6ceb13a8c8d73fe838ef15c30f8d StaticDependenciesID=0e7e8ff3acbfacd74eef6a9e264cca52 
Number of updated asset objects reloaded before import = 0Number of asset objects unloaded after import = 8

========================================================================
Received Import Request.
  Time since last request: 0.000028 seconds.
  path: Assets/Palmov Island/Low Poly Atmospheric Locations Pack/Models/Trees/Fir trees/fir tree medium.fbx
  importAddress: Guid(df5de10c64b99454f9e586a887d9e9c0) Importer(2089858483,b0f066a214c2f5e87bad3c948f4d605d)
Start importing Assets/Palmov Island/Low Poly Atmospheric Locations Pack/Models/Trees/Fir trees/fir tree medium.fbx using Guid(df5de10c64b99454f9e586a887d9e9c0) Importer(2089858483,b0f066a214c2f5e87bad3c948f4d605d) (ScriptedImporter) -> (Import Result ID: 'ff04e73c783111631319b0c04174ae10') in 0.0178329 seconds [static and dynamic dependencies]. Details - ImportResultOutputID=744391cc10bb65f58c2fcdda37ea2783 DependenciesID=484792a20493f8e08e6cb0a1f9d9945d StaticDependenciesID=3c16b26d8a0ade99841a6a5624552e44 
Number of updated asset objects reloaded before import = 0Number of asset objects unloaded after import = 8

========================================================================
Received Import Request.
  Time since last request: 0.000027 seconds.
  path: Assets/Palmov Island/Low Poly Atmospheric Locations Pack/Prefabs/Location with environment/downtown with environment.prefab
  importAddress: Guid(388b740f7906b1b4ab4bb69f4a0b7cb3) Importer(2089858483,b0f066a214c2f5e87bad3c948f4d605d)
Start importing Assets/Palmov Island/Low Poly Atmospheric Locations Pack/Prefabs/Location with environment/downtown with environment.prefab using Guid(388b740f7906b1b4ab4bb69f4a0b7cb3) Importer(2089858483,b0f066a214c2f5e87bad3c948f4d605d) (ScriptedImporter) -> (Import Result ID: 'b93975d7f08a3d9ad47ff1dc0dcb57ac') in 0.0236583 seconds [static and dynamic dependencies]. Details - ImportResultOutputID=04107fb3d012bf680db258fe793adaf9 DependenciesID=28802fba38fab96f5880e2069a6042dd StaticDependenciesID=e8865b0f145046e878afbe6dcc7ace5b 
Number of updated asset objects reloaded before import = 0Number of asset objects unloaded after import = 462

========================================================================
Received Import Request.
  Time since last request: 0.000017 seconds.
  path: Assets/Palmov Island/Low Poly Atmospheric Locations Pack/Prefabs/Waters
  importAddress: Guid(0c3f7fafde0a10540bb08ec91fb83392) Importer(2089858483,b0f066a214c2f5e87bad3c948f4d605d)
Start importing Assets/Palmov Island/Low Poly Atmospheric Locations Pack/Prefabs/Waters using Guid(0c3f7fafde0a10540bb08ec91fb83392) Importer(2089858483,b0f066a214c2f5e87bad3c948f4d605d) (ScriptedImporter) -> (Import Result ID: '442b2b7eadc64872c4c39e28913ee4da') in 0.0101347 seconds [static and dynamic dependencies]. Details - ImportResultOutputID=2f89609bd76a7c4b9871cd5c5e34c8b7 DependenciesID=c61995dafce82bd14c9c0823d93387a6 StaticDependenciesID=80fb708a06e0fd561d190b65d8a76e91 
Number of updated asset objects reloaded before import = 0Number of asset objects unloaded after import = 1

========================================================================
Received Import Request.
  Time since last request: 0.000017 seconds.
  path: Assets/Palmov Island/Low Poly Atmospheric Locations Pack/Prefabs/Trees/Fir trees/fir tree large.prefab
  importAddress: Guid(0f7c099ebf5d52642bbfe5afedb03d03) Importer(2089858483,b0f066a214c2f5e87bad3c948f4d605d)
Start importing Assets/Palmov Island/Low Poly Atmospheric Locations Pack/Prefabs/Trees/Fir trees/fir tree large.prefab using Guid(0f7c099ebf5d52642bbfe5afedb03d03) Importer(2089858483,b0f066a214c2f5e87bad3c948f4d605d) (ScriptedImporter) -> (Import Result ID: '637c1706b3d907ab0d89e706efcd45dd') in 0.0144538 seconds [static and dynamic dependencies]. Details - ImportResultOutputID=5b2c1a8b64609be97d07b9b4e93b696d DependenciesID=51d41bdf9b65793d4ea1b418e6091ac4 StaticDependenciesID=af5673f5f32d94a6094581397c0db409 
Number of updated asset objects reloaded before import = 0Number of asset objects unloaded after import = 9

========================================================================
Received Import Request.
  Time since last request: 0.000021 seconds.
  path: Assets/Palmov Island/Low Poly Atmospheric Locations Pack/Models/Environment/Sports environment/stadium lighting.fbx
  importAddress: Guid(fb34e464c24966048b4f3c7c7b65c563) Importer(2089858483,b0f066a214c2f5e87bad3c948f4d605d)
Start importing Assets/Palmov Island/Low Poly Atmospheric Locations Pack/Models/Environment/Sports environment/stadium lighting.fbx using Guid(fb34e464c24966048b4f3c7c7b65c563) Importer(2089858483,b0f066a214c2f5e87bad3c948f4d605d) (ScriptedImporter) -> (Import Result ID: 'cde552e14eda0fa7e1994565714e8d20') in 0.0165807 seconds [static and dynamic dependencies]. Details - ImportResultOutputID=6d4f535f550a253bdb1d5fc59ab227ce DependenciesID=320569e892b29a8f5864a5d716da3e28 StaticDependenciesID=e4a53a5de048c6751ed5e2e40a29e465 
Number of updated asset objects reloaded before import = 0Number of asset objects unloaded after import = 8

========================================================================
Received Import Request.
  Time since last request: 0.000025 seconds.
  path: Assets/Palmov Island/Low Poly Atmospheric Locations Pack/Models/Stones/Stones small/stone small 4.fbx
  importAddress: Guid(dbf3e9fa9d5d448438bfe722517b4fa4) Importer(2089858483,b0f066a214c2f5e87bad3c948f4d605d)
Start importing Assets/Palmov Island/Low Poly Atmospheric Locations Pack/Models/Stones/Stones small/stone small 4.fbx using Guid(dbf3e9fa9d5d448438bfe722517b4fa4) Importer(2089858483,b0f066a214c2f5e87bad3c948f4d605d) (ScriptedImporter) -> (Import Result ID: 'b8b0168518ebc962d26edd9999ff3d1d') in 0.0221655 seconds [static and dynamic dependencies]. Details - ImportResultOutputID=9f7140e749921b375a8315691c81bdd8 DependenciesID=3733440e50f85691f1e1664af314077a StaticDependenciesID=f35ac8ecf69a476e5ec7901e7fe5117e 
Number of updated asset objects reloaded before import = 0Number of asset objects unloaded after import = 8

========================================================================
Received Import Request.
  Time since last request: 0.000020 seconds.
  path: Assets/Palmov Island/Low Poly Atmospheric Locations Pack/Models/Environment/Winter environment/Garlands
  importAddress: Guid(59a4ba69a31aca84eae9ddd34d6f5855) Importer(2089858483,b0f066a214c2f5e87bad3c948f4d605d)
Start importing Assets/Palmov Island/Low Poly Atmospheric Locations Pack/Models/Environment/Winter environment/Garlands using Guid(59a4ba69a31aca84eae9ddd34d6f5855) Importer(2089858483,b0f066a214c2f5e87bad3c948f4d605d) (ScriptedImporter) -> (Import Result ID: '8fb3c7c719044afccd1cdc4c7856a8c8') in 0.010189 seconds [static and dynamic dependencies]. Details - ImportResultOutputID=2fc2d31a53be48b80859e7b3ab4e3c9f DependenciesID=100c6f8690ee172bcc1e9bbb2145f057 StaticDependenciesID=9397b3dea3e87b033d6dd5dbdb7bd82c 
Number of updated asset objects reloaded before import = 0Number of asset objects unloaded after import = 1

========================================================================
Received Import Request.
  Time since last request: 0.000016 seconds.
  path: Assets/Palmov Island/Low Poly Atmospheric Locations Pack/Prefabs/Trees/christmas tree.prefab
  importAddress: Guid(c6e750e8c7886a7469cc81a68af5bf1f) Importer(2089858483,b0f066a214c2f5e87bad3c948f4d605d)
Start importing Assets/Palmov Island/Low Poly Atmospheric Locations Pack/Prefabs/Trees/christmas tree.prefab using Guid(c6e750e8c7886a7469cc81a68af5bf1f) Importer(2089858483,b0f066a214c2f5e87bad3c948f4d605d) (ScriptedImporter) -> (Import Result ID: '0cba538360d541147670e4af009ad8b0') in 0.0161742 seconds [static and dynamic dependencies]. Details - ImportResultOutputID=4bf0dc0bfbb26099ccd731ecdb3e69ba DependenciesID=c6797888cc33b618e51370ae9221bcd6 StaticDependenciesID=ebbf86879b1832bb889e78bb72a39841 
Number of updated asset objects reloaded before import = 0Number of asset objects unloaded after import = 9

========================================================================
Received Import Request.
  Time since last request: 0.000021 seconds.
  path: Assets/Palmov Island/Low Poly Atmospheric Locations Pack/Prefabs/Environment/Pyramids/pyramid 2.prefab
  importAddress: Guid(37506a9a582ca9d4d8de2edb16f90a48) Importer(2089858483,b0f066a214c2f5e87bad3c948f4d605d)
Start importing Assets/Palmov Island/Low Poly Atmospheric Locations Pack/Prefabs/Environment/Pyramids/pyramid 2.prefab using Guid(37506a9a582ca9d4d8de2edb16f90a48) Importer(2089858483,b0f066a214c2f5e87bad3c948f4d605d) (ScriptedImporter) -> (Import Result ID: '01ac549a0a470b80708dd5b751aea954') in 0.0158648 seconds [static and dynamic dependencies]. Details - ImportResultOutputID=b15551a50f4ee98789321c5d1eeb8246 DependenciesID=c9ae2ce92801553d2b2e0aa404ab9f9e StaticDependenciesID=d0bb3c6461ea180ea76a04e2d0177b72 
Number of updated asset objects reloaded before import = 0Number of asset objects unloaded after import = 9

========================================================================
Received Import Request.
  Time since last request: 0.000023 seconds.
  path: Assets/Palmov Island/Low Poly Atmospheric Locations Pack/Models/Stones/Desert stones/desert stone small 5.fbx
  importAddress: Guid(387dacf8e96e88640b5e5607da0465c2) Importer(2089858483,b0f066a214c2f5e87bad3c948f4d605d)
Start importing Assets/Palmov Island/Low Poly Atmospheric Locations Pack/Models/Stones/Desert stones/desert stone small 5.fbx using Guid(387dacf8e96e88640b5e5607da0465c2) Importer(2089858483,b0f066a214c2f5e87bad3c948f4d605d) (ScriptedImporter) -> (Import Result ID: '2766e949545bb3f135f33a07c2d5b163') in 0.0182802 seconds [static and dynamic dependencies]. Details - ImportResultOutputID=cbd6676ebe557becb951792502ed265f DependenciesID=855cbaf619de0da2024e9c7ad8378540 StaticDependenciesID=536889f090ed2ae82f2787c093b99c5f 
Number of updated asset objects reloaded before import = 0Number of asset objects unloaded after import = 8

========================================================================
Received Import Request.
  Time since last request: 0.000018 seconds.
  path: Assets/Palmov Island/Low Poly Atmospheric Locations Pack/Prefabs/Environment/Sports environment/mesh fence.prefab
  importAddress: Guid(65846ba5be5eb0141b24964cd62204f7) Importer(2089858483,b0f066a214c2f5e87bad3c948f4d605d)
Start importing Assets/Palmov Island/Low Poly Atmospheric Locations Pack/Prefabs/Environment/Sports environment/mesh fence.prefab using Guid(65846ba5be5eb0141b24964cd62204f7) Importer(2089858483,b0f066a214c2f5e87bad3c948f4d605d) (ScriptedImporter) -> (Import Result ID: '393dbb62af8d88e6c3c16595d12453c4') in 0.0137575 seconds [static and dynamic dependencies]. Details - ImportResultOutputID=fbbca51f6a6e215ef9dc0075052a84cf DependenciesID=2ced5947fb038ecacd02f8d77a8b86bc StaticDependenciesID=82b56d989e39a642de4881e7ae04d12e 
Number of updated asset objects reloaded before import = 0Number of asset objects unloaded after import = 9

========================================================================
Received Import Request.
  Time since last request: 0.000015 seconds.
  path: Assets/Palmov Island/Low Poly Atmospheric Locations Pack/Prefabs/Trees/Fir trees/pine tree large.prefab
  importAddress: Guid(4c8714d231663104086cc27ef4d3d63a) Importer(2089858483,b0f066a214c2f5e87bad3c948f4d605d)
Start importing Assets/Palmov Island/Low Poly Atmospheric Locations Pack/Prefabs/Trees/Fir trees/pine tree large.prefab using Guid(4c8714d231663104086cc27ef4d3d63a) Importer(2089858483,b0f066a214c2f5e87bad3c948f4d605d) (ScriptedImporter) -> (Import Result ID: 'f318dbd509a916f76751fae930b8f655') in 0.0131953 seconds [static and dynamic dependencies]. Details - ImportResultOutputID=0c03c23c46372f9e6440957fb29dc3fa DependenciesID=95b6013d780c35c07576108c2c5ff550 StaticDependenciesID=9a755cb73e57deb73e26a3868d2d49d3 
Number of updated asset objects reloaded before import = 0Number of asset objects unloaded after import = 9

========================================================================
Received Import Request.
  Time since last request: 0.000019 seconds.
  path: Assets/Palmov Island/Low Poly Atmospheric Locations Pack/Prefabs/Lands
  importAddress: Guid(ebfeb61c31a69094abe3b5c212ec280d) Importer(2089858483,b0f066a214c2f5e87bad3c948f4d605d)
Start importing Assets/Palmov Island/Low Poly Atmospheric Locations Pack/Prefabs/Lands using Guid(ebfeb61c31a69094abe3b5c212ec280d) Importer(2089858483,b0f066a214c2f5e87bad3c948f4d605d) (ScriptedImporter) -> (Import Result ID: '00b01e19cbbb4d49013ffbf3a0351c56') in 0.0097332 seconds [static and dynamic dependencies]. Details - ImportResultOutputID=c60ba4ed638f66a9af140dcf1f108ee6 DependenciesID=d5751d63e283c232fbcd6421b7d2ea26 StaticDependenciesID=e65d0f5bdb2f2513138ff7a132943236 
Number of updated asset objects reloaded before import = 0Number of asset objects unloaded after import = 1

========================================================================
Received Import Request.
  Time since last request: 0.000024 seconds.
  path: Assets/Palmov Island/Low Poly Atmospheric Locations Pack/Models/Plants/Grass brown/grass brown 2.fbx
  importAddress: Guid(5494c0e6f333f244eaeae25385e9404e) Importer(2089858483,b0f066a214c2f5e87bad3c948f4d605d)
Start importing Assets/Palmov Island/Low Poly Atmospheric Locations Pack/Models/Plants/Grass brown/grass brown 2.fbx using Guid(5494c0e6f333f244eaeae25385e9404e) Importer(2089858483,b0f066a214c2f5e87bad3c948f4d605d) (ScriptedImporter) -> (Import Result ID: '80a34bb43c77de7c9bf886e11eeff911') in 0.0173942 seconds [static and dynamic dependencies]. Details - ImportResultOutputID=bc8515b30be2d0ab79ebd17d68677d45 DependenciesID=62e78c896f8cd007cf5165793e1743f3 StaticDependenciesID=db26c6332a797d33d7985510076e4de6 
Number of updated asset objects reloaded before import = 0Number of asset objects unloaded after import = 8

========================================================================
Received Import Request.
  Time since last request: 0.000018 seconds.
  path: Assets/Palmov Island/Low Poly Atmospheric Locations Pack/Models/Environment/smoke.fbx
  importAddress: Guid(06b8b5c885b628640a728f96c63fbb71) Importer(2089858483,b0f066a214c2f5e87bad3c948f4d605d)
Start importing Assets/Palmov Island/Low Poly Atmospheric Locations Pack/Models/Environment/smoke.fbx using Guid(06b8b5c885b628640a728f96c63fbb71) Importer(2089858483,b0f066a214c2f5e87bad3c948f4d605d) (ScriptedImporter) -> (Import Result ID: '49e941a16171e6906ab27cf0e0fa63f4') in 0.0179461 seconds [static and dynamic dependencies]. Details - ImportResultOutputID=31570071c8e00634d702282a35362d88 DependenciesID=13ea05574ef6a3fbc9a7568857661c6d StaticDependenciesID=95b2637c95536e914aaf8ea17f19df2e 
Number of updated asset objects reloaded before import = 0Number of asset objects unloaded after import = 8

========================================================================
Received Import Request.
  Time since last request: 0.000014 seconds.
  path: Assets/Palmov Island/Low Poly Atmospheric Locations Pack/Prefabs/Trees/Dry trees
  importAddress: Guid(34473c4112e1f2649b0a5f84928d1bea) Importer(2089858483,b0f066a214c2f5e87bad3c948f4d605d)
Start importing Assets/Palmov Island/Low Poly Atmospheric Locations Pack/Prefabs/Trees/Dry trees using Guid(34473c4112e1f2649b0a5f84928d1bea) Importer(2089858483,b0f066a214c2f5e87bad3c948f4d605d) (ScriptedImporter) -> (Import Result ID: 'a399da08a69c20e97029a696f6936ccc') in 0.0093665 seconds [static and dynamic dependencies]. Details - ImportResultOutputID=18131a24799839e250f0d227366873f7 DependenciesID=9c98a37f10dbb15570dfa2a5c39a0ee9 StaticDependenciesID=36a5ea4c47f287caa25266c923bea2f6 
Number of updated asset objects reloaded before import = 0Number of asset objects unloaded after import = 1

========================================================================
Received Import Request.
  Time since last request: 0.000016 seconds.
  path: Assets/Palmov Island/Low Poly Atmospheric Locations Pack/Models/Trees/Fir trees winter/fir tree winter bent.fbx
  importAddress: Guid(176c48202f5c6d24f9fc3b20c84b85db) Importer(2089858483,b0f066a214c2f5e87bad3c948f4d605d)
Start importing Assets/Palmov Island/Low Poly Atmospheric Locations Pack/Models/Trees/Fir trees winter/fir tree winter bent.fbx using Guid(176c48202f5c6d24f9fc3b20c84b85db) Importer(2089858483,b0f066a214c2f5e87bad3c948f4d605d) (ScriptedImporter) -> (Import Result ID: 'cc9587e9eba84a061426408c171e4f79') in 0.0185426 seconds [static and dynamic dependencies]. Details - ImportResultOutputID=1e481c58d06f4bf0e99711756574ca43 DependenciesID=010278c834db879b3c7f6daeb9e8c99b StaticDependenciesID=8892ae00030331c554d22798b6aa8532 
Number of updated asset objects reloaded before import = 0Number of asset objects unloaded after import = 8

========================================================================
Received Import Request.
  Time since last request: 0.000026 seconds.
  path: Assets/Palmov Island/Low Poly Atmospheric Locations Pack/Prefabs/Trees/Fir trees/fir tree bent.prefab
  importAddress: Guid(c69ef20c4f71f7842a9898e95730c433) Importer(2089858483,b0f066a214c2f5e87bad3c948f4d605d)
Start importing Assets/Palmov Island/Low Poly Atmospheric Locations Pack/Prefabs/Trees/Fir trees/fir tree bent.prefab using Guid(c69ef20c4f71f7842a9898e95730c433) Importer(2089858483,b0f066a214c2f5e87bad3c948f4d605d) (ScriptedImporter) -> (Import Result ID: 'ae675710969ca80a8482426573154d91') in 0.0139259 seconds [static and dynamic dependencies]. Details - ImportResultOutputID=6331e74c5c455d2fe424c584d5cf9b5a DependenciesID=054a07756068366064a67c5299b6d0a0 StaticDependenciesID=84eecb83f6a7ff2a74b62246782e46a5 
Number of updated asset objects reloaded before import = 0Number of asset objects unloaded after import = 9

========================================================================
Received Import Request.
  Time since last request: 0.000016 seconds.
  path: Assets/Palmov Island/Low Poly Atmospheric Locations Pack/Prefabs/Stones/Stones small gray blue/stone small gray blue 4.prefab
  importAddress: Guid(fbdb972e1c3d6b3429009336f3e5b237) Importer(2089858483,b0f066a214c2f5e87bad3c948f4d605d)
Start importing Assets/Palmov Island/Low Poly Atmospheric Locations Pack/Prefabs/Stones/Stones small gray blue/stone small gray blue 4.prefab using Guid(fbdb972e1c3d6b3429009336f3e5b237) Importer(2089858483,b0f066a214c2f5e87bad3c948f4d605d) (ScriptedImporter) -> (Import Result ID: 'a811c97c18c5a69ae0f70189fd8e6c2d') in 0.0147313 seconds [static and dynamic dependencies]. Details - ImportResultOutputID=1fa313f570db00038b5c22a467af7b1a DependenciesID=a3287dcef65ff047749d90d93e65e52e StaticDependenciesID=f0de52cb93cbd4b7c3f3b228db3b1712 
Number of updated asset objects reloaded before import = 0Number of asset objects unloaded after import = 9

========================================================================
Received Import Request.
  Time since last request: 0.000017 seconds.
  path: Assets/Palmov Island/Low Poly Atmospheric Locations Pack/Prefabs/Location with environment/japanes island.prefab
  importAddress: Guid(4ad7a5a7fc42f6b49945c81440d0dfe0) Importer(2089858483,b0f066a214c2f5e87bad3c948f4d605d)
Start importing Assets/Palmov Island/Low Poly Atmospheric Locations Pack/Prefabs/Location with environment/japanes island.prefab using Guid(4ad7a5a7fc42f6b49945c81440d0dfe0) Importer(2089858483,b0f066a214c2f5e87bad3c948f4d605d) (ScriptedImporter) -> (Import Result ID: '714267bb74acd9b56d982b338995fac6') in 0.0213973 seconds [static and dynamic dependencies]. Details - ImportResultOutputID=5385f9739c68ec3896583758fadf5260 DependenciesID=4391b81ccd0c2bf8206135c9a58e4d38 StaticDependenciesID=284ae9799ecd7276cc244fa0c40f3ee3 
Number of updated asset objects reloaded before import = 0Number of asset objects unloaded after import = 285

========================================================================
Received Import Request.
  Time since last request: 0.000033 seconds.
  path: Assets/Palmov Island/Low Poly Atmospheric Locations Pack/Prefabs/Stones/Stones large gray blue/stone large gray blue 4.prefab
  importAddress: Guid(affe613d84fcf2249b76c35e2bc1ce22) Importer(2089858483,b0f066a214c2f5e87bad3c948f4d605d)
Start importing Assets/Palmov Island/Low Poly Atmospheric Locations Pack/Prefabs/Stones/Stones large gray blue/stone large gray blue 4.prefab using Guid(affe613d84fcf2249b76c35e2bc1ce22) Importer(2089858483,b0f066a214c2f5e87bad3c948f4d605d) (ScriptedImporter) -> (Import Result ID: '69ac9163bbabe6a34c59b7eabb121f6b') in 0.0146034 seconds [static and dynamic dependencies]. Details - ImportResultOutputID=abf29c99f58b3a2cb50fb390f548afaa DependenciesID=486854e0da6a1769412a5601d548e6ef StaticDependenciesID=91433ccabd8d2f7457adc6e48af0dc25 
Number of updated asset objects reloaded before import = 0Number of asset objects unloaded after import = 9

========================================================================
Received Import Request.
  Time since last request: 0.000026 seconds.
  path: Assets/Palmov Island/Low Poly Atmospheric Locations Pack/Prefabs/Environment/Winter environment/Christmas balls/ball yellow.prefab
  importAddress: Guid(e530151a1fab1424695090b9c67a1870) Importer(2089858483,b0f066a214c2f5e87bad3c948f4d605d)
Start importing Assets/Palmov Island/Low Poly Atmospheric Locations Pack/Prefabs/Environment/Winter environment/Christmas balls/ball yellow.prefab using Guid(e530151a1fab1424695090b9c67a1870) Importer(2089858483,b0f066a214c2f5e87bad3c948f4d605d) (ScriptedImporter) -> (Import Result ID: '4b39defcc6073018a8869bdd08ce628d') in 0.0152983 seconds [static and dynamic dependencies]. Details - ImportResultOutputID=de751397c0d7019272380ca204c89fdf DependenciesID=cae3f009df1205be6e0ad3f78cafe240 StaticDependenciesID=ac3c8453965e86710155538b0ebc14b7 
Number of updated asset objects reloaded before import = 0Number of asset objects unloaded after import = 9

========================================================================
Received Import Request.
  Time since last request: 0.000018 seconds.
  path: Assets/Palmov Island/Low Poly Atmospheric Locations Pack/Models/Houses/Buildings/building 2.fbx
  importAddress: Guid(84a6fcf5461446740bfe929c6132f1c3) Importer(2089858483,b0f066a214c2f5e87bad3c948f4d605d)
Start importing Assets/Palmov Island/Low Poly Atmospheric Locations Pack/Models/Houses/Buildings/building 2.fbx using Guid(84a6fcf5461446740bfe929c6132f1c3) Importer(2089858483,b0f066a214c2f5e87bad3c948f4d605d) (ScriptedImporter) -> (Import Result ID: '83f9fa6d83cedc5ce8c3f93f3052197a') in 0.017245 seconds [static and dynamic dependencies]. Details - ImportResultOutputID=d6e3112acccf92dc260503d48d177584 DependenciesID=6ebe90261196f3c8133b8e4fda0f2425 StaticDependenciesID=67a4803da0d1ebcafa75e8e092abc2fd 
Number of updated asset objects reloaded before import = 0Number of asset objects unloaded after import = 8

========================================================================
Received Import Request.
  Time since last request: 0.000016 seconds.
  path: Assets/Palmov Island/Low Poly Atmospheric Locations Pack/Models/Environment/wooden pier.fbx
  importAddress: Guid(8a4ae102e51c8574a92bfae524c167a0) Importer(2089858483,b0f066a214c2f5e87bad3c948f4d605d)
Start importing Assets/Palmov Island/Low Poly Atmospheric Locations Pack/Models/Environment/wooden pier.fbx using Guid(8a4ae102e51c8574a92bfae524c167a0) Importer(2089858483,b0f066a214c2f5e87bad3c948f4d605d) (ScriptedImporter) -> (Import Result ID: '26b347b87deb856de7a83e9a9e39085a') in 0.0170917 seconds [static and dynamic dependencies]. Details - ImportResultOutputID=0287bd7f535bc479469def6b581ff3eb DependenciesID=880cdf4914d3abdf1d763c1d97a3feaa StaticDependenciesID=4b363a33bab7aa2362ef3680dca88f53 
Number of updated asset objects reloaded before import = 0Number of asset objects unloaded after import = 8

========================================================================
Received Import Request.
  Time since last request: 0.000019 seconds.
  path: Assets/Palmov Island/Low Poly Atmospheric Locations Pack/Scenes/Plants.unity
  importAddress: Guid(cc2efe80766aac64da8c0a7e8bc7aef1) Importer(2089858483,b0f066a214c2f5e87bad3c948f4d605d)
Start importing Assets/Palmov Island/Low Poly Atmospheric Locations Pack/Scenes/Plants.unity using Guid(cc2efe80766aac64da8c0a7e8bc7aef1) Importer(2089858483,b0f066a214c2f5e87bad3c948f4d605d) (ScriptedImporter) -> (Import Result ID: '984c5020147344c6d6cda19e84fe4627') in 0.0110532 seconds [static and dynamic dependencies]. Details - ImportResultOutputID=eacce9d8f4eac8e423d3e7f50e35c2f0 DependenciesID=05e8d891c59cdfe89404f844f58a251f StaticDependenciesID=d0e0f2f5d10ed2835809b45b1245399a 
Number of updated asset objects reloaded before import = 0Number of asset objects unloaded after import = 1

========================================================================
Received Import Request.
  Time since last request: 0.000027 seconds.
  path: Assets/Palmov Island/Low Poly Atmospheric Locations Pack/Models/Trees/Autumn fir trees/autumn pine tree medium.fbx
  importAddress: Guid(cf7eb190d6c57ac4dae24cb0da6a7b32) Importer(2089858483,b0f066a214c2f5e87bad3c948f4d605d)
Start importing Assets/Palmov Island/Low Poly Atmospheric Locations Pack/Models/Trees/Autumn fir trees/autumn pine tree medium.fbx using Guid(cf7eb190d6c57ac4dae24cb0da6a7b32) Importer(2089858483,b0f066a214c2f5e87bad3c948f4d605d) (ScriptedImporter) -> (Import Result ID: 'a250c4e65196ca39c148e686ee3e13a8') in 0.0192246 seconds [static and dynamic dependencies]. Details - ImportResultOutputID=1a75f1e4593f0aba075962280e5565b5 DependenciesID=bd892b26cf7b8c196cc2aebf53ec84c4 StaticDependenciesID=457dfa3fd8bbae7dacf84d887672701a 
Number of updated asset objects reloaded before import = 0Number of asset objects unloaded after import = 8

========================================================================
Received Import Request.
  Time since last request: 0.000017 seconds.
  path: Assets/Palmov Island/Low Poly Atmospheric Locations Pack/Models/Trees/Tree trunks
  importAddress: Guid(0fe002aa5abadd147b092f746047797b) Importer(2089858483,b0f066a214c2f5e87bad3c948f4d605d)
Start importing Assets/Palmov Island/Low Poly Atmospheric Locations Pack/Models/Trees/Tree trunks using Guid(0fe002aa5abadd147b092f746047797b) Importer(2089858483,b0f066a214c2f5e87bad3c948f4d605d) (ScriptedImporter) -> (Import Result ID: '746f066d990017a4217afba3696ab9b2') in 0.0091848 seconds [static and dynamic dependencies]. Details - ImportResultOutputID=63a4406fbc90ff7a43ee723540b0b1e1 DependenciesID=9a1074efe05ff60986b8a5a559406045 StaticDependenciesID=3b79d74cbecbae9009fddc46cf4a5398 
Number of updated asset objects reloaded before import = 0Number of asset objects unloaded after import = 1

========================================================================
Received Import Request.
  Time since last request: 0.000014 seconds.
  path: Assets/Palmov Island/Low Poly Atmospheric Locations Pack/Prefabs/Lands/land soccer field.prefab
  importAddress: Guid(71d04ecfb30e9cb4bbcdc197e2af9a93) Importer(2089858483,b0f066a214c2f5e87bad3c948f4d605d)
Start importing Assets/Palmov Island/Low Poly Atmospheric Locations Pack/Prefabs/Lands/land soccer field.prefab using Guid(71d04ecfb30e9cb4bbcdc197e2af9a93) Importer(2089858483,b0f066a214c2f5e87bad3c948f4d605d) (ScriptedImporter) -> (Import Result ID: 'e48e8e5a53932e5bc878c84aa9206107') in 0.0129083 seconds [static and dynamic dependencies]. Details - ImportResultOutputID=ac8f894d0e03fc6f7fc9658828273ed6 DependenciesID=c89a0afd35102030fd7b386666cfc7d0 StaticDependenciesID=6de1e07565a42e3fb8093f30f4285694 
Number of updated asset objects reloaded before import = 0Number of asset objects unloaded after import = 9

========================================================================
Received Import Request.
  Time since last request: 0.000019 seconds.
  path: Assets/Palmov Island/Low Poly Atmospheric Locations Pack/Models/Trees/Autumn trees/autumn tree.fbx
  importAddress: Guid(6e67e3c4e5697e5498651242079d0f2f) Importer(2089858483,b0f066a214c2f5e87bad3c948f4d605d)
Start importing Assets/Palmov Island/Low Poly Atmospheric Locations Pack/Models/Trees/Autumn trees/autumn tree.fbx using Guid(6e67e3c4e5697e5498651242079d0f2f) Importer(2089858483,b0f066a214c2f5e87bad3c948f4d605d) (ScriptedImporter) -> (Import Result ID: '42c534471e2ca380fa47ea35656f4d6c') in 0.0174044 seconds [static and dynamic dependencies]. Details - ImportResultOutputID=ae93603d520d03df6c95410115318347 DependenciesID=b44fb3631b46b5967107dd8591478111 StaticDependenciesID=a61c491280460c29bb7fffaabf98a717 
Number of updated asset objects reloaded before import = 0Number of asset objects unloaded after import = 8

========================================================================
Received Import Request.
  Time since last request: 0.000026 seconds.
  path: Assets/Palmov Island/Low Poly Atmospheric Locations Pack/Prefabs/Environment/Winter environment/Christmas balls
  importAddress: Guid(806f4dbe38bdb4f4caab3c3ffcc33018) Importer(2089858483,b0f066a214c2f5e87bad3c948f4d605d)
Start importing Assets/Palmov Island/Low Poly Atmospheric Locations Pack/Prefabs/Environment/Winter environment/Christmas balls using Guid(806f4dbe38bdb4f4caab3c3ffcc33018) Importer(2089858483,b0f066a214c2f5e87bad3c948f4d605d) (ScriptedImporter) -> (Import Result ID: 'bdb33b1f03e7b2107027f192636042a1') in 0.0078317 seconds [static and dynamic dependencies]. Details - ImportResultOutputID=145fb554cbdad532236b800e35789cdc DependenciesID=bd54da72641c22074dc34bb1e14b00e1 StaticDependenciesID=094aac28db481e9f776b0549d5fbd91a 
Number of updated asset objects reloaded before import = 0Number of asset objects unloaded after import = 1

========================================================================
Received Import Request.
  Time since last request: 0.000013 seconds.
  path: Assets/Palmov Island/Low Poly Atmospheric Locations Pack/Models/Trees/Autumn trees/autumn tree 5.fbx
  importAddress: Guid(dd59224ca36fa70428f827d890c3fb49) Importer(2089858483,b0f066a214c2f5e87bad3c948f4d605d)
Start importing Assets/Palmov Island/Low Poly Atmospheric Locations Pack/Models/Trees/Autumn trees/autumn tree 5.fbx using Guid(dd59224ca36fa70428f827d890c3fb49) Importer(2089858483,b0f066a214c2f5e87bad3c948f4d605d) (ScriptedImporter) -> (Import Result ID: 'd5cb11462460bb55cb6172439b6162a0') in 0.017553 seconds [static and dynamic dependencies]. Details - ImportResultOutputID=deb08d691c1604e4f09cc16579710790 DependenciesID=90d34f9cfa68e042c9521e8b717d7892 StaticDependenciesID=222dab0ef252f4fb3897d2f6ec291951 
Number of updated asset objects reloaded before import = 0Number of asset objects unloaded after import = 8

========================================================================
Received Import Request.
  Time since last request: 0.000015 seconds.
  path: Assets/Palmov Island/Low Poly Atmospheric Locations Pack/Models/Trees/Fir trees/fir tree bent.fbx
  importAddress: Guid(accfade4b7114f24783256bf071c25c2) Importer(2089858483,b0f066a214c2f5e87bad3c948f4d605d)
Start importing Assets/Palmov Island/Low Poly Atmospheric Locations Pack/Models/Trees/Fir trees/fir tree bent.fbx using Guid(accfade4b7114f24783256bf071c25c2) Importer(2089858483,b0f066a214c2f5e87bad3c948f4d605d) (ScriptedImporter) -> (Import Result ID: 'ef982255d95a6fb55999003c6332ede7') in 0.018012 seconds [static and dynamic dependencies]. Details - ImportResultOutputID=4f1a58751c40bf16208d6926fb23e2e8 DependenciesID=76b263af03d01ef485756472a3a59942 StaticDependenciesID=beb7eac5b73cc9bf98c8758b4b2baf7b 
Number of updated asset objects reloaded before import = 0Number of asset objects unloaded after import = 8

========================================================================
Received Import Request.
  Time since last request: 0.000016 seconds.
  path: Assets/Palmov Island/Low Poly Atmospheric Locations Pack/Prefabs/Stones/Stones small gray blue/stone small gray blue 5.prefab
  importAddress: Guid(adfca17b268f46f4db11dee70233d653) Importer(2089858483,b0f066a214c2f5e87bad3c948f4d605d)
Start importing Assets/Palmov Island/Low Poly Atmospheric Locations Pack/Prefabs/Stones/Stones small gray blue/stone small gray blue 5.prefab using Guid(adfca17b268f46f4db11dee70233d653) Importer(2089858483,b0f066a214c2f5e87bad3c948f4d605d) (ScriptedImporter) -> (Import Result ID: '3cf97a67f76bf22cdacac594298c2502') in 0.0143419 seconds [static and dynamic dependencies]. Details - ImportResultOutputID=dbbd26c8812cc19f29ee90a6c56d8962 DependenciesID=8de4fff04de6b9694628cc159464f6f7 StaticDependenciesID=b08cb1ef1155c952df12b6d3380c4bb3 
Number of updated asset objects reloaded before import = 0Number of asset objects unloaded after import = 9

========================================================================
Received Import Request.
  Time since last request: 0.000027 seconds.
  path: Assets/Palmov Island/Low Poly Atmospheric Locations Pack/Prefabs/Animals/horse silver.prefab
  importAddress: Guid(1e1e5586d1e636e49a3296eae7b93084) Importer(2089858483,b0f066a214c2f5e87bad3c948f4d605d)
Start importing Assets/Palmov Island/Low Poly Atmospheric Locations Pack/Prefabs/Animals/horse silver.prefab using Guid(1e1e5586d1e636e49a3296eae7b93084) Importer(2089858483,b0f066a214c2f5e87bad3c948f4d605d) (ScriptedImporter) -> (Import Result ID: 'b45332c4ea8b34e96bb339185b146f91') in 0.0142074 seconds [static and dynamic dependencies]. Details - ImportResultOutputID=5b44203e413826d50fcbbcf296ca7be7 DependenciesID=30fc576ef676e3f606d4f3da8d7ef239 StaticDependenciesID=a35b1c8357620c6062ad3ba5002f442c 
Number of updated asset objects reloaded before import = 0Number of asset objects unloaded after import = 9

========================================================================
Received Import Request.
  Time since last request: 0.000015 seconds.
  path: Assets/Palmov Island/Low Poly Atmospheric Locations Pack/Models/Stones/Desert stones/desert stone small.fbx
  importAddress: Guid(951a46640875102428d28c4e577fa9d8) Importer(2089858483,b0f066a214c2f5e87bad3c948f4d605d)
Start importing Assets/Palmov Island/Low Poly Atmospheric Locations Pack/Models/Stones/Desert stones/desert stone small.fbx using Guid(951a46640875102428d28c4e577fa9d8) Importer(2089858483,b0f066a214c2f5e87bad3c948f4d605d) (ScriptedImporter) -> (Import Result ID: '865fd47a51ef8c1b58b17f19c9fb4540') in 0.0183432 seconds [static and dynamic dependencies]. Details - ImportResultOutputID=8104f506437eddc1db4fceefe145ef2b DependenciesID=5f958a7174345c85f4ab9055aef2383f StaticDependenciesID=d3657d1e001d17287e44e78b786be9f7 
Number of updated asset objects reloaded before import = 0Number of asset objects unloaded after import = 8

========================================================================
Received Import Request.
  Time since last request: 0.000014 seconds.
  path: Assets/Palmov Island/Low Poly Atmospheric Locations Pack/Scenes/Location soccer field.unity
  importAddress: Guid(b02f46ebb4f474b40bc3e09f976972fb) Importer(2089858483,b0f066a214c2f5e87bad3c948f4d605d)
Start importing Assets/Palmov Island/Low Poly Atmospheric Locations Pack/Scenes/Location soccer field.unity using Guid(b02f46ebb4f474b40bc3e09f976972fb) Importer(2089858483,b0f066a214c2f5e87bad3c948f4d605d) (ScriptedImporter) -> (Import Result ID: 'a6ad60852c7b0d1a6bc70365708b0eba') in 0.0102564 seconds [static and dynamic dependencies]. Details - ImportResultOutputID=6d8c3b7625a37a315e944e148bec1e6d DependenciesID=343b8449b2af2d33177e4c2d7e0c7736 StaticDependenciesID=bc268a6e3627236d121a5f31d0e4b68f 
Number of updated asset objects reloaded before import = 0Number of asset objects unloaded after import = 1

========================================================================
Received Import Request.
  Time since last request: 0.000017 seconds.
  path: Assets/Palmov Island/Low Poly Atmospheric Locations Pack/Prefabs/Environment/Camping environment/camping tent yellow.prefab
  importAddress: Guid(972b4e3cf07317d4597b2d5b2f9a873b) Importer(2089858483,b0f066a214c2f5e87bad3c948f4d605d)
Start importing Assets/Palmov Island/Low Poly Atmospheric Locations Pack/Prefabs/Environment/Camping environment/camping tent yellow.prefab using Guid(972b4e3cf07317d4597b2d5b2f9a873b) Importer(2089858483,b0f066a214c2f5e87bad3c948f4d605d) (ScriptedImporter) -> (Import Result ID: '6ba113ba2268475dc3224a0aefbee2ff') in 0.0150433 seconds [static and dynamic dependencies]. Details - ImportResultOutputID=debb10d54101d9493f094a7552426002 DependenciesID=0312d770d266168c9e6438181c16fcd7 StaticDependenciesID=e73b496a44114be19dca0230696b5197 
Number of updated asset objects reloaded before import = 0Number of asset objects unloaded after import = 8

========================================================================
Received Import Request.
  Time since last request: 0.000025 seconds.
  path: Assets/Palmov Island/Low Poly Atmospheric Locations Pack/Models/Stones/Stones large gray blue/stone large gray blue 2.fbx
  importAddress: Guid(6869285268f39904689a71099f4d3e1e) Importer(2089858483,b0f066a214c2f5e87bad3c948f4d605d)
Start importing Assets/Palmov Island/Low Poly Atmospheric Locations Pack/Models/Stones/Stones large gray blue/stone large gray blue 2.fbx using Guid(6869285268f39904689a71099f4d3e1e) Importer(2089858483,b0f066a214c2f5e87bad3c948f4d605d) (ScriptedImporter) -> (Import Result ID: 'b1cd58924d478f3673d19c0bcb7adbe9') in 0.0162783 seconds [static and dynamic dependencies]. Details - ImportResultOutputID=ad45ae76afcaff49468dac3714baf329 DependenciesID=f63c78595a52369e40cfaa2efd50cd92 StaticDependenciesID=d0b6433f5c7eb150df7ce11aa4d43ec1 
Number of updated asset objects reloaded before import = 0Number of asset objects unloaded after import = 8

========================================================================
Received Import Request.
  Time since last request: 0.000019 seconds.
  path: Assets/Palmov Island/Low Poly Atmospheric Locations Pack/Prefabs/Location with environment
  importAddress: Guid(b23fd74ae4e27f4469a490bb154cd9e0) Importer(2089858483,b0f066a214c2f5e87bad3c948f4d605d)
Start importing Assets/Palmov Island/Low Poly Atmospheric Locations Pack/Prefabs/Location with environment using Guid(b23fd74ae4e27f4469a490bb154cd9e0) Importer(2089858483,b0f066a214c2f5e87bad3c948f4d605d) (ScriptedImporter) -> (Import Result ID: 'fa60900c580e41454e160feb5cce9f99') in 0.0091768 seconds [static and dynamic dependencies]. Details - ImportResultOutputID=61bc5364e6fcd318c78c48c5bc10be2d DependenciesID=ba3a663bb7add3beaf07d5e77e0cd741 StaticDependenciesID=518d5d20cadec0f9ce627ef7bccc7be1 
Number of updated asset objects reloaded before import = 0Number of asset objects unloaded after import = 1

========================================================================
Received Import Request.
  Time since last request: 0.000018 seconds.
  path: Assets/Palmov Island/Low Poly Atmospheric Locations Pack/Prefabs/Vehicles/space shuttle.prefab
  importAddress: Guid(788cac8254415e64e8425466d0c47dea) Importer(2089858483,b0f066a214c2f5e87bad3c948f4d605d)
Start importing Assets/Palmov Island/Low Poly Atmospheric Locations Pack/Prefabs/Vehicles/space shuttle.prefab using Guid(788cac8254415e64e8425466d0c47dea) Importer(2089858483,b0f066a214c2f5e87bad3c948f4d605d) (ScriptedImporter) -> (Import Result ID: '3cc7ba8ea7c3e88fbf3afc3540c2d579') in 0.0154794 seconds [static and dynamic dependencies]. Details - ImportResultOutputID=910fb6ea0cd909228fa7713cfbaa03ef DependenciesID=081a8f3340e382a5a6f650b3f8bea65f StaticDependenciesID=f1171638345b91d9eb0cb9b9e1e357a8 
Number of updated asset objects reloaded before import = 0Number of asset objects unloaded after import = 9

========================================================================
Received Import Request.
  Time since last request: 0.000020 seconds.
  path: Assets/Palmov Island/Low Poly Atmospheric Locations Pack/Models/Trees/Fir trees/fir tree tilted.fbx
  importAddress: Guid(9c9c052014ed57146bc86830599c1c2b) Importer(2089858483,b0f066a214c2f5e87bad3c948f4d605d)
Start importing Assets/Palmov Island/Low Poly Atmospheric Locations Pack/Models/Trees/Fir trees/fir tree tilted.fbx using Guid(9c9c052014ed57146bc86830599c1c2b) Importer(2089858483,b0f066a214c2f5e87bad3c948f4d605d) (ScriptedImporter) -> (Import Result ID: 'd1a23534f225159b6af3fd794ad49b4a') in 0.0191803 seconds [static and dynamic dependencies]. Details - ImportResultOutputID=4164130f2af98cfe3f22a4481a24bd1c DependenciesID=39cbf26739def42ff471dc0bd34d8ed7 StaticDependenciesID=1eb8429bfa40985329360a03e04077f3 
Number of updated asset objects reloaded before import = 0Number of asset objects unloaded after import = 8

========================================================================
Received Import Request.
  Time since last request: 0.000026 seconds.
  path: Assets/Palmov Island/Low Poly Atmospheric Locations Pack/Models/Environment/wooden bridge.fbx
  importAddress: Guid(1087f472c31ea1942a51e882ead935c5) Importer(2089858483,b0f066a214c2f5e87bad3c948f4d605d)
Start importing Assets/Palmov Island/Low Poly Atmospheric Locations Pack/Models/Environment/wooden bridge.fbx using Guid(1087f472c31ea1942a51e882ead935c5) Importer(2089858483,b0f066a214c2f5e87bad3c948f4d605d) (ScriptedImporter) -> (Import Result ID: '2ef1511531e02426b0b8d4d52fd63a49') in 0.0185417 seconds [static and dynamic dependencies]. Details - ImportResultOutputID=932b0486147929ed06efecbe966be675 DependenciesID=f16c79a268dd5a12eecd3de6cf4e055a StaticDependenciesID=80dd910a1c16656c44788d5aafab5a9a 
Number of updated asset objects reloaded before import = 0Number of asset objects unloaded after import = 8

========================================================================
Received Import Request.
  Time since last request: 0.000017 seconds.
  path: Assets/Palmov Island/Low Poly Atmospheric Locations Pack/Models/Plants/Grass/grass 2.fbx
  importAddress: Guid(395b27abb43ab1a4b92c1424389f06d4) Importer(2089858483,b0f066a214c2f5e87bad3c948f4d605d)
Start importing Assets/Palmov Island/Low Poly Atmospheric Locations Pack/Models/Plants/Grass/grass 2.fbx using Guid(395b27abb43ab1a4b92c1424389f06d4) Importer(2089858483,b0f066a214c2f5e87bad3c948f4d605d) (ScriptedImporter) -> (Import Result ID: 'c285a3625bf5b4503be9333cbdc66e78') in 0.0193345 seconds [static and dynamic dependencies]. Details - ImportResultOutputID=ceaa004e4d909ce11d4c90e3025092a7 DependenciesID=2d6bcf17667c92dfc4f33f48faf6f70b StaticDependenciesID=e44800d9a7374b36619141fd5d0cbcd6 
Number of updated asset objects reloaded before import = 0Number of asset objects unloaded after import = 8

========================================================================
Received Import Request.
  Time since last request: 0.000013 seconds.
  path: Assets/Palmov Island/Low Poly Atmospheric Locations Pack/Prefabs/Waters/water location japanes island.prefab
  importAddress: Guid(39d536f6754d8c34c9e12ed5ef76c2f3) Importer(2089858483,b0f066a214c2f5e87bad3c948f4d605d)
Start importing Assets/Palmov Island/Low Poly Atmospheric Locations Pack/Prefabs/Waters/water location japanes island.prefab using Guid(39d536f6754d8c34c9e12ed5ef76c2f3) Importer(2089858483,b0f066a214c2f5e87bad3c948f4d605d) (ScriptedImporter) -> (Import Result ID: '2606343dc307360fec7c7f9ddd80e15f') in 0.0149449 seconds [static and dynamic dependencies]. Details - ImportResultOutputID=857d23c60576ce7f80d246e293442160 DependenciesID=c0c125431076c51cad14a04e24a3a9ad StaticDependenciesID=d5a86596c394bbbc4a27901c2b1525f1 
Number of updated asset objects reloaded before import = 0Number of asset objects unloaded after import = 9

========================================================================
Received Import Request.
  Time since last request: 0.000022 seconds.
  path: Assets/Palmov Island/Low Poly Atmospheric Locations Pack/Models/Stones/Stones small/stone small 9.fbx
  importAddress: Guid(7203c72639e750947930628c08a81d1d) Importer(2089858483,b0f066a214c2f5e87bad3c948f4d605d)
Start importing Assets/Palmov Island/Low Poly Atmospheric Locations Pack/Models/Stones/Stones small/stone small 9.fbx using Guid(7203c72639e750947930628c08a81d1d) Importer(2089858483,b0f066a214c2f5e87bad3c948f4d605d) (ScriptedImporter) -> (Import Result ID: '8e59acf92ad30b975c74bba3f1a354fa') in 0.0179704 seconds [static and dynamic dependencies]. Details - ImportResultOutputID=a077534e30961a45ba41e5111ad1ae4b DependenciesID=d893a41186a4525535c165da6d665186 StaticDependenciesID=61f3bc7718b97f13ba437da96c7b1039 
Number of updated asset objects reloaded before import = 0Number of asset objects unloaded after import = 8

========================================================================
Received Import Request.
  Time since last request: 0.000027 seconds.
  path: Assets/Palmov Island/Low Poly Atmospheric Locations Pack/Models/Environment/smoke 2.fbx
  importAddress: Guid(517982a8d74649742af3c9f9daa0927b) Importer(2089858483,b0f066a214c2f5e87bad3c948f4d605d)
Start importing Assets/Palmov Island/Low Poly Atmospheric Locations Pack/Models/Environment/smoke 2.fbx using Guid(517982a8d74649742af3c9f9daa0927b) Importer(2089858483,b0f066a214c2f5e87bad3c948f4d605d) (ScriptedImporter) -> (Import Result ID: '1ecb567f069b69322808783bcc63c3a8') in 0.018041 seconds [static and dynamic dependencies]. Details - ImportResultOutputID=b1199d34aea40cc06e2647ef02db6fe3 DependenciesID=c60f4d7f087d9588bf2f42072773dd04 StaticDependenciesID=b217c4c28539c0a2c4fc5dcb45011c83 
Number of updated asset objects reloaded before import = 0Number of asset objects unloaded after import = 8

========================================================================
Received Import Request.
  Time since last request: 0.000017 seconds.
  path: Assets/Palmov Island/Low Poly Atmospheric Locations Pack/Prefabs/Environment/water tank.prefab
  importAddress: Guid(1fa0ad777f5860c40ac01baa9d966810) Importer(2089858483,b0f066a214c2f5e87bad3c948f4d605d)
Start importing Assets/Palmov Island/Low Poly Atmospheric Locations Pack/Prefabs/Environment/water tank.prefab using Guid(1fa0ad777f5860c40ac01baa9d966810) Importer(2089858483,b0f066a214c2f5e87bad3c948f4d605d) (ScriptedImporter) -> (Import Result ID: '60d9ec1114b888c5235dab92fb8b1d00') in 0.0157662 seconds [static and dynamic dependencies]. Details - ImportResultOutputID=65d2c4849d0f107415270f418be9ccaa DependenciesID=0578fbbe555ece5f3a30468f5c3cb0c6 StaticDependenciesID=a9a4ae4bb3c10679078c7f0d332c8c7f 
Number of updated asset objects reloaded before import = 0Number of asset objects unloaded after import = 9

========================================================================
Received Import Request.
  Time since last request: 0.000017 seconds.
  path: Assets/Palmov Island/Low Poly Atmospheric Locations Pack/Models/Lands/land wild west railway station.fbx
  importAddress: Guid(e2a598321feae8849b15ea8f560c801b) Importer(2089858483,b0f066a214c2f5e87bad3c948f4d605d)
Start importing Assets/Palmov Island/Low Poly Atmospheric Locations Pack/Models/Lands/land wild west railway station.fbx using Guid(e2a598321feae8849b15ea8f560c801b) Importer(2089858483,b0f066a214c2f5e87bad3c948f4d605d) (ScriptedImporter) -> (Import Result ID: '1f19045f9ade9b91fa6b4acc453b4e17') in 0.0152523 seconds [static and dynamic dependencies]. Details - ImportResultOutputID=d885cbd8b3e39976152a2d0a7cf1161e DependenciesID=f4e7a5e5d0ba6d17dc6b10b57b213fd2 StaticDependenciesID=e47f12f40595ff0848f8e02585b747fc 
Number of updated asset objects reloaded before import = 0Number of asset objects unloaded after import = 8

========================================================================
Received Import Request.
  Time since last request: 0.000021 seconds.
  path: Assets/Palmov Island/Low Poly Atmospheric Locations Pack/Models/Environment/Winter environment/Christmas balls/ball blue.fbx
  importAddress: Guid(b73448990852d534da307d843c6f7064) Importer(2089858483,b0f066a214c2f5e87bad3c948f4d605d)
Start importing Assets/Palmov Island/Low Poly Atmospheric Locations Pack/Models/Environment/Winter environment/Christmas balls/ball blue.fbx using Guid(b73448990852d534da307d843c6f7064) Importer(2089858483,b0f066a214c2f5e87bad3c948f4d605d) (ScriptedImporter) -> (Import Result ID: '4678ea1855e9cbc70cdf0a9e45369150') in 0.0189455 seconds [static and dynamic dependencies]. Details - ImportResultOutputID=9c070e075e820fedc220e907bef7e6c4 DependenciesID=96a9ad8b78898eee0bae7a2d9f291500 StaticDependenciesID=555839e6393581707d13ae77b0d9bf08 
Number of updated asset objects reloaded before import = 0Number of asset objects unloaded after import = 8

========================================================================
Received Import Request.
  Time since last request: 0.000029 seconds.
  path: Assets/Palmov Island/Low Poly Atmospheric Locations Pack/Prefabs/Lands/land christmas village.prefab
  importAddress: Guid(ded46aac8039d5c40a4c8e767640168c) Importer(2089858483,b0f066a214c2f5e87bad3c948f4d605d)
Start importing Assets/Palmov Island/Low Poly Atmospheric Locations Pack/Prefabs/Lands/land christmas village.prefab using Guid(ded46aac8039d5c40a4c8e767640168c) Importer(2089858483,b0f066a214c2f5e87bad3c948f4d605d) (ScriptedImporter) -> (Import Result ID: 'c440790e6cd75653a0cca621a16c0f84') in 0.0136518 seconds [static and dynamic dependencies]. Details - ImportResultOutputID=4bc7bb01789f09625a46e0c66fd4126e DependenciesID=48b28bd376059c79ba020f9a41151285 StaticDependenciesID=956ea32d86fff8b9c92a17e481913ea0 
Number of updated asset objects reloaded before import = 0Number of asset objects unloaded after import = 9

========================================================================
Received Import Request.
  Time since last request: 0.000017 seconds.
  path: Assets/Palmov Island/Low Poly Atmospheric Locations Pack/Models/Stones/Desert stones/desert stone small 11.fbx
  importAddress: Guid(3d7c9578105dfa8478ec12d28a39bc53) Importer(2089858483,b0f066a214c2f5e87bad3c948f4d605d)
Start importing Assets/Palmov Island/Low Poly Atmospheric Locations Pack/Models/Stones/Desert stones/desert stone small 11.fbx using Guid(3d7c9578105dfa8478ec12d28a39bc53) Importer(2089858483,b0f066a214c2f5e87bad3c948f4d605d) (ScriptedImporter) -> (Import Result ID: '377649103982fffff07ff71ba996c544') in 0.0194655 seconds [static and dynamic dependencies]. Details - ImportResultOutputID=b4e1b567c706748a4c065adadb1a7fa1 DependenciesID=3f518f968d3246618396fc2bc1b6a182 StaticDependenciesID=76469d404040620ea202ef376295c39d 
Number of updated asset objects reloaded before import = 0Number of asset objects unloaded after import = 8

========================================================================
Received Import Request.
  Time since last request: 0.000015 seconds.
  path: Assets/Palmov Island/Low Poly Atmospheric Locations Pack/Prefabs/Stones/Stones large gray blue/stone large gray blue 5.prefab
  importAddress: Guid(9c1c44295c32097499220bb06cc0e4d2) Importer(2089858483,b0f066a214c2f5e87bad3c948f4d605d)
Start importing Assets/Palmov Island/Low Poly Atmospheric Locations Pack/Prefabs/Stones/Stones large gray blue/stone large gray blue 5.prefab using Guid(9c1c44295c32097499220bb06cc0e4d2) Importer(2089858483,b0f066a214c2f5e87bad3c948f4d605d) (ScriptedImporter) -> (Import Result ID: '0b3068fb534d9395f3eed14a2c767d1f') in 0.0141954 seconds [static and dynamic dependencies]. Details - ImportResultOutputID=5883f8cab5a205378ae784827e7c7d88 DependenciesID=675ac6a2b2495b3e92ed945c25711188 StaticDependenciesID=b96b1f34e4f31e71b0a46d1103c0a730 
Number of updated asset objects reloaded before import = 0Number of asset objects unloaded after import = 9

========================================================================
Received Import Request.
  Time since last request: 0.000023 seconds.
  path: Assets/Palmov Island/Low Poly Atmospheric Locations Pack/Prefabs/Stones/Stones large brown
  importAddress: Guid(14c4132a4eba45d46bdb28a1adccea9f) Importer(2089858483,b0f066a214c2f5e87bad3c948f4d605d)
Start importing Assets/Palmov Island/Low Poly Atmospheric Locations Pack/Prefabs/Stones/Stones large brown using Guid(14c4132a4eba45d46bdb28a1adccea9f) Importer(2089858483,b0f066a214c2f5e87bad3c948f4d605d) (ScriptedImporter) -> (Import Result ID: '857e4ed66fa236b2e9e59a9cd0551960') in 0.00961 seconds [static and dynamic dependencies]. Details - ImportResultOutputID=4d4f9500494090ef8d1d702cdb988321 DependenciesID=fccda933ba410c0f05d897a44a134da1 StaticDependenciesID=f428c28f147263d56b936720ab14a1c8 
Number of updated asset objects reloaded before import = 0Number of asset objects unloaded after import = 1

========================================================================
Received Import Request.
  Time since last request: 0.000031 seconds.
  path: Assets/Palmov Island/Low Poly Atmospheric Locations Pack/Models/Stones/Stones winter small/stone winter small.fbx
  importAddress: Guid(40458277ba1dc6f48b8c84059054c323) Importer(2089858483,b0f066a214c2f5e87bad3c948f4d605d)
Start importing Assets/Palmov Island/Low Poly Atmospheric Locations Pack/Models/Stones/Stones winter small/stone winter small.fbx using Guid(40458277ba1dc6f48b8c84059054c323) Importer(2089858483,b0f066a214c2f5e87bad3c948f4d605d) (ScriptedImporter) -> (Import Result ID: '1cd23320af6105e5b91cc84dc20a4f2c') in 0.0184699 seconds [static and dynamic dependencies]. Details - ImportResultOutputID=cb68fcb74dd6c3c5caa9b76ce1e6c7c8 DependenciesID=a05a4dffafbdfeb86a54e100e8cfb2e3 StaticDependenciesID=36414899807950132b97395fcb34fff3 
Number of updated asset objects reloaded before import = 0Number of asset objects unloaded after import = 8

========================================================================
Received Import Request.
  Time since last request: 0.000019 seconds.
  path: Assets/Palmov Island/Low Poly Atmospheric Locations Pack/Prefabs/Environment
  importAddress: Guid(e4c8b346df353de488834dd0da4bd430) Importer(2089858483,b0f066a214c2f5e87bad3c948f4d605d)
Start importing Assets/Palmov Island/Low Poly Atmospheric Locations Pack/Prefabs/Environment using Guid(e4c8b346df353de488834dd0da4bd430) Importer(2089858483,b0f066a214c2f5e87bad3c948f4d605d) (ScriptedImporter) -> (Import Result ID: '73c05e27ca161083f2b3438c2fffa2d4') in 0.011044 seconds [static and dynamic dependencies]. Details - ImportResultOutputID=4fd8ebd9ee11f09e096e53790a5c317e DependenciesID=f62c316cd24f46f6171b7af42b34be9d StaticDependenciesID=79acbf30c9b11c95eb8e311dfc0c3044 
Number of updated asset objects reloaded before import = 0Number of asset objects unloaded after import = 1

========================================================================
Received Import Request.
  Time since last request: 0.000020 seconds.
  path: Assets/Palmov Island/Low Poly Atmospheric Locations Pack/Prefabs/Environment/Winter environment/Christmas balls/ball pink.prefab
  importAddress: Guid(785c7096592291c438b11addf7fc6a8e) Importer(2089858483,b0f066a214c2f5e87bad3c948f4d605d)
Start importing Assets/Palmov Island/Low Poly Atmospheric Locations Pack/Prefabs/Environment/Winter environment/Christmas balls/ball pink.prefab using Guid(785c7096592291c438b11addf7fc6a8e) Importer(2089858483,b0f066a214c2f5e87bad3c948f4d605d) (ScriptedImporter) -> (Import Result ID: 'fce32ca8624a79ec840f84874fe28a92') in 0.0150346 seconds [static and dynamic dependencies]. Details - ImportResultOutputID=5de040347333a399a3f62a50542d7669 DependenciesID=32b600b95d3322fbdb809707dd5e3b05 StaticDependenciesID=af8dc56fb861aba6894f85cba8c5f41f 
Number of updated asset objects reloaded before import = 0Number of asset objects unloaded after import = 9

========================================================================
Received Import Request.
  Time since last request: 0.000018 seconds.
  path: Assets/Palmov Island/Low Poly Atmospheric Locations Pack/Scenes/Location christmas village.unity
  importAddress: Guid(ba25f1bc76b39ce479934b67922d92c4) Importer(2089858483,b0f066a214c2f5e87bad3c948f4d605d)
Start importing Assets/Palmov Island/Low Poly Atmospheric Locations Pack/Scenes/Location christmas village.unity using Guid(ba25f1bc76b39ce479934b67922d92c4) Importer(2089858483,b0f066a214c2f5e87bad3c948f4d605d) (ScriptedImporter) -> (Import Result ID: 'af059c6ca9bac36197838e9b01668c33') in 0.0099768 seconds [static and dynamic dependencies]. Details - ImportResultOutputID=142c848ac03a184088d9ab40c9283d10 DependenciesID=4c881f79e19de7b6c340857280cd5801 StaticDependenciesID=b6ba647f3d2fffa99f58468f944d1852 
Number of updated asset objects reloaded before import = 0Number of asset objects unloaded after import = 1

Editor requested this worker to shutdown with reason: Scaling down because of idle timeout
AssetImportWorker is now disconnected from the server
Process exiting
Exiting without the bug reporter. Application will terminate with return code 0