[Licensing::Module] Trying to connect to existing licensing client channel...
Built from '6000.4/staging' branch; Version is '6000.4.0f1 (8cf496087c8f) revision 9237654'; Using compiler version '194234433'; Build Type 'Release'
[Licensing::IpcConnector] Successfully connected to: "LicenseClient-nicho" at "2026-05-14T15:27:27.2139625Z"
OS: 'Windows 11  (10.0.26200) Professional' Language: 'en' Physical Memory: 32694 MB
BatchMode: 1, IsHumanControllingUs: 0, StartBugReporterOnCrash: 0, Is64bit: 1
System  architecture: x64
Process architecture: x64
Date: 2026-05-14T15:27:27Z

COMMAND LINE ARGUMENTS:
C:\Program Files\Unity\Hub\Editor\6000.4.0f1\Editor\Unity.exe
-adb2
-batchMode
-noUpm
-name
AssetImportWorker21
-projectPath
C:/Users/nicho/Formative_1
-logFile
Logs/AssetImportWorker21.log
-srvPort
60549
-licensingIpc
LicenseClient-nicho
-force-d3d12
-job-worker-count
7
-background-job-worker-count
8
-gc-helper-count
1
-name
AssetImport
Successfully changed project path to: C:/Users/nicho/Formative_1
C:/Users/nicho/Formative_1
[UnityMemory] Configuration Parameters - Can be set up in boot.config
    "memorysetup-temp-allocator-size-gi-baking-worker=262144"
    "memorysetup-temp-allocator-size-gi-baking-worker=262144"
    "memorysetup-temp-allocator-size-gi-baking-worker=262144"
    "memorysetup-temp-allocator-size-gi-baking-worker=262144"
    "memorysetup-temp-allocator-size-gi-baking-worker=262144"
    "memorysetup-temp-allocator-size-nav-mesh-worker=65536"
    "memorysetup-temp-allocator-size-audio-worker=65536"
    "memorysetup-temp-allocator-size-cloud-worker=32768"
    "memorysetup-temp-allocator-size-gfx=262144"
    "memorysetup-temp-allocator-size-preload-manager=33554432"
    "memorysetup-temp-allocator-size-job-worker=262144"
    "memorysetup-temp-allocator-size-background-worker=32768"
    "memorysetup-allocator-temp-initial-block-size-main=262144"
    "memorysetup-allocator-temp-initial-block-size-worker=262144"
    "memorysetup-bucket-allocator-granularity=16"
    "memorysetup-bucket-allocator-bucket-count=8"
    "memorysetup-bucket-allocator-block-size=33554432"
    "memorysetup-bucket-allocator-block-count=8"
    "memorysetup-main-allocator-block-size=16777216"
    "memorysetup-thread-allocator-block-size=16777216"
    "memorysetup-gfx-main-allocator-block-size=16777216"
    "memorysetup-gfx-thread-allocator-block-size=16777216"
    "memorysetup-cache-allocator-block-size=4194304"
    "memorysetup-typetree-allocator-block-size=2097152"
    "memorysetup-profiler-bucket-allocator-granularity=16"
    "memorysetup-profiler-bucket-allocator-bucket-count=8"
    "memorysetup-profiler-bucket-allocator-block-size=33554432"
    "memorysetup-profiler-bucket-allocator-block-count=8"
    "memorysetup-profiler-allocator-block-size=16777216"
    "memorysetup-profiler-editor-allocator-block-size=1048576"
    "memorysetup-temp-allocator-size-main=16777216"
    "memorysetup-job-temp-allocator-block-size=2097152"
    "memorysetup-job-temp-allocator-block-size-background=1048576"
    "memorysetup-job-temp-allocator-reduction-small-platforms=262144"
Player connection [7868]  Target information:

Player connection [7868]  * "[IP] 192.168.0.13 [Port] 0 [Flags] 2 [Guid] 2896459526 [EditorId] 2896459526 [Version] 1048832 [Id] WindowsEditor(7,Nicholas) [Debug] 1 [PackageName] WindowsEditor [ProjectName] Editor" 

Player connection [7868]  * "[IP] 172.23.0.1 [Port] 0 [Flags] 2 [Guid] 2896459526 [EditorId] 2896459526 [Version] 1048832 [Id] WindowsEditor(7,Nicholas) [Debug] 1 [PackageName] WindowsEditor [ProjectName] Editor" 

Player connection [7868]  * "[IP] 26.42.229.79 [Port] 0 [Flags] 2 [Guid] 2896459526 [EditorId] 2896459526 [Version] 1048832 [Id] WindowsEditor(7,Nicholas) [Debug] 1 [PackageName] WindowsEditor [ProjectName] Editor" 

Player connection [7868] Host joined multi-casting on [225.0.0.222:54997]...
Player connection [7868] Host joined alternative multi-casting on [225.0.0.222:34997]...
JobSystem: Creating JobQueue using job-worker-count value 7
Input System module state changed to: Initialized.
[Physics::Module] Initialized fallback backend.
[Physics::Module] Id: 0xdecafbad
Library Redirect Path: Library/
[Physics::Module] Selected backend.
[Physics::Module] Name: PhysX
[Physics::Module] Id: 0xf2b8ea05
[Physics::Module] SDK Version: 4.1.2
[Physics::Module] Integration Version: 1.0.0
[Physics::Module] Threading Mode: Multi-Threaded
Refreshing native plugins compatible for Editor in 2.82 ms, found 3 plugins.
Initialize engine version: 6000.4.0f1 (8cf496087c8f)
[Subsystems] Discovering subsystems at path C:/Program Files/Unity/Hub/Editor/6000.4.0f1/Editor/Data/Resources/UnitySubsystems
[Subsystems] Discovering subsystems at path C:/Users/nicho/Formative_1/Assets
Forcing GfxDevice: Direct3D 12
GfxDevice: creating device client; kGfxThreadingModeNonThreaded
d3d12: failed to query info queue interface (0x80004002).
Direct3D:
    Version:         Direct3D 12 [level 12.2]
    Renderer:        NVIDIA GeForce RTX 4060 (ID=0x2882)
    Vendor:          NVIDIA
    VRAM:            7957 MB
    App VRAM Budget: 7189 MB
    Driver:          32.0.15.8097
Initialize mono
Mono path[0] = 'C:/Program Files/Unity/Hub/Editor/6000.4.0f1/Editor/Data/Managed'
Mono path[1] = 'C:/Program Files/Unity/Hub/Editor/6000.4.0f1/Editor/Data/MonoBleedingEdge/lib/mono/unityjit-win32'
Mono config path = 'C:/Program Files/Unity/Hub/Editor/6000.4.0f1/Editor/Data/MonoBleedingEdge/etc'
Using monoOptions --debugger-agent=transport=dt_socket,embedding=1,server=y,suspend=n,address=127.0.0.1:56516
CodeReloadManager initialized
Begin MonoManager ReloadAssembly
Registering precompiled unity dll's ...
Register platform support module: C:/Program Files/Unity/Hub/Editor/6000.4.0f1/Editor/Data/PlaybackEngines/WebGLSupport/UnityEditor.WebGL.Extensions.dll
Register platform support module: C:/Program Files/Unity/Hub/Editor/6000.4.0f1/Editor/Data/PlaybackEngines/WindowsStandaloneSupport/UnityEditor.WindowsStandalone.Extensions.dll
Registered in 0.003892 seconds.
Native extension for WindowsStandalone target not found
Native extension for WebGL target not found
Package Manager log level set to [2]
[Package Manager] Failed to launch server process. Reason: Unity was launched with the -noUpm command-line argument
[Package Manager] Unable to send message (not connected to server process).
[Package Manager] Cannot connect to Unity Package Manager local server
ScheduleIndexationOnStartup MainProcess:False IndexOnStartup:True
Mono: successfully reloaded assembly
- Finished resetting the current domain, in  0.378 seconds
Domain Reload Profiling: 904ms
	BeginReloadAssembly (169ms)
	RebuildCommonClasses (48ms)
	RebuildNativeTypeToScriptingClass (13ms)
	initialDomainReloadingComplete (87ms)
	LoadAllAssembliesAndSetupDomain (207ms)
		LoadAssemblies (162ms)
		AnalyzeDomain (198ms)
			TypeCache.Refresh (197ms)
				TypeCache.ScanAssembly (185ms)
	FinalizeReload (380ms)
		SetupLoadedEditorAssemblies (0ms)
			InitializePlatformSupportModulesInManaged (46ms)
			BeforeProcessingInitializeOnLoad (81ms)
			ProcessInitializeOnLoadAttributes (104ms)
			ProcessInitializeOnLoadMethodAttributes (80ms)
========================================================================
Worker process is ready to serve import requests
Import Worker Mode flag is 0x00
Begin MonoManager ReloadAssembly
[Licensing::Module] Licensing is not yet initialized.
[Licensing::Client] Handshaking with LicensingClient:
  Version:                 1.18.1+9fbee8e
  Session Id:              75eec2a08cc54a34a41925391f5ab29d
  Correlation Id:          24d301c60bcd9a52cc819f6962c1584c
  External correlation Id: 815960438108686296
  Machine Id:              8wJQksq0DBmRPNJ5MMxPPwJrSZ0=
[Licensing::Module] Successfully connected to LicensingClient on channel: "LicenseClient-nicho" (connect: 0.00s, validation: 0.00s, handshake: 2.40s)
[Licensing::IpcConnector] Successfully connected to: "LicenseClient-nicho-notifications" at "2026-05-14T15:27:29.6138789Z"
[Licensing::Module] Licensing Background thread has ended after 2.40s
[Licensing::Module] Licensing is initialized (took 0.13s).
[Licensing::Client] Successfully resolved entitlement details
[Licensing::Module] License group:
  Id: 11270607086005-UnityPersXXXX
  Product: Unity Personal
  Type: Assigned
  Expiration: Unlimited
Assembly Assembly-CSharp-Editor-firstpass.dll at Library/ScriptAssemblies/Assembly-CSharp-Editor-firstpass.dll not valid. Loading of assembly skipped.
Assembly Assembly-CSharp-firstpass.dll at Library/ScriptAssemblies/Assembly-CSharp-firstpass.dll not valid. Loading of assembly skipped.
Assembly DocCodeExamples.dll at Library/ScriptAssemblies/DocCodeExamples.dll not valid. Loading of assembly skipped.
Assembly TestNewCustomAssembly.dll at Library/ScriptAssemblies/TestNewCustomAssembly.dll not valid. Loading of assembly skipped.
Assembly Unity.Collections.BurstCompatibilityGen.dll at Library/ScriptAssemblies/Unity.Collections.BurstCompatibilityGen.dll not valid. Loading of assembly skipped.
Assembly Unity.Collections.DocCodeSamples.dll at Library/ScriptAssemblies/Unity.Collections.DocCodeSamples.dll not valid. Loading of assembly skipped.
Assembly Unity.Collections.PerformanceTests.dll at Library/ScriptAssemblies/Unity.Collections.PerformanceTests.dll not valid. Loading of assembly skipped.
Assembly Unity.Collections.Tests.dll at Library/ScriptAssemblies/Unity.Collections.Tests.dll not valid. Loading of assembly skipped.
Assembly Unity.Collections.Tests.Playmode.dll at Library/ScriptAssemblies/Unity.Collections.Tests.Playmode.dll not valid. Loading of assembly skipped.
Assembly Unity.InputSystem.IntegrationTests.dll at Library/ScriptAssemblies/Unity.InputSystem.IntegrationTests.dll not valid. Loading of assembly skipped.
Assembly Unity.Mathematics.Tests.dll at Library/ScriptAssemblies/Unity.Mathematics.Tests.dll not valid. Loading of assembly skipped.
Assembly Unity.Multiplayer.Center.Editor.Tests.dll at Library/ScriptAssemblies/Unity.Multiplayer.Center.Editor.Tests.dll not valid. Loading of assembly skipped.
Assembly Unity.Multiplayer.Center.Tests.dll at Library/ScriptAssemblies/Unity.Multiplayer.Center.Tests.dll not valid. Loading of assembly skipped.
Assembly Unity.Nuget.Mono-Cecil.dll at Library/ScriptAssemblies/Unity.Nuget.Mono-Cecil.dll not valid. Loading of assembly skipped.
Assembly Unity.PathTracing.Editor.Tests.dll at Library/ScriptAssemblies/Unity.PathTracing.Editor.Tests.dll not valid. Loading of assembly skipped.
Assembly Unity.PathTracing.Runtime.Tests.dll at Library/ScriptAssemblies/Unity.PathTracing.Runtime.Tests.dll not valid. Loading of assembly skipped.
Assembly Unity.Postprocessing.Editor.Tests.dll at Library/ScriptAssemblies/Unity.Postprocessing.Editor.Tests.dll not valid. Loading of assembly skipped.
Assembly Unity.Postprocessing.Runtime.Tests.dll at Library/ScriptAssemblies/Unity.Postprocessing.Runtime.Tests.dll not valid. Loading of assembly skipped.
Assembly Unity.RenderPipelines.Core.Editor.Tests.dll at Library/ScriptAssemblies/Unity.RenderPipelines.Core.Editor.Tests.dll not valid. Loading of assembly skipped.
Assembly Unity.RenderPipelines.Core.Runtime.Tests.dll at Library/ScriptAssemblies/Unity.RenderPipelines.Core.Runtime.Tests.dll not valid. Loading of assembly skipped.
Assembly Unity.RenderPipelines.Universal.Config.Editor.Tests.dll at Library/ScriptAssemblies/Unity.RenderPipelines.Universal.Config.Editor.Tests.dll not valid. Loading of assembly skipped.
Assembly Unity.RenderPipelines.Universal.Editor.Tests.dll at Library/ScriptAssemblies/Unity.RenderPipelines.Universal.Editor.Tests.dll not valid. Loading of assembly skipped.
Assembly Unity.RenderPipelines.Universal.Runtime.Tests.dll at Library/ScriptAssemblies/Unity.RenderPipelines.Universal.Runtime.Tests.dll not valid. Loading of assembly skipped.
Assembly Unity.Searcher.EditorTests.dll at Library/ScriptAssemblies/Unity.Searcher.EditorTests.dll not valid. Loading of assembly skipped.
Assembly Unity.ShaderGraph.Editor.Tests.dll at Library/ScriptAssemblies/Unity.ShaderGraph.Editor.Tests.dll not valid. Loading of assembly skipped.
Assembly Unity.TextMeshPro.Editor.Tests.dll at Library/ScriptAssemblies/Unity.TextMeshPro.Editor.Tests.dll not valid. Loading of assembly skipped.
Assembly Unity.TextMeshPro.Tests.dll at Library/ScriptAssemblies/Unity.TextMeshPro.Tests.dll not valid. Loading of assembly skipped.
Assembly Unity.UnifiedRayTracing.Editor.Tests.dll at Library/ScriptAssemblies/Unity.UnifiedRayTracing.Editor.Tests.dll not valid. Loading of assembly skipped.
Assembly UnityEditor.UI.Common.Tests.dll at Library/ScriptAssemblies/UnityEditor.UI.Common.Tests.dll not valid. Loading of assembly skipped.
Assembly UnityEditor.UI.EditorTests.dll at Library/ScriptAssemblies/UnityEditor.UI.EditorTests.dll not valid. Loading of assembly skipped.
Assembly UnityEngine.UI.Tests.dll at Library/ScriptAssemblies/UnityEngine.UI.Tests.dll not valid. Loading of assembly skipped.
Native extension for WindowsStandalone target not found
Native extension for WebGL target not found
[Package Manager] Failed to launch server process. Reason: Unity was launched with the -noUpm command-line argument
[Package Manager] Unable to send message (not connected to server process).
[Package Manager] Cannot connect to Unity Package Manager local server
[Package Manager] Failed to launch server process. Reason: Unity was launched with the -noUpm command-line argument
[Package Manager] Unable to send message (not connected to server process).
[Package Manager] Cannot connect to Unity Package Manager local server
ScheduleIndexationOnStartup MainProcess:False IndexOnStartup:True
Mono: successfully reloaded assembly
- Finished resetting the current domain, in  0.730 seconds
Domain Reload Profiling: 1709ms
	BeginReloadAssembly (310ms)
		DisableScriptedObjects (5ms)
		CreateAndSetChildDomain (28ms)
	RebuildCommonClasses (36ms)
	RebuildNativeTypeToScriptingClass (11ms)
	initialDomainReloadingComplete (84ms)
	LoadAllAssembliesAndSetupDomain (537ms)
		LoadAssemblies (408ms)
		AnalyzeDomain (228ms)
			TypeCache.Refresh (162ms)
				TypeCache.ScanAssembly (150ms)
			BuildScriptInfoCaches (54ms)
			ResolveRequiredComponents (9ms)
	FinalizeReload (731ms)
		SetupLoadedEditorAssemblies (0ms)
			BeforeProcessingInitializeOnLoad (151ms)
			ProcessInitializeOnLoadAttributes (294ms)
			ProcessInitializeOnLoadMethodAttributes (65ms)
			AfterProcessingInitializeOnLoad (13ms)
		AwakeInstancesAfterBackupRestoration (11ms)
Launched and connected shader compiler UnityShaderCompiler.exe after 0.01 seconds
Unloading 36 Unused Serialized files (Serialized files now loaded: 0)
Unloading 6400 unused Assets / (7.8 MB). Loaded Objects now: 7250.
Memory consumption went from 165.2 MB to 157.4 MB.
Total: 7.505900 ms (FindLiveObjects: 0.567900 ms CreateObjectMapping: 0.291800 ms MarkObjects: 4.444700 ms  DeleteObjects: 2.199700 ms)

========================================================================
Received Import Request.
  Time since last request: 6477.323056 seconds.
  path: Assets/Prefabs/sphinx.prefab
  importAddress: Guid(b7f7eef918cfd054599d9c59b1389190) Importer(815301076,1909f56bfc062723c751e8b465ee728b)
Start importing Assets/Prefabs/sphinx.prefab using Guid(b7f7eef918cfd054599d9c59b1389190) Importer(815301076,1909f56bfc062723c751e8b465ee728b) (PreviewImporter) -> (Import Result ID: '7f5421e50338e0e6b9eab0d43947c0ea') in 0.4706256 seconds [static and dynamic dependencies]. Details - ImportResultOutputID=56cf39347b26600300a82a28132e3931 DependenciesID=ecc5a33dd875d6e106a3690e227d9848 StaticDependenciesID=3ca292b889e2118ff7d0c28b50e520f8 
Number of updated asset objects reloaded before import = 0Number of asset objects unloaded after import = 19

========================================================================
Received Prepare
Begin MonoManager ReloadAssembly
[Licensing::Client] Successfully resolved entitlement details
Assembly Assembly-CSharp-Editor-firstpass.dll at Library/ScriptAssemblies/Assembly-CSharp-Editor-firstpass.dll not valid. Loading of assembly skipped.
Assembly Assembly-CSharp-firstpass.dll at Library/ScriptAssemblies/Assembly-CSharp-firstpass.dll not valid. Loading of assembly skipped.
Assembly DocCodeExamples.dll at Library/ScriptAssemblies/DocCodeExamples.dll not valid. Loading of assembly skipped.
Assembly TestNewCustomAssembly.dll at Library/ScriptAssemblies/TestNewCustomAssembly.dll not valid. Loading of assembly skipped.
Assembly Unity.Collections.BurstCompatibilityGen.dll at Library/ScriptAssemblies/Unity.Collections.BurstCompatibilityGen.dll not valid. Loading of assembly skipped.
Assembly Unity.Collections.DocCodeSamples.dll at Library/ScriptAssemblies/Unity.Collections.DocCodeSamples.dll not valid. Loading of assembly skipped.
Assembly Unity.Collections.PerformanceTests.dll at Library/ScriptAssemblies/Unity.Collections.PerformanceTests.dll not valid. Loading of assembly skipped.
Assembly Unity.Collections.Tests.dll at Library/ScriptAssemblies/Unity.Collections.Tests.dll not valid. Loading of assembly skipped.
Assembly Unity.Collections.Tests.Playmode.dll at Library/ScriptAssemblies/Unity.Collections.Tests.Playmode.dll not valid. Loading of assembly skipped.
Assembly Unity.InputSystem.IntegrationTests.dll at Library/ScriptAssemblies/Unity.InputSystem.IntegrationTests.dll not valid. Loading of assembly skipped.
Assembly Unity.Mathematics.Tests.dll at Library/ScriptAssemblies/Unity.Mathematics.Tests.dll not valid. Loading of assembly skipped.
Assembly Unity.Multiplayer.Center.Editor.Tests.dll at Library/ScriptAssemblies/Unity.Multiplayer.Center.Editor.Tests.dll not valid. Loading of assembly skipped.
Assembly Unity.Multiplayer.Center.Tests.dll at Library/ScriptAssemblies/Unity.Multiplayer.Center.Tests.dll not valid. Loading of assembly skipped.
Assembly Unity.Nuget.Mono-Cecil.dll at Library/ScriptAssemblies/Unity.Nuget.Mono-Cecil.dll not valid. Loading of assembly skipped.
Assembly Unity.PathTracing.Editor.Tests.dll at Library/ScriptAssemblies/Unity.PathTracing.Editor.Tests.dll not valid. Loading of assembly skipped.
Assembly Unity.PathTracing.Runtime.Tests.dll at Library/ScriptAssemblies/Unity.PathTracing.Runtime.Tests.dll not valid. Loading of assembly skipped.
Assembly Unity.Postprocessing.Editor.Tests.dll at Library/ScriptAssemblies/Unity.Postprocessing.Editor.Tests.dll not valid. Loading of assembly skipped.
Assembly Unity.Postprocessing.Runtime.Tests.dll at Library/ScriptAssemblies/Unity.Postprocessing.Runtime.Tests.dll not valid. Loading of assembly skipped.
Assembly Unity.RenderPipelines.Core.Editor.Tests.dll at Library/ScriptAssemblies/Unity.RenderPipelines.Core.Editor.Tests.dll not valid. Loading of assembly skipped.
Assembly Unity.RenderPipelines.Core.Runtime.Tests.dll at Library/ScriptAssemblies/Unity.RenderPipelines.Core.Runtime.Tests.dll not valid. Loading of assembly skipped.
Assembly Unity.RenderPipelines.Universal.Config.Editor.Tests.dll at Library/ScriptAssemblies/Unity.RenderPipelines.Universal.Config.Editor.Tests.dll not valid. Loading of assembly skipped.
Assembly Unity.RenderPipelines.Universal.Editor.Tests.dll at Library/ScriptAssemblies/Unity.RenderPipelines.Universal.Editor.Tests.dll not valid. Loading of assembly skipped.
Assembly Unity.RenderPipelines.Universal.Runtime.Tests.dll at Library/ScriptAssemblies/Unity.RenderPipelines.Universal.Runtime.Tests.dll not valid. Loading of assembly skipped.
Assembly Unity.Searcher.EditorTests.dll at Library/ScriptAssemblies/Unity.Searcher.EditorTests.dll not valid. Loading of assembly skipped.
Assembly Unity.ShaderGraph.Editor.Tests.dll at Library/ScriptAssemblies/Unity.ShaderGraph.Editor.Tests.dll not valid. Loading of assembly skipped.
Assembly Unity.TextMeshPro.Editor.Tests.dll at Library/ScriptAssemblies/Unity.TextMeshPro.Editor.Tests.dll not valid. Loading of assembly skipped.
Assembly Unity.TextMeshPro.Tests.dll at Library/ScriptAssemblies/Unity.TextMeshPro.Tests.dll not valid. Loading of assembly skipped.
Assembly Unity.UnifiedRayTracing.Editor.Tests.dll at Library/ScriptAssemblies/Unity.UnifiedRayTracing.Editor.Tests.dll not valid. Loading of assembly skipped.
Assembly UnityEditor.UI.Common.Tests.dll at Library/ScriptAssemblies/UnityEditor.UI.Common.Tests.dll not valid. Loading of assembly skipped.
Assembly UnityEditor.UI.EditorTests.dll at Library/ScriptAssemblies/UnityEditor.UI.EditorTests.dll not valid. Loading of assembly skipped.
Assembly UnityEngine.UI.Tests.dll at Library/ScriptAssemblies/UnityEngine.UI.Tests.dll not valid. Loading of assembly skipped.
Native extension for WindowsStandalone target not found
Native extension for WebGL target not found
[Package Manager] Failed to launch server process. Reason: Unity was launched with the -noUpm command-line argument
[Package Manager] Unable to send message (not connected to server process).
[Package Manager] Cannot connect to Unity Package Manager local server
[Package Manager] Failed to launch server process. Reason: Unity was launched with the -noUpm command-line argument
[Package Manager] Unable to send message (not connected to server process).
[Package Manager] Cannot connect to Unity Package Manager local server
ScheduleIndexationOnStartup MainProcess:False IndexOnStartup:True
Mono: successfully reloaded assembly
- Finished resetting the current domain, in  0.784 seconds
Domain Reload Profiling: 1565ms
	BeginReloadAssembly (223ms)
		DisableScriptedObjects (19ms)
		CreateAndSetChildDomain (50ms)
	RebuildCommonClasses (35ms)
	RebuildNativeTypeToScriptingClass (11ms)
	initialDomainReloadingComplete (72ms)
	LoadAllAssembliesAndSetupDomain (439ms)
		LoadAssemblies (379ms)
		AnalyzeDomain (154ms)
			TypeCache.Refresh (5ms)
			BuildScriptInfoCaches (138ms)
			ResolveRequiredComponents (9ms)
	FinalizeReload (784ms)
		SetupLoadedEditorAssemblies (0ms)
			InitializePlatformSupportModulesInManaged (3ms)
			BeforeProcessingInitializeOnLoad (164ms)
			ProcessInitializeOnLoadAttributes (328ms)
			ProcessInitializeOnLoadMethodAttributes (85ms)
			AfterProcessingInitializeOnLoad (12ms)
		AwakeInstancesAfterBackupRestoration (26ms)
Refreshing native plugins compatible for Editor in 2.18 ms, found 3 plugins.
Unloading 36 Unused Serialized files (Serialized files now loaded: 0)
Unloading 6399 unused Assets / (7.7 MB). Loaded Objects now: 7298.
Memory consumption went from 178.9 MB to 171.3 MB.
Total: 10.520400 ms (FindLiveObjects: 0.836100 ms CreateObjectMapping: 0.934100 ms MarkObjects: 5.381700 ms  DeleteObjects: 3.367400 ms)

Prepare: number of updated asset objects reloaded= 0
========================================================================
Received Prepare
Begin MonoManager ReloadAssembly
Assembly Assembly-CSharp-Editor-firstpass.dll at Library/ScriptAssemblies/Assembly-CSharp-Editor-firstpass.dll not valid. Loading of assembly skipped.
Assembly Assembly-CSharp-firstpass.dll at Library/ScriptAssemblies/Assembly-CSharp-firstpass.dll not valid. Loading of assembly skipped.
Assembly DocCodeExamples.dll at Library/ScriptAssemblies/DocCodeExamples.dll not valid. Loading of assembly skipped.
Assembly TestNewCustomAssembly.dll at Library/ScriptAssemblies/TestNewCustomAssembly.dll not valid. Loading of assembly skipped.
Assembly Unity.Collections.BurstCompatibilityGen.dll at Library/ScriptAssemblies/Unity.Collections.BurstCompatibilityGen.dll not valid. Loading of assembly skipped.
Assembly Unity.Collections.DocCodeSamples.dll at Library/ScriptAssemblies/Unity.Collections.DocCodeSamples.dll not valid. Loading of assembly skipped.
Assembly Unity.Collections.PerformanceTests.dll at Library/ScriptAssemblies/Unity.Collections.PerformanceTests.dll not valid. Loading of assembly skipped.
Assembly Unity.Collections.Tests.dll at Library/ScriptAssemblies/Unity.Collections.Tests.dll not valid. Loading of assembly skipped.
Assembly Unity.Collections.Tests.Playmode.dll at Library/ScriptAssemblies/Unity.Collections.Tests.Playmode.dll not valid. Loading of assembly skipped.
Assembly Unity.InputSystem.IntegrationTests.dll at Library/ScriptAssemblies/Unity.InputSystem.IntegrationTests.dll not valid. Loading of assembly skipped.
Assembly Unity.Mathematics.Tests.dll at Library/ScriptAssemblies/Unity.Mathematics.Tests.dll not valid. Loading of assembly skipped.
Assembly Unity.Multiplayer.Center.Editor.Tests.dll at Library/ScriptAssemblies/Unity.Multiplayer.Center.Editor.Tests.dll not valid. Loading of assembly skipped.
Assembly Unity.Multiplayer.Center.Tests.dll at Library/ScriptAssemblies/Unity.Multiplayer.Center.Tests.dll not valid. Loading of assembly skipped.
Assembly Unity.Nuget.Mono-Cecil.dll at Library/ScriptAssemblies/Unity.Nuget.Mono-Cecil.dll not valid. Loading of assembly skipped.
Assembly Unity.PathTracing.Editor.Tests.dll at Library/ScriptAssemblies/Unity.PathTracing.Editor.Tests.dll not valid. Loading of assembly skipped.
Assembly Unity.PathTracing.Runtime.Tests.dll at Library/ScriptAssemblies/Unity.PathTracing.Runtime.Tests.dll not valid. Loading of assembly skipped.
Assembly Unity.Postprocessing.Editor.Tests.dll at Library/ScriptAssemblies/Unity.Postprocessing.Editor.Tests.dll not valid. Loading of assembly skipped.
Assembly Unity.Postprocessing.Runtime.Tests.dll at Library/ScriptAssemblies/Unity.Postprocessing.Runtime.Tests.dll not valid. Loading of assembly skipped.
Assembly Unity.RenderPipelines.Core.Editor.Tests.dll at Library/ScriptAssemblies/Unity.RenderPipelines.Core.Editor.Tests.dll not valid. Loading of assembly skipped.
Assembly Unity.RenderPipelines.Core.Runtime.Tests.dll at Library/ScriptAssemblies/Unity.RenderPipelines.Core.Runtime.Tests.dll not valid. Loading of assembly skipped.
Assembly Unity.RenderPipelines.Universal.Config.Editor.Tests.dll at Library/ScriptAssemblies/Unity.RenderPipelines.Universal.Config.Editor.Tests.dll not valid. Loading of assembly skipped.
Assembly Unity.RenderPipelines.Universal.Editor.Tests.dll at Library/ScriptAssemblies/Unity.RenderPipelines.Universal.Editor.Tests.dll not valid. Loading of assembly skipped.
Assembly Unity.RenderPipelines.Universal.Runtime.Tests.dll at Library/ScriptAssemblies/Unity.RenderPipelines.Universal.Runtime.Tests.dll not valid. Loading of assembly skipped.
Assembly Unity.Searcher.EditorTests.dll at Library/ScriptAssemblies/Unity.Searcher.EditorTests.dll not valid. Loading of assembly skipped.
Assembly Unity.ShaderGraph.Editor.Tests.dll at Library/ScriptAssemblies/Unity.ShaderGraph.Editor.Tests.dll not valid. Loading of assembly skipped.
Assembly Unity.TextMeshPro.Editor.Tests.dll at Library/ScriptAssemblies/Unity.TextMeshPro.Editor.Tests.dll not valid. Loading of assembly skipped.
Assembly Unity.TextMeshPro.Tests.dll at Library/ScriptAssemblies/Unity.TextMeshPro.Tests.dll not valid. Loading of assembly skipped.
Assembly Unity.UnifiedRayTracing.Editor.Tests.dll at Library/ScriptAssemblies/Unity.UnifiedRayTracing.Editor.Tests.dll not valid. Loading of assembly skipped.
Assembly UnityEditor.UI.Common.Tests.dll at Library/ScriptAssemblies/UnityEditor.UI.Common.Tests.dll not valid. Loading of assembly skipped.
Assembly UnityEditor.UI.EditorTests.dll at Library/ScriptAssemblies/UnityEditor.UI.EditorTests.dll not valid. Loading of assembly skipped.
Assembly UnityEngine.UI.Tests.dll at Library/ScriptAssemblies/UnityEngine.UI.Tests.dll not valid. Loading of assembly skipped.
Native extension for WindowsStandalone target not found
Native extension for WebGL target not found
[Package Manager] Failed to launch server process. Reason: Unity was launched with the -noUpm command-line argument
[Package Manager] Unable to send message (not connected to server process).
[Package Manager] Cannot connect to Unity Package Manager local server
[Package Manager] Failed to launch server process. Reason: Unity was launched with the -noUpm command-line argument
[Package Manager] Unable to send message (not connected to server process).
[Package Manager] Cannot connect to Unity Package Manager local server
ScheduleIndexationOnStartup MainProcess:False IndexOnStartup:True
Mono: successfully reloaded assembly
- Finished resetting the current domain, in  0.740 seconds
Domain Reload Profiling: 1513ms
	BeginReloadAssembly (205ms)
		DisableScriptedObjects (5ms)
		CreateAndSetChildDomain (42ms)
	RebuildCommonClasses (33ms)
	RebuildNativeTypeToScriptingClass (11ms)
	initialDomainReloadingComplete (75ms)
	LoadAllAssembliesAndSetupDomain (450ms)
		LoadAssemblies (385ms)
		AnalyzeDomain (162ms)
			TypeCache.Refresh (6ms)
			BuildScriptInfoCaches (146ms)
			ResolveRequiredComponents (9ms)
	FinalizeReload (740ms)
		SetupLoadedEditorAssemblies (0ms)
			BeforeProcessingInitializeOnLoad (159ms)
			ProcessInitializeOnLoadAttributes (301ms)
			ProcessInitializeOnLoadMethodAttributes (87ms)
			AfterProcessingInitializeOnLoad (12ms)
		AwakeInstancesAfterBackupRestoration (23ms)
Unloading 36 Unused Serialized files (Serialized files now loaded: 0)
Unloading 6398 unused Assets / (7.6 MB). Loaded Objects now: 7301.
Memory consumption went from 182.5 MB to 174.9 MB.
Total: 9.706500 ms (FindLiveObjects: 0.748100 ms CreateObjectMapping: 0.472300 ms MarkObjects: 5.521600 ms  DeleteObjects: 2.963500 ms)

Prepare: number of updated asset objects reloaded= 0
========================================================================
Received Prepare
Begin MonoManager ReloadAssembly
[Licensing::Client] Successfully resolved entitlement details
Assembly Assembly-CSharp-Editor-firstpass.dll at Library/ScriptAssemblies/Assembly-CSharp-Editor-firstpass.dll not valid. Loading of assembly skipped.
Assembly Assembly-CSharp-firstpass.dll at Library/ScriptAssemblies/Assembly-CSharp-firstpass.dll not valid. Loading of assembly skipped.
Assembly DocCodeExamples.dll at Library/ScriptAssemblies/DocCodeExamples.dll not valid. Loading of assembly skipped.
Assembly TestNewCustomAssembly.dll at Library/ScriptAssemblies/TestNewCustomAssembly.dll not valid. Loading of assembly skipped.
Assembly Unity.Collections.BurstCompatibilityGen.dll at Library/ScriptAssemblies/Unity.Collections.BurstCompatibilityGen.dll not valid. Loading of assembly skipped.
Assembly Unity.Collections.DocCodeSamples.dll at Library/ScriptAssemblies/Unity.Collections.DocCodeSamples.dll not valid. Loading of assembly skipped.
Assembly Unity.Collections.PerformanceTests.dll at Library/ScriptAssemblies/Unity.Collections.PerformanceTests.dll not valid. Loading of assembly skipped.
Assembly Unity.Collections.Tests.dll at Library/ScriptAssemblies/Unity.Collections.Tests.dll not valid. Loading of assembly skipped.
Assembly Unity.Collections.Tests.Playmode.dll at Library/ScriptAssemblies/Unity.Collections.Tests.Playmode.dll not valid. Loading of assembly skipped.
Assembly Unity.InputSystem.IntegrationTests.dll at Library/ScriptAssemblies/Unity.InputSystem.IntegrationTests.dll not valid. Loading of assembly skipped.
Assembly Unity.Mathematics.Tests.dll at Library/ScriptAssemblies/Unity.Mathematics.Tests.dll not valid. Loading of assembly skipped.
Assembly Unity.Multiplayer.Center.Editor.Tests.dll at Library/ScriptAssemblies/Unity.Multiplayer.Center.Editor.Tests.dll not valid. Loading of assembly skipped.
Assembly Unity.Multiplayer.Center.Tests.dll at Library/ScriptAssemblies/Unity.Multiplayer.Center.Tests.dll not valid. Loading of assembly skipped.
Assembly Unity.Nuget.Mono-Cecil.dll at Library/ScriptAssemblies/Unity.Nuget.Mono-Cecil.dll not valid. Loading of assembly skipped.
Assembly Unity.PathTracing.Editor.Tests.dll at Library/ScriptAssemblies/Unity.PathTracing.Editor.Tests.dll not valid. Loading of assembly skipped.
Assembly Unity.PathTracing.Runtime.Tests.dll at Library/ScriptAssemblies/Unity.PathTracing.Runtime.Tests.dll not valid. Loading of assembly skipped.
Assembly Unity.Postprocessing.Editor.Tests.dll at Library/ScriptAssemblies/Unity.Postprocessing.Editor.Tests.dll not valid. Loading of assembly skipped.
Assembly Unity.Postprocessing.Runtime.Tests.dll at Library/ScriptAssemblies/Unity.Postprocessing.Runtime.Tests.dll not valid. Loading of assembly skipped.
Assembly Unity.RenderPipelines.Core.Editor.Tests.dll at Library/ScriptAssemblies/Unity.RenderPipelines.Core.Editor.Tests.dll not valid. Loading of assembly skipped.
Assembly Unity.RenderPipelines.Core.Runtime.Tests.dll at Library/ScriptAssemblies/Unity.RenderPipelines.Core.Runtime.Tests.dll not valid. Loading of assembly skipped.
Assembly Unity.RenderPipelines.Universal.Config.Editor.Tests.dll at Library/ScriptAssemblies/Unity.RenderPipelines.Universal.Config.Editor.Tests.dll not valid. Loading of assembly skipped.
Assembly Unity.RenderPipelines.Universal.Editor.Tests.dll at Library/ScriptAssemblies/Unity.RenderPipelines.Universal.Editor.Tests.dll not valid. Loading of assembly skipped.
Assembly Unity.RenderPipelines.Universal.Runtime.Tests.dll at Library/ScriptAssemblies/Unity.RenderPipelines.Universal.Runtime.Tests.dll not valid. Loading of assembly skipped.
Assembly Unity.Searcher.EditorTests.dll at Library/ScriptAssemblies/Unity.Searcher.EditorTests.dll not valid. Loading of assembly skipped.
Assembly Unity.ShaderGraph.Editor.Tests.dll at Library/ScriptAssemblies/Unity.ShaderGraph.Editor.Tests.dll not valid. Loading of assembly skipped.
Assembly Unity.TextMeshPro.Editor.Tests.dll at Library/ScriptAssemblies/Unity.TextMeshPro.Editor.Tests.dll not valid. Loading of assembly skipped.
Assembly Unity.TextMeshPro.Tests.dll at Library/ScriptAssemblies/Unity.TextMeshPro.Tests.dll not valid. Loading of assembly skipped.
Assembly Unity.UnifiedRayTracing.Editor.Tests.dll at Library/ScriptAssemblies/Unity.UnifiedRayTracing.Editor.Tests.dll not valid. Loading of assembly skipped.
Assembly UnityEditor.UI.Common.Tests.dll at Library/ScriptAssemblies/UnityEditor.UI.Common.Tests.dll not valid. Loading of assembly skipped.
Assembly UnityEditor.UI.EditorTests.dll at Library/ScriptAssemblies/UnityEditor.UI.EditorTests.dll not valid. Loading of assembly skipped.
Assembly UnityEngine.UI.Tests.dll at Library/ScriptAssemblies/UnityEngine.UI.Tests.dll not valid. Loading of assembly skipped.
Native extension for WindowsStandalone target not found
Native extension for WebGL target not found
[Package Manager] Failed to launch server process. Reason: Unity was launched with the -noUpm command-line argument
[Package Manager] Unable to send message (not connected to server process).
[Package Manager] Cannot connect to Unity Package Manager local server
[Package Manager] Failed to launch server process. Reason: Unity was launched with the -noUpm command-line argument
[Package Manager] Unable to send message (not connected to server process).
[Package Manager] Cannot connect to Unity Package Manager local server
ScheduleIndexationOnStartup MainProcess:False IndexOnStartup:True
Mono: successfully reloaded assembly
- Finished resetting the current domain, in  0.754 seconds
Domain Reload Profiling: 1537ms
	BeginReloadAssembly (211ms)
		DisableScriptedObjects (5ms)
		CreateAndSetChildDomain (41ms)
	RebuildCommonClasses (33ms)
	RebuildNativeTypeToScriptingClass (11ms)
	initialDomainReloadingComplete (76ms)
	LoadAllAssembliesAndSetupDomain (452ms)
		LoadAssemblies (381ms)
		AnalyzeDomain (171ms)
			TypeCache.Refresh (5ms)
			BuildScriptInfoCaches (155ms)
			ResolveRequiredComponents (9ms)
	FinalizeReload (754ms)
		SetupLoadedEditorAssemblies (0ms)
			BeforeProcessingInitializeOnLoad (162ms)
			ProcessInitializeOnLoadAttributes (308ms)
			ProcessInitializeOnLoadMethodAttributes (87ms)
			AfterProcessingInitializeOnLoad (14ms)
		AwakeInstancesAfterBackupRestoration (25ms)
Unloading 36 Unused Serialized files (Serialized files now loaded: 0)
Unloading 6398 unused Assets / (7.5 MB). Loaded Objects now: 7304.
Memory consumption went from 186.4 MB to 178.9 MB.
Total: 10.558300 ms (FindLiveObjects: 1.058200 ms CreateObjectMapping: 0.843900 ms MarkObjects: 5.497100 ms  DeleteObjects: 3.157800 ms)

Prepare: number of updated asset objects reloaded= 0
========================================================================
Received Import Request.
  Time since last request: 141.466604 seconds.
  path: Assets/Prefabs/sphinx.prefab
  importAddress: Guid(b7f7eef918cfd054599d9c59b1389190) Importer(815301076,1909f56bfc062723c751e8b465ee728b)
Start importing Assets/Prefabs/sphinx.prefab using Guid(b7f7eef918cfd054599d9c59b1389190) Importer(815301076,1909f56bfc062723c751e8b465ee728b) (PreviewImporter) -> (Import Result ID: 'd76c62c2c3231957ac1488f25cb7dd36') in 0.4375481 seconds [static and dynamic dependencies]. Details - ImportResultOutputID=56cf39347b26600300a82a28132e3931 DependenciesID=485b6820850e3f7832653e7cbfa2b30f StaticDependenciesID=4d633b944dc4cfb052f88d239e6aecb2 
Number of updated asset objects reloaded before import = 0Number of asset objects unloaded after import = 19

========================================================================
Received Import Request.
  Time since last request: 0.024442 seconds.
  path: Assets/Prefabs/sphinx.prefab
  importAddress: Guid(b7f7eef918cfd054599d9c59b1389190) Importer(815301076,1909f56bfc062723c751e8b465ee728b)
Start importing Assets/Prefabs/sphinx.prefab using Guid(b7f7eef918cfd054599d9c59b1389190) Importer(815301076,1909f56bfc062723c751e8b465ee728b) (PreviewImporter) -> (Import Result ID: '0ba19e8285d8503f48b760c56e4048e3') in 0.0140132 seconds [static and dynamic dependencies]. Details - ImportResultOutputID=56cf39347b26600300a82a28132e3931 DependenciesID=e8ed51e7834bc4a7be0735abf8230b0a StaticDependenciesID=97d9db516fdf2ebce43b89ced4e3aaab 
Number of updated asset objects reloaded before import = 0Number of asset objects unloaded after import = 19

========================================================================
Received Import Request.
  Time since last request: 1.479295 seconds.
  path: Assets/Prefabs/sphinx.prefab
  importAddress: Guid(b7f7eef918cfd054599d9c59b1389190) Importer(815301076,1909f56bfc062723c751e8b465ee728b)
Start importing Assets/Prefabs/sphinx.prefab using Guid(b7f7eef918cfd054599d9c59b1389190) Importer(815301076,1909f56bfc062723c751e8b465ee728b) (PreviewImporter) -> (Import Result ID: '8b7117e80d096f3f17a5e79d039e511d') in 0.0112036 seconds [static and dynamic dependencies]. Details - ImportResultOutputID=56cf39347b26600300a82a28132e3931 DependenciesID=d1c829392c2d36e469dead728d6a7657 StaticDependenciesID=fc72eaa5fa717400cde589cbb38c39d3 
Number of updated asset objects reloaded before import = 0Number of asset objects unloaded after import = 19

========================================================================
Received Import Request.
  Time since last request: 2.390556 seconds.
  path: Assets/Prefabs/sphinx.prefab
  importAddress: Guid(b7f7eef918cfd054599d9c59b1389190) Importer(815301076,1909f56bfc062723c751e8b465ee728b)
Start importing Assets/Prefabs/sphinx.prefab using Guid(b7f7eef918cfd054599d9c59b1389190) Importer(815301076,1909f56bfc062723c751e8b465ee728b) (PreviewImporter) -> (Import Result ID: '0686cc1469cc3ecd4231e6d02294ec08') in 0.0153612 seconds [static and dynamic dependencies]. Details - ImportResultOutputID=56cf39347b26600300a82a28132e3931 DependenciesID=d7dd01f0baf60499fc049e7a9b8256a1 StaticDependenciesID=0f177ca4b3f65381478349d7a1e5038b 
Number of updated asset objects reloaded before import = 0Number of asset objects unloaded after import = 19

========================================================================
Received Import Request.
  Time since last request: 4.009941 seconds.
  path: Assets/Prefabs/sphinx.prefab
  importAddress: Guid(b7f7eef918cfd054599d9c59b1389190) Importer(815301076,1909f56bfc062723c751e8b465ee728b)
Start importing Assets/Prefabs/sphinx.prefab using Guid(b7f7eef918cfd054599d9c59b1389190) Importer(815301076,1909f56bfc062723c751e8b465ee728b) (PreviewImporter) -> (Import Result ID: '2a8c63736db9fe1d7c2c801200933847') in 0.0150211 seconds [static and dynamic dependencies]. Details - ImportResultOutputID=56cf39347b26600300a82a28132e3931 DependenciesID=2b5d16e8f97564f1be5dea9826a7304f StaticDependenciesID=a1bd8ef24c373d2beaa87447a2bca519 
Number of updated asset objects reloaded before import = 0Number of asset objects unloaded after import = 19

========================================================================
Received Import Request.
  Time since last request: 1.670616 seconds.
  path: Assets/Prefabs/sphinx.prefab
  importAddress: Guid(b7f7eef918cfd054599d9c59b1389190) Importer(815301076,1909f56bfc062723c751e8b465ee728b)
Start importing Assets/Prefabs/sphinx.prefab using Guid(b7f7eef918cfd054599d9c59b1389190) Importer(815301076,1909f56bfc062723c751e8b465ee728b) (PreviewImporter) -> (Import Result ID: '178af6f80fe803f3cc7a43d1db86635c') in 0.014471 seconds [static and dynamic dependencies]. Details - ImportResultOutputID=56cf39347b26600300a82a28132e3931 DependenciesID=4947c3bbf621584a510b93a5d3fd271a StaticDependenciesID=5833b556d684b1be9188f6a3cc786121 
Number of updated asset objects reloaded before import = 0Number of asset objects unloaded after import = 19

========================================================================
Received Prepare
Begin MonoManager ReloadAssembly
[Licensing::Client] Successfully resolved entitlement details
Assembly Assembly-CSharp-Editor-firstpass.dll at Library/ScriptAssemblies/Assembly-CSharp-Editor-firstpass.dll not valid. Loading of assembly skipped.
Assembly Assembly-CSharp-firstpass.dll at Library/ScriptAssemblies/Assembly-CSharp-firstpass.dll not valid. Loading of assembly skipped.
Assembly DocCodeExamples.dll at Library/ScriptAssemblies/DocCodeExamples.dll not valid. Loading of assembly skipped.
Assembly TestNewCustomAssembly.dll at Library/ScriptAssemblies/TestNewCustomAssembly.dll not valid. Loading of assembly skipped.
Assembly Unity.Collections.BurstCompatibilityGen.dll at Library/ScriptAssemblies/Unity.Collections.BurstCompatibilityGen.dll not valid. Loading of assembly skipped.
Assembly Unity.Collections.DocCodeSamples.dll at Library/ScriptAssemblies/Unity.Collections.DocCodeSamples.dll not valid. Loading of assembly skipped.
Assembly Unity.Collections.PerformanceTests.dll at Library/ScriptAssemblies/Unity.Collections.PerformanceTests.dll not valid. Loading of assembly skipped.
Assembly Unity.Collections.Tests.dll at Library/ScriptAssemblies/Unity.Collections.Tests.dll not valid. Loading of assembly skipped.
Assembly Unity.Collections.Tests.Playmode.dll at Library/ScriptAssemblies/Unity.Collections.Tests.Playmode.dll not valid. Loading of assembly skipped.
Assembly Unity.InputSystem.IntegrationTests.dll at Library/ScriptAssemblies/Unity.InputSystem.IntegrationTests.dll not valid. Loading of assembly skipped.
Assembly Unity.Mathematics.Tests.dll at Library/ScriptAssemblies/Unity.Mathematics.Tests.dll not valid. Loading of assembly skipped.
Assembly Unity.Multiplayer.Center.Editor.Tests.dll at Library/ScriptAssemblies/Unity.Multiplayer.Center.Editor.Tests.dll not valid. Loading of assembly skipped.
Assembly Unity.Multiplayer.Center.Tests.dll at Library/ScriptAssemblies/Unity.Multiplayer.Center.Tests.dll not valid. Loading of assembly skipped.
Assembly Unity.Nuget.Mono-Cecil.dll at Library/ScriptAssemblies/Unity.Nuget.Mono-Cecil.dll not valid. Loading of assembly skipped.
Assembly Unity.PathTracing.Editor.Tests.dll at Library/ScriptAssemblies/Unity.PathTracing.Editor.Tests.dll not valid. Loading of assembly skipped.
Assembly Unity.PathTracing.Runtime.Tests.dll at Library/ScriptAssemblies/Unity.PathTracing.Runtime.Tests.dll not valid. Loading of assembly skipped.
Assembly Unity.Postprocessing.Editor.Tests.dll at Library/ScriptAssemblies/Unity.Postprocessing.Editor.Tests.dll not valid. Loading of assembly skipped.
Assembly Unity.Postprocessing.Runtime.Tests.dll at Library/ScriptAssemblies/Unity.Postprocessing.Runtime.Tests.dll not valid. Loading of assembly skipped.
Assembly Unity.RenderPipelines.Core.Editor.Tests.dll at Library/ScriptAssemblies/Unity.RenderPipelines.Core.Editor.Tests.dll not valid. Loading of assembly skipped.
Assembly Unity.RenderPipelines.Core.Runtime.Tests.dll at Library/ScriptAssemblies/Unity.RenderPipelines.Core.Runtime.Tests.dll not valid. Loading of assembly skipped.
Assembly Unity.RenderPipelines.Universal.Config.Editor.Tests.dll at Library/ScriptAssemblies/Unity.RenderPipelines.Universal.Config.Editor.Tests.dll not valid. Loading of assembly skipped.
Assembly Unity.RenderPipelines.Universal.Editor.Tests.dll at Library/ScriptAssemblies/Unity.RenderPipelines.Universal.Editor.Tests.dll not valid. Loading of assembly skipped.
Assembly Unity.RenderPipelines.Universal.Runtime.Tests.dll at Library/ScriptAssemblies/Unity.RenderPipelines.Universal.Runtime.Tests.dll not valid. Loading of assembly skipped.
Assembly Unity.Searcher.EditorTests.dll at Library/ScriptAssemblies/Unity.Searcher.EditorTests.dll not valid. Loading of assembly skipped.
Assembly Unity.ShaderGraph.Editor.Tests.dll at Library/ScriptAssemblies/Unity.ShaderGraph.Editor.Tests.dll not valid. Loading of assembly skipped.
Assembly Unity.TextMeshPro.Editor.Tests.dll at Library/ScriptAssemblies/Unity.TextMeshPro.Editor.Tests.dll not valid. Loading of assembly skipped.
Assembly Unity.TextMeshPro.Tests.dll at Library/ScriptAssemblies/Unity.TextMeshPro.Tests.dll not valid. Loading of assembly skipped.
Assembly Unity.UnifiedRayTracing.Editor.Tests.dll at Library/ScriptAssemblies/Unity.UnifiedRayTracing.Editor.Tests.dll not valid. Loading of assembly skipped.
Assembly UnityEditor.UI.Common.Tests.dll at Library/ScriptAssemblies/UnityEditor.UI.Common.Tests.dll not valid. Loading of assembly skipped.
Assembly UnityEditor.UI.EditorTests.dll at Library/ScriptAssemblies/UnityEditor.UI.EditorTests.dll not valid. Loading of assembly skipped.
Assembly UnityEngine.UI.Tests.dll at Library/ScriptAssemblies/UnityEngine.UI.Tests.dll not valid. Loading of assembly skipped.
Native extension for WindowsStandalone target not found
Native extension for WebGL target not found
[Package Manager] Failed to launch server process. Reason: Unity was launched with the -noUpm command-line argument
[Package Manager] Unable to send message (not connected to server process).
[Package Manager] Cannot connect to Unity Package Manager local server
[Package Manager] Failed to launch server process. Reason: Unity was launched with the -noUpm command-line argument
[Package Manager] Unable to send message (not connected to server process).
[Package Manager] Cannot connect to Unity Package Manager local server
ScheduleIndexationOnStartup MainProcess:False IndexOnStartup:True
Mono: successfully reloaded assembly
- Finished resetting the current domain, in  0.745 seconds
Domain Reload Profiling: 1549ms
	BeginReloadAssembly (234ms)
		DisableScriptedObjects (23ms)
		CreateAndSetChildDomain (49ms)
	RebuildCommonClasses (34ms)
	RebuildNativeTypeToScriptingClass (11ms)
	initialDomainReloadingComplete (74ms)
	LoadAllAssembliesAndSetupDomain (451ms)
		LoadAssemblies (384ms)
		AnalyzeDomain (164ms)
			TypeCache.Refresh (5ms)
			BuildScriptInfoCaches (148ms)
			ResolveRequiredComponents (9ms)
	FinalizeReload (746ms)
		SetupLoadedEditorAssemblies (0ms)
			BeforeProcessingInitializeOnLoad (163ms)
			ProcessInitializeOnLoadAttributes (307ms)
			ProcessInitializeOnLoadMethodAttributes (75ms)
			AfterProcessingInitializeOnLoad (15ms)
		AwakeInstancesAfterBackupRestoration (21ms)
Unloading 36 Unused Serialized files (Serialized files now loaded: 0)
Unloading 6399 unused Assets / (7.5 MB). Loaded Objects now: 7327.
Memory consumption went from 179.0 MB to 171.5 MB.
Total: 9.250200 ms (FindLiveObjects: 0.693400 ms CreateObjectMapping: 0.492600 ms MarkObjects: 5.074000 ms  DeleteObjects: 2.989500 ms)

Prepare: number of updated asset objects reloaded= 0
========================================================================
Received Import Request.
  Time since last request: 49.094781 seconds.
  path: Assets/Scripts/ObstacleSpawner.cs
  importAddress: Guid(b6df5cedd6e88d440bbb263392e8e1f8) Importer(815301076,1909f56bfc062723c751e8b465ee728b)
Start importing Assets/Scripts/ObstacleSpawner.cs using Guid(b6df5cedd6e88d440bbb263392e8e1f8) Importer(815301076,1909f56bfc062723c751e8b465ee728b) (PreviewImporter) -> (Import Result ID: '16ec64f72514d9f7d44ae222532267c7') in 0.0039173 seconds [static and dynamic dependencies]. Details - ImportResultOutputID=5614ed83e5532e9ba6da87f61caac5cd DependenciesID=7ae51b7c9938b730ce0ffccb5289d728 StaticDependenciesID=9576b07b712113b34ec31da9fa6d2a3e 
Number of updated asset objects reloaded before import = 0Number of asset objects unloaded after import = 0

========================================================================
Received Import Request.
  Time since last request: 114.573440 seconds.
  path: Assets/Scripts/ObstacleMover.cs
  importAddress: Guid(e804c84b961b0d249b86b490f392a0ca) Importer(815301076,1909f56bfc062723c751e8b465ee728b)
Start importing Assets/Scripts/ObstacleMover.cs using Guid(e804c84b961b0d249b86b490f392a0ca) Importer(815301076,1909f56bfc062723c751e8b465ee728b) (PreviewImporter) -> (Import Result ID: 'd661b8de70b1a19aebb2ad87c892f885') in 0.000586 seconds [static and dynamic dependencies]. Details - ImportResultOutputID=970b98d79cf134b7fe69a9090fa12ed6 DependenciesID=9251f354c636129aea78eed20ad5fde1 StaticDependenciesID=0a71fb8db3a6146e04dc19584c4f9341 
Number of updated asset objects reloaded before import = 0Number of asset objects unloaded after import = 0

========================================================================
Received Import Request.
  Time since last request: 14.747419 seconds.
  path: Assets/Palmov Island/Low Poly Atmospheric Locations Pack/Materials/texture main 3.mat
  importAddress: Guid(9ab30069b57a221419ab835391d02eae) Importer(2089858483,b0f066a214c2f5e87bad3c948f4d605d)
Start importing Assets/Palmov Island/Low Poly Atmospheric Locations Pack/Materials/texture main 3.mat using Guid(9ab30069b57a221419ab835391d02eae) Importer(2089858483,b0f066a214c2f5e87bad3c948f4d605d) (ScriptedImporter) -> (Import Result ID: '9012e6dee0733a6ff1cbad86c1f03948') in 0.0968048 seconds [static and dynamic dependencies]. Details - ImportResultOutputID=a41ff6babc5433836fbc53ef5925f4d4 DependenciesID=47524e7d3d4df0cdfe64f84c9899f486 StaticDependenciesID=e7b71cb6e6df9e3b0919a826b219e85a 
Number of updated asset objects reloaded before import = 0Number of asset objects unloaded after import = 2

========================================================================
Received Import Request.
  Time since last request: 0.000017 seconds.
  path: Assets/Palmov Island/Low Poly Atmospheric Locations Pack/Materials/texture main 72.mat
  importAddress: Guid(78bb3c37e9176824baa856096020de68) Importer(2089858483,b0f066a214c2f5e87bad3c948f4d605d)
Start importing Assets/Palmov Island/Low Poly Atmospheric Locations Pack/Materials/texture main 72.mat using Guid(78bb3c37e9176824baa856096020de68) Importer(2089858483,b0f066a214c2f5e87bad3c948f4d605d) (ScriptedImporter) -> (Import Result ID: '055a0c7fb8501007974cce2faad896d7') in 0.012298 seconds [static and dynamic dependencies]. Details - ImportResultOutputID=ac0e2c85fdc82140d75fdbcc9058938e DependenciesID=191fae13dc4d3aed4482820701429d60 StaticDependenciesID=12d539257700737b7dbfbd6c3c88c844 
Number of updated asset objects reloaded before import = 0Number of asset objects unloaded after import = 2

========================================================================
Received Import Request.
  Time since last request: 0.000025 seconds.
  path: Assets/Palmov Island/Low Poly Atmospheric Locations Pack/Materials/texture main 13.mat
  importAddress: Guid(1e869686160c2bb4eb8f8b6ca222eb4a) Importer(2089858483,b0f066a214c2f5e87bad3c948f4d605d)
Start importing Assets/Palmov Island/Low Poly Atmospheric Locations Pack/Materials/texture main 13.mat using Guid(1e869686160c2bb4eb8f8b6ca222eb4a) Importer(2089858483,b0f066a214c2f5e87bad3c948f4d605d) (ScriptedImporter) -> (Import Result ID: '1ad1d4f826ece022a637e7ef191e1fd3') in 0.0106733 seconds [static and dynamic dependencies]. Details - ImportResultOutputID=7c050b26363c80c20c326aa5f72270b1 DependenciesID=c27439ae2f9bad1c74d1a81edfb6c792 StaticDependenciesID=cb6c6371288c543faad9c2738cc4ee1c 
Number of updated asset objects reloaded before import = 0Number of asset objects unloaded after import = 2

========================================================================
Received Import Request.
  Time since last request: 0.000015 seconds.
  path: Assets/Palmov Island/Low Poly Atmospheric Locations Pack/Materials/texture main 46.mat
  importAddress: Guid(c34e3a48eed744540a42456253181822) Importer(2089858483,b0f066a214c2f5e87bad3c948f4d605d)
Start importing Assets/Palmov Island/Low Poly Atmospheric Locations Pack/Materials/texture main 46.mat using Guid(c34e3a48eed744540a42456253181822) Importer(2089858483,b0f066a214c2f5e87bad3c948f4d605d) (ScriptedImporter) -> (Import Result ID: 'b500e68db4afda295df1a58bebdb36ff') in 0.0108624 seconds [static and dynamic dependencies]. Details - ImportResultOutputID=97da1144d1b299373113ad2177a76413 DependenciesID=83711ddf40dc79010fbabd4e89c1594e StaticDependenciesID=de72c6c06e8124555e548c8e78e11e15 
Number of updated asset objects reloaded before import = 0Number of asset objects unloaded after import = 2

========================================================================
Received Import Request.
  Time since last request: 0.000016 seconds.
  path: Assets/Palmov Island/Low Poly Atmospheric Locations Pack/Materials/texture main 55.mat
  importAddress: Guid(6ec60467222d39449ae1bcb7be318b9f) Importer(2089858483,b0f066a214c2f5e87bad3c948f4d605d)
Start importing Assets/Palmov Island/Low Poly Atmospheric Locations Pack/Materials/texture main 55.mat using Guid(6ec60467222d39449ae1bcb7be318b9f) Importer(2089858483,b0f066a214c2f5e87bad3c948f4d605d) (ScriptedImporter) -> (Import Result ID: '71a6a4cdc65be7d6e3c41d0c2aaee0d2') in 0.0128152 seconds [static and dynamic dependencies]. Details - ImportResultOutputID=a4797ee34ddc525fbb44b5a2ecbe53cc DependenciesID=4210b9725d972df2bdb2a95daf19fed5 StaticDependenciesID=cd04734c3839144634776b109994e1c7 
Number of updated asset objects reloaded before import = 0Number of asset objects unloaded after import = 2

========================================================================
Received Import Request.
  Time since last request: 0.000019 seconds.
  path: Assets/Palmov Island/Low Poly Atmospheric Locations Pack/Materials/texture main 98.mat
  importAddress: Guid(144f5a03596f44c4e8cf696866cabd07) Importer(2089858483,b0f066a214c2f5e87bad3c948f4d605d)
Start importing Assets/Palmov Island/Low Poly Atmospheric Locations Pack/Materials/texture main 98.mat using Guid(144f5a03596f44c4e8cf696866cabd07) Importer(2089858483,b0f066a214c2f5e87bad3c948f4d605d) (ScriptedImporter) -> (Import Result ID: '6b4d0bf8399feae8388aea19973851fe') in 0.0114586 seconds [static and dynamic dependencies]. Details - ImportResultOutputID=d842bd5bcfe12a18b0f3473b2782a754 DependenciesID=7cfb1c9b17e8fbbe10188240248b2406 StaticDependenciesID=a6d510d879971d44d9cc52ecb199e8ac 
Number of updated asset objects reloaded before import = 0Number of asset objects unloaded after import = 2

========================================================================
Received Import Request.
  Time since last request: 0.000026 seconds.
  path: Assets/Palmov Island/Low Poly Atmospheric Locations Pack/Materials/texture main 6.mat
  importAddress: Guid(1dea7a4eadcea8d4d965406713ad841a) Importer(2089858483,b0f066a214c2f5e87bad3c948f4d605d)
Start importing Assets/Palmov Island/Low Poly Atmospheric Locations Pack/Materials/texture main 6.mat using Guid(1dea7a4eadcea8d4d965406713ad841a) Importer(2089858483,b0f066a214c2f5e87bad3c948f4d605d) (ScriptedImporter) -> (Import Result ID: 'f166373d1c1f042c8742af99a41f6423') in 0.010595 seconds [static and dynamic dependencies]. Details - ImportResultOutputID=30247bf1c90c7ee97312db343c71e14d DependenciesID=0c8628020d5f0d27cb227102e72a8f5b StaticDependenciesID=4ed2c5abdeab0ce38d5c7b0161519a9f 
Number of updated asset objects reloaded before import = 0Number of asset objects unloaded after import = 2

========================================================================
Received Import Request.
  Time since last request: 0.000016 seconds.
  path: Assets/Palmov Island/Low Poly Atmospheric Locations Pack/Materials/texture main 106.mat
  importAddress: Guid(9b3c464f29cda6a4e8b327689a5c41fe) Importer(2089858483,b0f066a214c2f5e87bad3c948f4d605d)
Start importing Assets/Palmov Island/Low Poly Atmospheric Locations Pack/Materials/texture main 106.mat using Guid(9b3c464f29cda6a4e8b327689a5c41fe) Importer(2089858483,b0f066a214c2f5e87bad3c948f4d605d) (ScriptedImporter) -> (Import Result ID: '8a81571d2e667074b9173746833e8f12') in 0.011851 seconds [static and dynamic dependencies]. Details - ImportResultOutputID=ef5c20cae2acecdaa121a424c9954370 DependenciesID=1bd228260cf0af60be0801adefb37f94 StaticDependenciesID=249969b798a1b0d38c7c5572e265c33f 
Number of updated asset objects reloaded before import = 0Number of asset objects unloaded after import = 2

========================================================================
Received Import Request.
  Time since last request: 0.000014 seconds.
  path: Assets/Palmov Island/Low Poly Atmospheric Locations Pack/Materials/texture main 15.mat
  importAddress: Guid(bc64722c9caf88f4f89cf893f1b49830) Importer(2089858483,b0f066a214c2f5e87bad3c948f4d605d)
Start importing Assets/Palmov Island/Low Poly Atmospheric Locations Pack/Materials/texture main 15.mat using Guid(bc64722c9caf88f4f89cf893f1b49830) Importer(2089858483,b0f066a214c2f5e87bad3c948f4d605d) (ScriptedImporter) -> (Import Result ID: 'd2a9f7a094604a213f8f356d30d59851') in 0.0144962 seconds [static and dynamic dependencies]. Details - ImportResultOutputID=6ab369e0e19de4eebd6bb8865847d5d0 DependenciesID=60793430274c922d7f4b7963446efa69 StaticDependenciesID=400a94a814f5738f7c2743ecf2f82066 
Number of updated asset objects reloaded before import = 0Number of asset objects unloaded after import = 2

========================================================================
Received Import Request.
  Time since last request: 0.000018 seconds.
  path: Assets/Palmov Island/Low Poly Atmospheric Locations Pack/Materials/texture main 68.mat
  importAddress: Guid(9d6b0c78a57d71d44a7e3e5f0cde7044) Importer(2089858483,b0f066a214c2f5e87bad3c948f4d605d)
Start importing Assets/Palmov Island/Low Poly Atmospheric Locations Pack/Materials/texture main 68.mat using Guid(9d6b0c78a57d71d44a7e3e5f0cde7044) Importer(2089858483,b0f066a214c2f5e87bad3c948f4d605d) (ScriptedImporter) -> (Import Result ID: '9c21032a7f7bfd67c2e93407de64f43b') in 0.0120721 seconds [static and dynamic dependencies]. Details - ImportResultOutputID=93869a6fb4becafca142dcac36ddb83e DependenciesID=5563c9133501ecef1b4a58e84055b8e5 StaticDependenciesID=1fd41ec9e793115aa873106498db35b3 
Number of updated asset objects reloaded before import = 0Number of asset objects unloaded after import = 2

========================================================================
Received Import Request.
  Time since last request: 0.000028 seconds.
  path: Assets/Palmov Island/Low Poly Atmospheric Locations Pack/Materials/texture main 99.mat
  importAddress: Guid(f57ed7031c4257a40924210e67b40156) Importer(2089858483,b0f066a214c2f5e87bad3c948f4d605d)
Start importing Assets/Palmov Island/Low Poly Atmospheric Locations Pack/Materials/texture main 99.mat using Guid(f57ed7031c4257a40924210e67b40156) Importer(2089858483,b0f066a214c2f5e87bad3c948f4d605d) (ScriptedImporter) -> (Import Result ID: '2ec7df02870717e7ba68e4044707e6a1') in 0.0123987 seconds [static and dynamic dependencies]. Details - ImportResultOutputID=3b4d4770e8f95058e722635901085a29 DependenciesID=a9d9d542e3b0a7b0e609b07428a77bcf StaticDependenciesID=cd7e6b2505cf9612917830675d35eb5a 
Number of updated asset objects reloaded before import = 0Number of asset objects unloaded after import = 2

========================================================================
Received Import Request.
  Time since last request: 0.000015 seconds.
  path: Assets/Palmov Island/Low Poly Atmospheric Locations Pack/Materials/texture main 95.mat
  importAddress: Guid(ea7953f20820a904683c4228490f73bb) Importer(2089858483,b0f066a214c2f5e87bad3c948f4d605d)
Start importing Assets/Palmov Island/Low Poly Atmospheric Locations Pack/Materials/texture main 95.mat using Guid(ea7953f20820a904683c4228490f73bb) Importer(2089858483,b0f066a214c2f5e87bad3c948f4d605d) (ScriptedImporter) -> (Import Result ID: '6047a276d5e0ab99c0a5a0042f9e1c79') in 0.0137552 seconds [static and dynamic dependencies]. Details - ImportResultOutputID=9beea1cb3ea4ae30b2a197f36a75d68c DependenciesID=6d3d1c4fb9bb0577a121f459fd865fa3 StaticDependenciesID=deb61e5013628f291138f98c0cab297f 
Number of updated asset objects reloaded before import = 0Number of asset objects unloaded after import = 2

========================================================================
Received Import Request.
  Time since last request: 0.000016 seconds.
  path: Assets/Palmov Island/Low Poly Atmospheric Locations Pack/Materials/texture main 70.mat
  importAddress: Guid(2e7538656cc05ea4f9b0917bfa485feb) Importer(2089858483,b0f066a214c2f5e87bad3c948f4d605d)
Start importing Assets/Palmov Island/Low Poly Atmospheric Locations Pack/Materials/texture main 70.mat using Guid(2e7538656cc05ea4f9b0917bfa485feb) Importer(2089858483,b0f066a214c2f5e87bad3c948f4d605d) (ScriptedImporter) -> (Import Result ID: 'f189d26302cdcfcd83724426ae7ec6d7') in 0.0155305 seconds [static and dynamic dependencies]. Details - ImportResultOutputID=48eeda404c2a1135957dc992da4b02de DependenciesID=87ede35cd916764eb72506ad27d75158 StaticDependenciesID=74cffeb73b6ad66cff7eceadf0206104 
Number of updated asset objects reloaded before import = 0Number of asset objects unloaded after import = 2

========================================================================
Received Import Request.
  Time since last request: 0.000023 seconds.
  path: Assets/Palmov Island/Low Poly Atmospheric Locations Pack/Materials/texture main 5.mat
  importAddress: Guid(d4988c9e161545b46b17e3522a000fba) Importer(2089858483,b0f066a214c2f5e87bad3c948f4d605d)
Start importing Assets/Palmov Island/Low Poly Atmospheric Locations Pack/Materials/texture main 5.mat using Guid(d4988c9e161545b46b17e3522a000fba) Importer(2089858483,b0f066a214c2f5e87bad3c948f4d605d) (ScriptedImporter) -> (Import Result ID: '2c6c08285d84bf853f4bb5631115243c') in 0.0127612 seconds [static and dynamic dependencies]. Details - ImportResultOutputID=d930eacc8112e57ffea3a33c21344bde DependenciesID=3b84ac381039adbc409fa639bc7efaa6 StaticDependenciesID=92a37e966a8753a71e96bd0ae1ccdd93 
Number of updated asset objects reloaded before import = 0Number of asset objects unloaded after import = 2

========================================================================
Received Import Request.
  Time since last request: 0.000034 seconds.
  path: Assets/Palmov Island/Low Poly Atmospheric Locations Pack/Materials/texture main 120.mat
  importAddress: Guid(f2b603c6644fd8345875f346455602c6) Importer(2089858483,b0f066a214c2f5e87bad3c948f4d605d)
Start importing Assets/Palmov Island/Low Poly Atmospheric Locations Pack/Materials/texture main 120.mat using Guid(f2b603c6644fd8345875f346455602c6) Importer(2089858483,b0f066a214c2f5e87bad3c948f4d605d) (ScriptedImporter) -> (Import Result ID: '0af2a4acac52a53e1920daad1d4c360a') in 0.0144512 seconds [static and dynamic dependencies]. Details - ImportResultOutputID=e5edc14bb5f8afe38a71c0547ae6fc2f DependenciesID=a991319818ca3ef45f8dc4f5158eaae8 StaticDependenciesID=dff68efdb522630065f99ccef269b01c 
Number of updated asset objects reloaded before import = 0Number of asset objects unloaded after import = 2

========================================================================
Received Import Request.
  Time since last request: 0.000015 seconds.
  path: Assets/Palmov Island/Low Poly Atmospheric Locations Pack/Materials/texture main 24.mat
  importAddress: Guid(0b1b5e6f617a5624bbf607a17705295d) Importer(2089858483,b0f066a214c2f5e87bad3c948f4d605d)
Start importing Assets/Palmov Island/Low Poly Atmospheric Locations Pack/Materials/texture main 24.mat using Guid(0b1b5e6f617a5624bbf607a17705295d) Importer(2089858483,b0f066a214c2f5e87bad3c948f4d605d) (ScriptedImporter) -> (Import Result ID: '94dac5b6eec1c1987998410b9c218696') in 0.0126096 seconds [static and dynamic dependencies]. Details - ImportResultOutputID=c26f5d488274dc1d615ff523c20df321 DependenciesID=c9104d8ce2d2650f8e58fdf844efce64 StaticDependenciesID=a7b20e93faba25effaee0cdd5678de4e 
Number of updated asset objects reloaded before import = 0Number of asset objects unloaded after import = 2

========================================================================
Received Import Request.
  Time since last request: 0.000019 seconds.
  path: Assets/Palmov Island/Low Poly Atmospheric Locations Pack/Materials/texture main 76.mat
  importAddress: Guid(564c7c90d14cd51459e5211963df38a7) Importer(2089858483,b0f066a214c2f5e87bad3c948f4d605d)
Start importing Assets/Palmov Island/Low Poly Atmospheric Locations Pack/Materials/texture main 76.mat using Guid(564c7c90d14cd51459e5211963df38a7) Importer(2089858483,b0f066a214c2f5e87bad3c948f4d605d) (ScriptedImporter) -> (Import Result ID: 'cb3606a10def59fe3b84ea531815ac86') in 0.0118491 seconds [static and dynamic dependencies]. Details - ImportResultOutputID=685f75dc9b12cdf4310ab5a07af23c18 DependenciesID=2d78ae859920ecfc8db4e5596b45b2a8 StaticDependenciesID=12410b7de9c0e9cd50519ed85027a027 
Number of updated asset objects reloaded before import = 0Number of asset objects unloaded after import = 2

========================================================================
Received Import Request.
  Time since last request: 0.000026 seconds.
  path: Assets/Palmov Island/Low Poly Atmospheric Locations Pack/Materials/texture main 93.mat
  importAddress: Guid(f321d4334f02b7b4db438a1cf026635b) Importer(2089858483,b0f066a214c2f5e87bad3c948f4d605d)
Start importing Assets/Palmov Island/Low Poly Atmospheric Locations Pack/Materials/texture main 93.mat using Guid(f321d4334f02b7b4db438a1cf026635b) Importer(2089858483,b0f066a214c2f5e87bad3c948f4d605d) (ScriptedImporter) -> (Import Result ID: 'cb40995373143cb7951140c19a6d0212') in 0.0150189 seconds [static and dynamic dependencies]. Details - ImportResultOutputID=61158c51cca52fe1dd7d34d56fcaa661 DependenciesID=fadf2bfbc30c8ac34a95dd989b80ad4c StaticDependenciesID=ed2a2b98db1c918c5d1d8afd56837992 
Number of updated asset objects reloaded before import = 0Number of asset objects unloaded after import = 2

========================================================================
Received Import Request.
  Time since last request: 0.000034 seconds.
  path: Assets/Palmov Island/Low Poly Atmospheric Locations Pack/Materials/texture main 110.mat
  importAddress: Guid(5223758440140534b91f71f243a8c350) Importer(2089858483,b0f066a214c2f5e87bad3c948f4d605d)
Start importing Assets/Palmov Island/Low Poly Atmospheric Locations Pack/Materials/texture main 110.mat using Guid(5223758440140534b91f71f243a8c350) Importer(2089858483,b0f066a214c2f5e87bad3c948f4d605d) (ScriptedImporter) -> (Import Result ID: 'dc65f5349a2d34b16107590cdd083c3b') in 0.0129144 seconds [static and dynamic dependencies]. Details - ImportResultOutputID=0246cfcd9b172126f1503443f54457db DependenciesID=8518383ae1902ce080d708b33b2ce4a8 StaticDependenciesID=d0d629f37bc8cf47bc6f049f7b4ad517 
Number of updated asset objects reloaded before import = 0Number of asset objects unloaded after import = 2

========================================================================
Received Import Request.
  Time since last request: 0.000017 seconds.
  path: Assets/Palmov Island/Low Poly Atmospheric Locations Pack/Materials/texture main 132.mat
  importAddress: Guid(23d26f27c55807443a247ca856171e5a) Importer(2089858483,b0f066a214c2f5e87bad3c948f4d605d)
Start importing Assets/Palmov Island/Low Poly Atmospheric Locations Pack/Materials/texture main 132.mat using Guid(23d26f27c55807443a247ca856171e5a) Importer(2089858483,b0f066a214c2f5e87bad3c948f4d605d) (ScriptedImporter) -> (Import Result ID: '47e30ced5202b25f7afbf04d1e725832') in 0.0106483 seconds [static and dynamic dependencies]. Details - ImportResultOutputID=8f82e3a147b50d8cc469d20ae733df0d DependenciesID=9bb6944e114260a65468ce56a4665f5c StaticDependenciesID=5d2c766f188c92b33c776fcb26b9b204 
Number of updated asset objects reloaded before import = 0Number of asset objects unloaded after import = 2

========================================================================
Received Import Request.
  Time since last request: 0.000018 seconds.
  path: Assets/Palmov Island/Low Poly Atmospheric Locations Pack/Materials/texture main 130.mat
  importAddress: Guid(f56f28ce9fa43eb428a160c59a252f3a) Importer(2089858483,b0f066a214c2f5e87bad3c948f4d605d)
Start importing Assets/Palmov Island/Low Poly Atmospheric Locations Pack/Materials/texture main 130.mat using Guid(f56f28ce9fa43eb428a160c59a252f3a) Importer(2089858483,b0f066a214c2f5e87bad3c948f4d605d) (ScriptedImporter) -> (Import Result ID: '69542ee98b7465fb59a81b819dfd0921') in 0.0135106 seconds [static and dynamic dependencies]. Details - ImportResultOutputID=4758f65c03593a2a86c56ec0413583c4 DependenciesID=84bfbb84307506bc4a57052b870006ab StaticDependenciesID=626f6d9aacf412d54170a14e5d9551ab 
Number of updated asset objects reloaded before import = 0Number of asset objects unloaded after import = 2

========================================================================
Received Import Request.
  Time since last request: 0.000025 seconds.
  path: Assets/Palmov Island/Low Poly Atmospheric Locations Pack/Materials/texture main 128.mat
  importAddress: Guid(5482e21b9218f3d4fb9292c8e1a373a3) Importer(2089858483,b0f066a214c2f5e87bad3c948f4d605d)
Start importing Assets/Palmov Island/Low Poly Atmospheric Locations Pack/Materials/texture main 128.mat using Guid(5482e21b9218f3d4fb9292c8e1a373a3) Importer(2089858483,b0f066a214c2f5e87bad3c948f4d605d) (ScriptedImporter) -> (Import Result ID: 'bd6c3a9b1aa087676e1692be43ae50e9') in 0.0125905 seconds [static and dynamic dependencies]. Details - ImportResultOutputID=f5d80caa454da1b87bf683f4581492fb DependenciesID=c37217af997170ec3f68ec9fd0bacc7c StaticDependenciesID=3c0cd8219f22648caa1ece7de5b6e7eb 
Number of updated asset objects reloaded before import = 0Number of asset objects unloaded after import = 2

========================================================================
Received Import Request.
  Time since last request: 0.000031 seconds.
  path: Assets/Palmov Island/Low Poly Atmospheric Locations Pack/Materials/texture main 135.mat
  importAddress: Guid(59ffc303860126c47ac05869126c93e1) Importer(2089858483,b0f066a214c2f5e87bad3c948f4d605d)
Start importing Assets/Palmov Island/Low Poly Atmospheric Locations Pack/Materials/texture main 135.mat using Guid(59ffc303860126c47ac05869126c93e1) Importer(2089858483,b0f066a214c2f5e87bad3c948f4d605d) (ScriptedImporter) -> (Import Result ID: '9fa4d9669b3be794a088cf3453a4721c') in 0.0108012 seconds [static and dynamic dependencies]. Details - ImportResultOutputID=84b32a9fe98deca24ca5ec0b603227dc DependenciesID=54dbaf7436c4ef24a7e1abaf178ee0d9 StaticDependenciesID=8ad75c4f7d224d23984e1fc4bc8a5ff4 
Number of updated asset objects reloaded before import = 0Number of asset objects unloaded after import = 2

========================================================================
Received Import Request.
  Time since last request: 0.000017 seconds.
  path: Assets/Palmov Island/Low Poly Atmospheric Locations Pack/Materials/texture main 79.mat
  importAddress: Guid(0ae3ff267d49ca24ea71ec000d29cf06) Importer(2089858483,b0f066a214c2f5e87bad3c948f4d605d)
Start importing Assets/Palmov Island/Low Poly Atmospheric Locations Pack/Materials/texture main 79.mat using Guid(0ae3ff267d49ca24ea71ec000d29cf06) Importer(2089858483,b0f066a214c2f5e87bad3c948f4d605d) (ScriptedImporter) -> (Import Result ID: '50b9ce7751139d64bc67e6e3331e3e63') in 0.014166 seconds [static and dynamic dependencies]. Details - ImportResultOutputID=26f8f5bd6b42bc2af73f96c54adbf381 DependenciesID=9d0b811b6fa5c577701a8681c208c48a StaticDependenciesID=02ecfcac348513a34272121d2ed0b25c 
Number of updated asset objects reloaded before import = 0Number of asset objects unloaded after import = 2

========================================================================
Received Import Request.
  Time since last request: 0.000018 seconds.
  path: Assets/Palmov Island/Low Poly Atmospheric Locations Pack/Materials/texture main 137.mat
  importAddress: Guid(00e054fb695076f418f432f9c2b0fcc9) Importer(2089858483,b0f066a214c2f5e87bad3c948f4d605d)
Start importing Assets/Palmov Island/Low Poly Atmospheric Locations Pack/Materials/texture main 137.mat using Guid(00e054fb695076f418f432f9c2b0fcc9) Importer(2089858483,b0f066a214c2f5e87bad3c948f4d605d) (ScriptedImporter) -> (Import Result ID: '4c835e3334df15806d4e6f568d94949e') in 0.0140974 seconds [static and dynamic dependencies]. Details - ImportResultOutputID=142c0ddecaeb8bca7695e1f7f553e3a2 DependenciesID=0bd95b9d988ea55b3ce9893a6f9dcee1 StaticDependenciesID=53d99e952a7dc65399fedadde5e682c8 
Number of updated asset objects reloaded before import = 0Number of asset objects unloaded after import = 2

========================================================================
Received Import Request.
  Time since last request: 0.000023 seconds.
  path: Assets/Palmov Island/Low Poly Atmospheric Locations Pack/Materials/texture main 23.mat
  importAddress: Guid(4c8e358cc51bb53469552ca429a682b3) Importer(2089858483,b0f066a214c2f5e87bad3c948f4d605d)
Start importing Assets/Palmov Island/Low Poly Atmospheric Locations Pack/Materials/texture main 23.mat using Guid(4c8e358cc51bb53469552ca429a682b3) Importer(2089858483,b0f066a214c2f5e87bad3c948f4d605d) (ScriptedImporter) -> (Import Result ID: '929bf965e8d8facc420164470ba29f99') in 0.011778 seconds [static and dynamic dependencies]. Details - ImportResultOutputID=d8180949c180ef5cd5710547134efc65 DependenciesID=70eb0d081a635f24f92172bd0afb4644 StaticDependenciesID=8dc69d1df7bbf1577fa511b99255511e 
Number of updated asset objects reloaded before import = 0Number of asset objects unloaded after import = 2

========================================================================
Received Import Request.
  Time since last request: 0.000034 seconds.
  path: Assets/Palmov Island/Low Poly Atmospheric Locations Pack/Materials/texture main 148.mat
  importAddress: Guid(449c9bb80e92b6e4d8b95a30c6d713ba) Importer(2089858483,b0f066a214c2f5e87bad3c948f4d605d)
Start importing Assets/Palmov Island/Low Poly Atmospheric Locations Pack/Materials/texture main 148.mat using Guid(449c9bb80e92b6e4d8b95a30c6d713ba) Importer(2089858483,b0f066a214c2f5e87bad3c948f4d605d) (ScriptedImporter) -> (Import Result ID: '8c021b59be74f425368b07bd1e5658b9') in 0.0114373 seconds [static and dynamic dependencies]. Details - ImportResultOutputID=7ba7f5fc88349436aabd2e16fdda6f16 DependenciesID=66f726fdb4c136dd63c1bf3620258d68 StaticDependenciesID=3221f6dc5453d4c20837a4cf8aeb7b89 
Number of updated asset objects reloaded before import = 0Number of asset objects unloaded after import = 2

========================================================================
Received Import Request.
  Time since last request: 0.000017 seconds.
  path: Assets/Palmov Island/Low Poly Atmospheric Locations Pack/Materials/texture main 140.mat
  importAddress: Guid(fd00c91124ee6f04891dce31b8c5f699) Importer(2089858483,b0f066a214c2f5e87bad3c948f4d605d)
Start importing Assets/Palmov Island/Low Poly Atmospheric Locations Pack/Materials/texture main 140.mat using Guid(fd00c91124ee6f04891dce31b8c5f699) Importer(2089858483,b0f066a214c2f5e87bad3c948f4d605d) (ScriptedImporter) -> (Import Result ID: '353f8ae7ba30ad2b67d4c098d58fba62') in 0.0117817 seconds [static and dynamic dependencies]. Details - ImportResultOutputID=4f8aebe05f56191f697c0c8e463ca4cc DependenciesID=260b1f9236af2ba2fe6278b6e59c8cb0 StaticDependenciesID=e4a13204800cbcf4da4e1925ffa51fea 
Number of updated asset objects reloaded before import = 0Number of asset objects unloaded after import = 2

========================================================================
Received Import Request.
  Time since last request: 0.000017 seconds.
  path: Assets/Palmov Island/Low Poly Atmospheric Locations Pack/Materials/texture main 144.mat
  importAddress: Guid(88e29c14ad83fa04499616a368f7bc68) Importer(2089858483,b0f066a214c2f5e87bad3c948f4d605d)
Start importing Assets/Palmov Island/Low Poly Atmospheric Locations Pack/Materials/texture main 144.mat using Guid(88e29c14ad83fa04499616a368f7bc68) Importer(2089858483,b0f066a214c2f5e87bad3c948f4d605d) (ScriptedImporter) -> (Import Result ID: 'efdaf64fa0db0fa6e759676c356585da') in 0.0115563 seconds [static and dynamic dependencies]. Details - ImportResultOutputID=5ab059e39eff31a7eb5ece25e734e44a DependenciesID=4b385c38ae32f6a3eab5f5d037c8d46e StaticDependenciesID=584eaad7bc4d7a41fa7f1836095c4c73 
Number of updated asset objects reloaded before import = 0Number of asset objects unloaded after import = 2

========================================================================
Received Import Request.
  Time since last request: 0.000019 seconds.
  path: Assets/Palmov Island/Low Poly Atmospheric Locations Pack/Materials/texture main 138.mat
  importAddress: Guid(a1fdb4eaaed811948b9353780e09d58d) Importer(2089858483,b0f066a214c2f5e87bad3c948f4d605d)
Start importing Assets/Palmov Island/Low Poly Atmospheric Locations Pack/Materials/texture main 138.mat using Guid(a1fdb4eaaed811948b9353780e09d58d) Importer(2089858483,b0f066a214c2f5e87bad3c948f4d605d) (ScriptedImporter) -> (Import Result ID: '2158de38e5127db1e5539bff759692cf') in 0.0118831 seconds [static and dynamic dependencies]. Details - ImportResultOutputID=3c849f787c304787d324f681068798ae DependenciesID=54e731bf4d6b68410e913101a0a918b9 StaticDependenciesID=adaef755a65f44b571c313edf5889f4f 
Number of updated asset objects reloaded before import = 0Number of asset objects unloaded after import = 2

========================================================================
Received Import Request.
  Time since last request: 0.000028 seconds.
  path: Assets/Palmov Island/Low Poly Atmospheric Locations Pack/Materials/texture main 69.mat
  importAddress: Guid(b612d785c0c141949b5de67dae5cd38b) Importer(2089858483,b0f066a214c2f5e87bad3c948f4d605d)
Start importing Assets/Palmov Island/Low Poly Atmospheric Locations Pack/Materials/texture main 69.mat using Guid(b612d785c0c141949b5de67dae5cd38b) Importer(2089858483,b0f066a214c2f5e87bad3c948f4d605d) (ScriptedImporter) -> (Import Result ID: 'af2542211ab026a35ac52e516b3787f8') in 0.0118204 seconds [static and dynamic dependencies]. Details - ImportResultOutputID=74395c98c970639a3139b708cc77a695 DependenciesID=66ef8b969961c785f0cd474069d56db1 StaticDependenciesID=e1223c0552120228d2da4912c9a2252d 
Number of updated asset objects reloaded before import = 0Number of asset objects unloaded after import = 2

========================================================================
Received Import Request.
  Time since last request: 0.000016 seconds.
  path: Assets/Palmov Island/Low Poly Atmospheric Locations Pack/Materials/texture main 109.mat
  importAddress: Guid(50824f055e51eaf43b58714c00aab50e) Importer(2089858483,b0f066a214c2f5e87bad3c948f4d605d)
Start importing Assets/Palmov Island/Low Poly Atmospheric Locations Pack/Materials/texture main 109.mat using Guid(50824f055e51eaf43b58714c00aab50e) Importer(2089858483,b0f066a214c2f5e87bad3c948f4d605d) (ScriptedImporter) -> (Import Result ID: '5db335e569cd21b8ad42349b18bb6251') in 0.01143 seconds [static and dynamic dependencies]. Details - ImportResultOutputID=dbfaca9f123f9f1928575f862b44a8d5 DependenciesID=b14c366b6ea4b954c981dbd7e713932b StaticDependenciesID=3c0c4a84193fc421c183a30fb57851f6 
Number of updated asset objects reloaded before import = 0Number of asset objects unloaded after import = 2

========================================================================
Received Import Request.
  Time since last request: 0.000019 seconds.
  path: Assets/Palmov Island/Low Poly Atmospheric Locations Pack/Materials/texture main 153.mat
  importAddress: Guid(c0108160598c07846ba7588ebfb6304f) Importer(2089858483,b0f066a214c2f5e87bad3c948f4d605d)
Start importing Assets/Palmov Island/Low Poly Atmospheric Locations Pack/Materials/texture main 153.mat using Guid(c0108160598c07846ba7588ebfb6304f) Importer(2089858483,b0f066a214c2f5e87bad3c948f4d605d) (ScriptedImporter) -> (Import Result ID: 'd1cf00591e0a01c09ebb6cdce2e14348') in 0.011711 seconds [static and dynamic dependencies]. Details - ImportResultOutputID=e571aaf867948a800688b11fa7f8fcfd DependenciesID=f269a1b5ee6719e4b7572e403b00a944 StaticDependenciesID=2ee2fa446dc05d5d1bf9e2c33883fcb3 
Number of updated asset objects reloaded before import = 0Number of asset objects unloaded after import = 2

========================================================================
Received Import Request.
  Time since last request: 0.000020 seconds.
  path: Assets/Palmov Island/Low Poly Atmospheric Locations Pack/Materials/texture main 160.mat
  importAddress: Guid(f67aa039fea434e41ad72975de85b989) Importer(2089858483,b0f066a214c2f5e87bad3c948f4d605d)
Start importing Assets/Palmov Island/Low Poly Atmospheric Locations Pack/Materials/texture main 160.mat using Guid(f67aa039fea434e41ad72975de85b989) Importer(2089858483,b0f066a214c2f5e87bad3c948f4d605d) (ScriptedImporter) -> (Import Result ID: '89218f7ee235a6ffd4b226f58cb2d58f') in 0.0134251 seconds [static and dynamic dependencies]. Details - ImportResultOutputID=6515b5b0fce70ce0835df07299072f2f DependenciesID=a9c3942481cceff3fdb959f1ac1e52ad StaticDependenciesID=e6dce1bb755c7a88b06e3c8eeb58f94a 
Number of updated asset objects reloaded before import = 0Number of asset objects unloaded after import = 2

========================================================================
Received Import Request.
  Time since last request: 0.000028 seconds.
  path: Assets/Palmov Island/Low Poly Atmospheric Locations Pack/Materials/texture main 154.mat
  importAddress: Guid(847be11ab665f1940b1fb4c1b716520b) Importer(2089858483,b0f066a214c2f5e87bad3c948f4d605d)
Start importing Assets/Palmov Island/Low Poly Atmospheric Locations Pack/Materials/texture main 154.mat using Guid(847be11ab665f1940b1fb4c1b716520b) Importer(2089858483,b0f066a214c2f5e87bad3c948f4d605d) (ScriptedImporter) -> (Import Result ID: '004dc3833916f4e0e0bcd1dc3c2fa540') in 0.0181175 seconds [static and dynamic dependencies]. Details - ImportResultOutputID=d2a58b5cf863fca00c0f5ea6b21aad42 DependenciesID=445c43f8b218a6a88eced82eb0d5bab1 StaticDependenciesID=5e1e58855a538b97f1143e3345908e98 
Number of updated asset objects reloaded before import = 0Number of asset objects unloaded after import = 2

========================================================================
Received Import Request.
  Time since last request: 0.000037 seconds.
  path: Assets/Palmov Island/Low Poly Atmospheric Locations Pack/Materials/texture main 161.mat
  importAddress: Guid(3109df58845c6d14898218849c6fe3b2) Importer(2089858483,b0f066a214c2f5e87bad3c948f4d605d)
Start importing Assets/Palmov Island/Low Poly Atmospheric Locations Pack/Materials/texture main 161.mat using Guid(3109df58845c6d14898218849c6fe3b2) Importer(2089858483,b0f066a214c2f5e87bad3c948f4d605d) (ScriptedImporter) -> (Import Result ID: '9e08df7b7d5a0f63308276c8f1d96b4c') in 0.0132588 seconds [static and dynamic dependencies]. Details - ImportResultOutputID=0cd5c68a5d86dcc007b35e15217b2a15 DependenciesID=33c6e5aa2b9c07590c9b0134741b4b07 StaticDependenciesID=662f5e3e9e34ac56c3dedcbefd6d4bff 
Number of updated asset objects reloaded before import = 0Number of asset objects unloaded after import = 2

========================================================================
Received Import Request.
  Time since last request: 0.000016 seconds.
  path: Assets/Palmov Island/Low Poly Atmospheric Locations Pack/Materials/texture main 155.mat
  importAddress: Guid(0f2b0ec954c123143b07f25dbe5b45f6) Importer(2089858483,b0f066a214c2f5e87bad3c948f4d605d)
Start importing Assets/Palmov Island/Low Poly Atmospheric Locations Pack/Materials/texture main 155.mat using Guid(0f2b0ec954c123143b07f25dbe5b45f6) Importer(2089858483,b0f066a214c2f5e87bad3c948f4d605d) (ScriptedImporter) -> (Import Result ID: '956198d31786a26563242c39323c366c') in 0.0118863 seconds [static and dynamic dependencies]. Details - ImportResultOutputID=4e4305228f99d906aebdcf3efb52df68 DependenciesID=f1cea0788c622aec98034224b6be331c StaticDependenciesID=a30832be485826a280e8a4c2eeee3832 
Number of updated asset objects reloaded before import = 0Number of asset objects unloaded after import = 2

========================================================================
Received Import Request.
  Time since last request: 0.000021 seconds.
  path: Assets/Palmov Island/Low Poly Atmospheric Locations Pack/Materials/texture main 56.mat
  importAddress: Guid(9390a6a2a157710429bc33233681c267) Importer(2089858483,b0f066a214c2f5e87bad3c948f4d605d)
Start importing Assets/Palmov Island/Low Poly Atmospheric Locations Pack/Materials/texture main 56.mat using Guid(9390a6a2a157710429bc33233681c267) Importer(2089858483,b0f066a214c2f5e87bad3c948f4d605d) (ScriptedImporter) -> (Import Result ID: '32b6ddc72307d03f16b32fe006142ec8') in 0.0120474 seconds [static and dynamic dependencies]. Details - ImportResultOutputID=449196a4c9916b95b26cdf1686e1aab1 DependenciesID=0f256527fd7b79da76efb908492f30b0 StaticDependenciesID=16b85f30cefc99d6b83f12c028fbd635 
Number of updated asset objects reloaded before import = 0Number of asset objects unloaded after import = 2

========================================================================
Received Import Request.
  Time since last request: 0.000033 seconds.
  path: Assets/Palmov Island/Low Poly Atmospheric Locations Pack/Materials/texture main 60.mat
  importAddress: Guid(c9330175752cd1745a597f36f4cb045e) Importer(2089858483,b0f066a214c2f5e87bad3c948f4d605d)
Start importing Assets/Palmov Island/Low Poly Atmospheric Locations Pack/Materials/texture main 60.mat using Guid(c9330175752cd1745a597f36f4cb045e) Importer(2089858483,b0f066a214c2f5e87bad3c948f4d605d) (ScriptedImporter) -> (Import Result ID: 'cf4af537f1fa213267c8a3bccbaf8c32') in 0.0126901 seconds [static and dynamic dependencies]. Details - ImportResultOutputID=e04af672af16d15135d7ce6b0a9a4d0b DependenciesID=a55166668edeef2c20e975b8369d0757 StaticDependenciesID=72cea8773af7082e8143eeebf860977a 
Number of updated asset objects reloaded before import = 0Number of asset objects unloaded after import = 2

========================================================================
Received Import Request.
  Time since last request: 0.000016 seconds.
  path: Assets/Palmov Island/Low Poly Atmospheric Locations Pack/Materials/texture main 162.mat
  importAddress: Guid(d74b23bec42f1d54f9ee529478df6323) Importer(2089858483,b0f066a214c2f5e87bad3c948f4d605d)
Start importing Assets/Palmov Island/Low Poly Atmospheric Locations Pack/Materials/texture main 162.mat using Guid(d74b23bec42f1d54f9ee529478df6323) Importer(2089858483,b0f066a214c2f5e87bad3c948f4d605d) (ScriptedImporter) -> (Import Result ID: '7f0b6ecc5a2657f3b59934e11573b67d') in 0.0109977 seconds [static and dynamic dependencies]. Details - ImportResultOutputID=9269ff24e2141bebc0fb38a024d81611 DependenciesID=4a714c26d9d54ddbb21fd90c32bee4ca StaticDependenciesID=b83caf3fec0813cc1eb7e192c53e4f4b 
Number of updated asset objects reloaded before import = 0Number of asset objects unloaded after import = 2

========================================================================
Received Import Request.
  Time since last request: 0.000016 seconds.
  path: Assets/Palmov Island/Low Poly Atmospheric Locations Pack/Materials/texture main 122.mat
  importAddress: Guid(12bc772f3343add4bb381b334ae0f935) Importer(2089858483,b0f066a214c2f5e87bad3c948f4d605d)
Start importing Assets/Palmov Island/Low Poly Atmospheric Locations Pack/Materials/texture main 122.mat using Guid(12bc772f3343add4bb381b334ae0f935) Importer(2089858483,b0f066a214c2f5e87bad3c948f4d605d) (ScriptedImporter) -> (Import Result ID: '5386f374727ad2c6d262db92117d4d5c') in 0.0118854 seconds [static and dynamic dependencies]. Details - ImportResultOutputID=374a5d412ab454eb385bbd76d8c37cb8 DependenciesID=2b7950c5298d4015988114f2c64ba7d2 StaticDependenciesID=6e9399f3549c21beef37470a8423d9bb 
Number of updated asset objects reloaded before import = 0Number of asset objects unloaded after import = 2

========================================================================
Received Import Request.
  Time since last request: 0.000018 seconds.
  path: Assets/Palmov Island/Low Poly Atmospheric Locations Pack/Materials/texture main 22.mat
  importAddress: Guid(95d14d9d092f92c489e552146ca81717) Importer(2089858483,b0f066a214c2f5e87bad3c948f4d605d)
Start importing Assets/Palmov Island/Low Poly Atmospheric Locations Pack/Materials/texture main 22.mat using Guid(95d14d9d092f92c489e552146ca81717) Importer(2089858483,b0f066a214c2f5e87bad3c948f4d605d) (ScriptedImporter) -> (Import Result ID: '11a99067590eefad60a933679845d512') in 0.010826 seconds [static and dynamic dependencies]. Details - ImportResultOutputID=fc5a0d03fdb896907ee393919aad36ed DependenciesID=52cf5d5c075f9501abd2e34fd7d2f5e2 StaticDependenciesID=e73ed897d8a0aa8a21e3fe04e90e7887 
Number of updated asset objects reloaded before import = 0Number of asset objects unloaded after import = 2

========================================================================
Received Import Request.
  Time since last request: 0.000026 seconds.
  path: Assets/Palmov Island/Low Poly Atmospheric Locations Pack/Materials/texture main 40.mat
  importAddress: Guid(cd86e6eef54466c4b9d2782e42ff661f) Importer(2089858483,b0f066a214c2f5e87bad3c948f4d605d)
Start importing Assets/Palmov Island/Low Poly Atmospheric Locations Pack/Materials/texture main 40.mat using Guid(cd86e6eef54466c4b9d2782e42ff661f) Importer(2089858483,b0f066a214c2f5e87bad3c948f4d605d) (ScriptedImporter) -> (Import Result ID: '20b8e3fc59735529344ad1f440a1f73c') in 0.0125164 seconds [static and dynamic dependencies]. Details - ImportResultOutputID=7f14f3bc454b8001686951b7986ac618 DependenciesID=5189279d5d075bff0a8873496579e7cd StaticDependenciesID=6c3e8e2210032b6c7d21ceebfbb25221 
Number of updated asset objects reloaded before import = 0Number of asset objects unloaded after import = 2

========================================================================
Received Import Request.
  Time since last request: 0.000016 seconds.
  path: Assets/Palmov Island/Low Poly Atmospheric Locations Pack/Materials/texture main 88.mat
  importAddress: Guid(b61223dba57ff2d4280fa6e4d6142d75) Importer(2089858483,b0f066a214c2f5e87bad3c948f4d605d)
Start importing Assets/Palmov Island/Low Poly Atmospheric Locations Pack/Materials/texture main 88.mat using Guid(b61223dba57ff2d4280fa6e4d6142d75) Importer(2089858483,b0f066a214c2f5e87bad3c948f4d605d) (ScriptedImporter) -> (Import Result ID: 'f705ce2a294663e9dd785fe14c7d9a42') in 0.014913 seconds [static and dynamic dependencies]. Details - ImportResultOutputID=4632648649dc4098582f9f8c02dfac27 DependenciesID=1d2e4a19ad7d332ba04b5045d63c127f StaticDependenciesID=e27b9fbd72ece8aa32eaf722344557e1 
Number of updated asset objects reloaded before import = 0Number of asset objects unloaded after import = 2

========================================================================
Received Import Request.
  Time since last request: 0.000016 seconds.
  path: Assets/Palmov Island/Low Poly Atmospheric Locations Pack/Materials/texture main 64.mat
  importAddress: Guid(02034a00c58397047a1904ee58255035) Importer(2089858483,b0f066a214c2f5e87bad3c948f4d605d)
Start importing Assets/Palmov Island/Low Poly Atmospheric Locations Pack/Materials/texture main 64.mat using Guid(02034a00c58397047a1904ee58255035) Importer(2089858483,b0f066a214c2f5e87bad3c948f4d605d) (ScriptedImporter) -> (Import Result ID: 'e48fe4303ceceb19297980bab12d1e31') in 0.0112302 seconds [static and dynamic dependencies]. Details - ImportResultOutputID=98d3917dd020adc2d632092e2cd6cfda DependenciesID=99f87ae2fd8143d8b1704199442dd602 StaticDependenciesID=1bb22294d80d6164109a6c2a5df62255 
Number of updated asset objects reloaded before import = 0Number of asset objects unloaded after import = 2

========================================================================
Received Import Request.
  Time since last request: 0.000019 seconds.
  path: Assets/Palmov Island/Low Poly Atmospheric Locations Pack/Materials/texture main 146.mat
  importAddress: Guid(3feef30a4d198054293130eee9ea9859) Importer(2089858483,b0f066a214c2f5e87bad3c948f4d605d)
Start importing Assets/Palmov Island/Low Poly Atmospheric Locations Pack/Materials/texture main 146.mat using Guid(3feef30a4d198054293130eee9ea9859) Importer(2089858483,b0f066a214c2f5e87bad3c948f4d605d) (ScriptedImporter) -> (Import Result ID: 'bab5551cffca6cf6756c2727fbd544e8') in 0.0103756 seconds [static and dynamic dependencies]. Details - ImportResultOutputID=779317dffb2e407300498fcc8573c285 DependenciesID=6858a005855643616945df9933ccf2b1 StaticDependenciesID=f1c216a04d49ea1ec5f844369c4856fe 
Number of updated asset objects reloaded before import = 0Number of asset objects unloaded after import = 2

========================================================================
Received Import Request.
  Time since last request: 0.000028 seconds.
  path: Assets/Palmov Island/Low Poly Atmospheric Locations Pack/Materials/texture main 50.mat
  importAddress: Guid(e75b68173d22ed8409dfbdb9ad1da2e4) Importer(2089858483,b0f066a214c2f5e87bad3c948f4d605d)
Start importing Assets/Palmov Island/Low Poly Atmospheric Locations Pack/Materials/texture main 50.mat using Guid(e75b68173d22ed8409dfbdb9ad1da2e4) Importer(2089858483,b0f066a214c2f5e87bad3c948f4d605d) (ScriptedImporter) -> (Import Result ID: 'a4b89e830a39f3d2df5c79600523b74d') in 0.011933 seconds [static and dynamic dependencies]. Details - ImportResultOutputID=4487400d180f8d1bc79894af3a93d3fb DependenciesID=afe68ab79c24a1dc9734484a4f9539b3 StaticDependenciesID=9b792440bf57e9e496c2fb0c8cde3ced 
Number of updated asset objects reloaded before import = 0Number of asset objects unloaded after import = 2

========================================================================
Received Import Request.
  Time since last request: 0.000017 seconds.
  path: Assets/Palmov Island/Low Poly Atmospheric Locations Pack/Materials/texture main 123.mat
  importAddress: Guid(39ce33b9fb6eb9940ab9e20934c82bf4) Importer(2089858483,b0f066a214c2f5e87bad3c948f4d605d)
Start importing Assets/Palmov Island/Low Poly Atmospheric Locations Pack/Materials/texture main 123.mat using Guid(39ce33b9fb6eb9940ab9e20934c82bf4) Importer(2089858483,b0f066a214c2f5e87bad3c948f4d605d) (ScriptedImporter) -> (Import Result ID: '11440d81a974c7f34a66993db8d0f19d') in 0.0123241 seconds [static and dynamic dependencies]. Details - ImportResultOutputID=152c0f707e988da891ed3f18234e4fa6 DependenciesID=8c0e03463c21707bef39bb4fe576fe23 StaticDependenciesID=c1f6eca14871b2807260802cc5dcf877 
Number of updated asset objects reloaded before import = 0Number of asset objects unloaded after import = 2

========================================================================
Received Import Request.
  Time since last request: 0.000017 seconds.
  path: Assets/Palmov Island/Low Poly Atmospheric Locations Pack/Materials/texture main 133.mat
  importAddress: Guid(20ba9c2f2ca97544ea0b47266e1102fb) Importer(2089858483,b0f066a214c2f5e87bad3c948f4d605d)
Start importing Assets/Palmov Island/Low Poly Atmospheric Locations Pack/Materials/texture main 133.mat using Guid(20ba9c2f2ca97544ea0b47266e1102fb) Importer(2089858483,b0f066a214c2f5e87bad3c948f4d605d) (ScriptedImporter) -> (Import Result ID: '3fdad7f7e2e538d359e7ea99caf118f1') in 0.0102417 seconds [static and dynamic dependencies]. Details - ImportResultOutputID=5f00a4a61c8f9ae7161f2fe37d5e93cf DependenciesID=a4b7f9c9fedb0c5a40fc06c9852f13cc StaticDependenciesID=3997aaf75706e112bf3fdd9e47cf105b 
Number of updated asset objects reloaded before import = 0Number of asset objects unloaded after import = 2

========================================================================
Received Import Request.
  Time since last request: 0.000018 seconds.
  path: Assets/Palmov Island/Low Poly Atmospheric Locations Pack/Materials/texture main 58.mat
  importAddress: Guid(8c7515a4eb90586499f6c3a6dc458b5e) Importer(2089858483,b0f066a214c2f5e87bad3c948f4d605d)
Start importing Assets/Palmov Island/Low Poly Atmospheric Locations Pack/Materials/texture main 58.mat using Guid(8c7515a4eb90586499f6c3a6dc458b5e) Importer(2089858483,b0f066a214c2f5e87bad3c948f4d605d) (ScriptedImporter) -> (Import Result ID: '619e7bbe308ac4e7efb7524bfe37a967') in 0.0105766 seconds [static and dynamic dependencies]. Details - ImportResultOutputID=7e936ef138456dbd90a5142db598561a DependenciesID=da6540f687eca3def8838c55630923b4 StaticDependenciesID=ae0c6f34f6ca12218d8a7c270f88ef2f 
Number of updated asset objects reloaded before import = 0Number of asset objects unloaded after import = 2

========================================================================
Received Import Request.
  Time since last request: 0.000031 seconds.
  path: Assets/Palmov Island/Low Poly Atmospheric Locations Pack/Materials/texture main 65.mat
  importAddress: Guid(ad729463185edcc46959e5d25afc9116) Importer(2089858483,b0f066a214c2f5e87bad3c948f4d605d)
Start importing Assets/Palmov Island/Low Poly Atmospheric Locations Pack/Materials/texture main 65.mat using Guid(ad729463185edcc46959e5d25afc9116) Importer(2089858483,b0f066a214c2f5e87bad3c948f4d605d) (ScriptedImporter) -> (Import Result ID: '6f43c63bdd40dcb2ee06662afedcd308') in 0.0106887 seconds [static and dynamic dependencies]. Details - ImportResultOutputID=4a953bff9066b240a382ceb9bc74f1d0 DependenciesID=61491c49ffdb6d2be23a9339a066c9e3 StaticDependenciesID=a0ad85fddecc42644e3cd86c85758f41 
Number of updated asset objects reloaded before import = 0Number of asset objects unloaded after import = 2

========================================================================
Received Import Request.
  Time since last request: 0.000016 seconds.
  path: Assets/Palmov Island/Low Poly Atmospheric Locations Pack/Materials/texture main 127.mat
  importAddress: Guid(ccbb2a04fe0be8448aa9df37d268794b) Importer(2089858483,b0f066a214c2f5e87bad3c948f4d605d)
Start importing Assets/Palmov Island/Low Poly Atmospheric Locations Pack/Materials/texture main 127.mat using Guid(ccbb2a04fe0be8448aa9df37d268794b) Importer(2089858483,b0f066a214c2f5e87bad3c948f4d605d) (ScriptedImporter) -> (Import Result ID: '72e91c1d2f4faf92f7358f3017931982') in 0.0114697 seconds [static and dynamic dependencies]. Details - ImportResultOutputID=7e6ed64bc45029bc5f2bda206f52167e DependenciesID=eb6f97a54a126c00c0fccc0403ca6303 StaticDependenciesID=81a7f8d0062f9ef028d8ae6832240c77 
Number of updated asset objects reloaded before import = 0Number of asset objects unloaded after import = 2

========================================================================
Received Import Request.
  Time since last request: 0.000016 seconds.
  path: Assets/Palmov Island/Low Poly Atmospheric Locations Pack/Materials/texture main 14.mat
  importAddress: Guid(3bce455e767882349bb0e0b3ac916781) Importer(2089858483,b0f066a214c2f5e87bad3c948f4d605d)
Start importing Assets/Palmov Island/Low Poly Atmospheric Locations Pack/Materials/texture main 14.mat using Guid(3bce455e767882349bb0e0b3ac916781) Importer(2089858483,b0f066a214c2f5e87bad3c948f4d605d) (ScriptedImporter) -> (Import Result ID: '3a3bb9e91957df30f44b399604d488bc') in 0.0112238 seconds [static and dynamic dependencies]. Details - ImportResultOutputID=760753ac3f1190695b734b8a156b636f DependenciesID=fd9f134b237d9b9d02f66c00c2fb0f5d StaticDependenciesID=1a9c6e6265993aaff38685f0fa2c3301 
Number of updated asset objects reloaded before import = 0Number of asset objects unloaded after import = 2

========================================================================
Received Import Request.
  Time since last request: 0.000022 seconds.
  path: Assets/Palmov Island/Low Poly Atmospheric Locations Pack/Materials/texture main 62.mat
  importAddress: Guid(c449fa0450d33ec4fb25eb2d64efe7e0) Importer(2089858483,b0f066a214c2f5e87bad3c948f4d605d)
Start importing Assets/Palmov Island/Low Poly Atmospheric Locations Pack/Materials/texture main 62.mat using Guid(c449fa0450d33ec4fb25eb2d64efe7e0) Importer(2089858483,b0f066a214c2f5e87bad3c948f4d605d) (ScriptedImporter) -> (Import Result ID: '704ece630ec9a33c912fbd42be43fccc') in 0.0113302 seconds [static and dynamic dependencies]. Details - ImportResultOutputID=d51d2b2fb24bb26c4dcbf2f19537fe7f DependenciesID=f2a5335225064852a5ddf21894e92c52 StaticDependenciesID=ab77b044a7740aac5babd8a764d76602 
Number of updated asset objects reloaded before import = 0Number of asset objects unloaded after import = 2

========================================================================
Received Import Request.
  Time since last request: 0.000030 seconds.
  path: Assets/Palmov Island/Low Poly Atmospheric Locations Pack/Materials/texture main 49.mat
  importAddress: Guid(33d9cb02b46a6a1408e905a8b558fcbd) Importer(2089858483,b0f066a214c2f5e87bad3c948f4d605d)
Start importing Assets/Palmov Island/Low Poly Atmospheric Locations Pack/Materials/texture main 49.mat using Guid(33d9cb02b46a6a1408e905a8b558fcbd) Importer(2089858483,b0f066a214c2f5e87bad3c948f4d605d) (ScriptedImporter) -> (Import Result ID: 'c1445ec7de27ade9e55127ca9f381232') in 0.012945 seconds [static and dynamic dependencies]. Details - ImportResultOutputID=03cc1005fd5e835d42ad9bddb67f0d53 DependenciesID=e029c5f6bb546900d3be642052144efa StaticDependenciesID=a254ea01a6b7499c76fc775f2b252dff 
Number of updated asset objects reloaded before import = 0Number of asset objects unloaded after import = 2

========================================================================
Received Import Request.
  Time since last request: 0.000017 seconds.
  path: Assets/Palmov Island/Low Poly Atmospheric Locations Pack/Materials/texture main 97.mat
  importAddress: Guid(689484c97e513414586626b99cef1e35) Importer(2089858483,b0f066a214c2f5e87bad3c948f4d605d)
Start importing Assets/Palmov Island/Low Poly Atmospheric Locations Pack/Materials/texture main 97.mat using Guid(689484c97e513414586626b99cef1e35) Importer(2089858483,b0f066a214c2f5e87bad3c948f4d605d) (ScriptedImporter) -> (Import Result ID: 'e9af4ff1835829269198d440ad909ce1') in 0.0122093 seconds [static and dynamic dependencies]. Details - ImportResultOutputID=3cac4dd043856c1497e9e4b84cfdd08c DependenciesID=944ce7d5fbafb9b9f59fe9a0cab7e720 StaticDependenciesID=0427de2c65f62b6439fc9716dede06d5 
Number of updated asset objects reloaded before import = 0Number of asset objects unloaded after import = 2

========================================================================
Received Import Request.
  Time since last request: 0.000015 seconds.
  path: Assets/Palmov Island/Low Poly Atmospheric Locations Pack/Materials/texture main 118.mat
  importAddress: Guid(512721871e805f746b4b646302c0808e) Importer(2089858483,b0f066a214c2f5e87bad3c948f4d605d)
Start importing Assets/Palmov Island/Low Poly Atmospheric Locations Pack/Materials/texture main 118.mat using Guid(512721871e805f746b4b646302c0808e) Importer(2089858483,b0f066a214c2f5e87bad3c948f4d605d) (ScriptedImporter) -> (Import Result ID: '2a089431b7136d382a92a6864c1724cd') in 0.0110524 seconds [static and dynamic dependencies]. Details - ImportResultOutputID=6c313ba905e7ec769c30fc2cc3acda41 DependenciesID=8f7494f7d27738c4865c3af17680065b StaticDependenciesID=9bf37a4c09786643cde6ec18f47ecd8e 
Number of updated asset objects reloaded before import = 0Number of asset objects unloaded after import = 2

========================================================================
Received Import Request.
  Time since last request: 0.000016 seconds.
  path: Assets/Palmov Island/Low Poly Atmospheric Locations Pack/Materials/texture main 74.mat
  importAddress: Guid(c4015c2480395174c9d04d83bb68c61f) Importer(2089858483,b0f066a214c2f5e87bad3c948f4d605d)
Start importing Assets/Palmov Island/Low Poly Atmospheric Locations Pack/Materials/texture main 74.mat using Guid(c4015c2480395174c9d04d83bb68c61f) Importer(2089858483,b0f066a214c2f5e87bad3c948f4d605d) (ScriptedImporter) -> (Import Result ID: '9f5b6fecc6e0585daebfeaf7b6e7b578') in 0.0123621 seconds [static and dynamic dependencies]. Details - ImportResultOutputID=6124ea61b3fe857a66715b44eabd3f22 DependenciesID=3711e930ba4e7f428fa45cfbb59642a3 StaticDependenciesID=2297482138ca4088c3b74e0e4472ce37 
Number of updated asset objects reloaded before import = 0Number of asset objects unloaded after import = 2

========================================================================
Received Import Request.
  Time since last request: 0.000023 seconds.
  path: Assets/Palmov Island/Low Poly Atmospheric Locations Pack/Materials/texture main 124.mat
  importAddress: Guid(06742334e8aa1694d8341b83a6493cf4) Importer(2089858483,b0f066a214c2f5e87bad3c948f4d605d)
Start importing Assets/Palmov Island/Low Poly Atmospheric Locations Pack/Materials/texture main 124.mat using Guid(06742334e8aa1694d8341b83a6493cf4) Importer(2089858483,b0f066a214c2f5e87bad3c948f4d605d) (ScriptedImporter) -> (Import Result ID: '88940b92fafd91fc0e4178a5a254b8c7') in 0.014301 seconds [static and dynamic dependencies]. Details - ImportResultOutputID=172b1c302307f9a3ed8dfcf5a81b8fdf DependenciesID=1685400f1d9a3a9b2fac95d47e41da7b StaticDependenciesID=1198f9440ef59232dd11b815324917d9 
Number of updated asset objects reloaded before import = 0Number of asset objects unloaded after import = 2

========================================================================
Received Import Request.
  Time since last request: 0.000018 seconds.
  path: Assets/Palmov Island/Low Poly Atmospheric Locations Pack/Materials/texture main 25.mat
  importAddress: Guid(b7fca5ac7c80413498221e055062f42f) Importer(2089858483,b0f066a214c2f5e87bad3c948f4d605d)
Start importing Assets/Palmov Island/Low Poly Atmospheric Locations Pack/Materials/texture main 25.mat using Guid(b7fca5ac7c80413498221e055062f42f) Importer(2089858483,b0f066a214c2f5e87bad3c948f4d605d) (ScriptedImporter) -> (Import Result ID: '026071ae95890f60e577780e55c942f5') in 0.0109877 seconds [static and dynamic dependencies]. Details - ImportResultOutputID=ad3bfcfdc2b1b2e1fb4f4399463e397a DependenciesID=ab9765750b00f12db0e1d83ec270dd05 StaticDependenciesID=469d896a7121687fce45f6191d19d2d3 
Number of updated asset objects reloaded before import = 0Number of asset objects unloaded after import = 2

========================================================================
Received Import Request.
  Time since last request: 0.000017 seconds.
  path: Assets/Prefabs/sphinx.prefab
  importAddress: Guid(b7f7eef918cfd054599d9c59b1389190) Importer(2089858483,b0f066a214c2f5e87bad3c948f4d605d)
Start importing Assets/Prefabs/sphinx.prefab using Guid(b7f7eef918cfd054599d9c59b1389190) Importer(2089858483,b0f066a214c2f5e87bad3c948f4d605d) (ScriptedImporter) -> (Import Result ID: '457ee50163074fe42b2e3386768ff740') in 0.0535988 seconds [static and dynamic dependencies]. Details - ImportResultOutputID=e5d6afa50cd41f657debfe4a53471e42 DependenciesID=366eefd1480716ccdb7e2a9d36aa7fea StaticDependenciesID=a8df426c11094ec917d1465fa347eee0 
Number of updated asset objects reloaded before import = 0Number of asset objects unloaded after import = 16

========================================================================
Received Import Request.
  Time since last request: 0.000018 seconds.
  path: Assets/Palmov Island/Low Poly Atmospheric Locations Pack/Materials/texture main 105.mat
  importAddress: Guid(7bd9c7c0ae9ee8146b21292a840f5d6b) Importer(2089858483,b0f066a214c2f5e87bad3c948f4d605d)
Start importing Assets/Palmov Island/Low Poly Atmospheric Locations Pack/Materials/texture main 105.mat using Guid(7bd9c7c0ae9ee8146b21292a840f5d6b) Importer(2089858483,b0f066a214c2f5e87bad3c948f4d605d) (ScriptedImporter) -> (Import Result ID: 'b0c6aa18b738298852d4596d663c2a25') in 0.0108439 seconds [static and dynamic dependencies]. Details - ImportResultOutputID=0ee4487533dacb0676298e303313701e DependenciesID=4089ce64354db0fadbba3a232dec9b9e StaticDependenciesID=a40dcc8d939225a1579d240f4ee02304 
Number of updated asset objects reloaded before import = 0Number of asset objects unloaded after import = 2

========================================================================
Received Import Request.
  Time since last request: 0.000024 seconds.
  path: Assets/Palmov Island/Low Poly Atmospheric Locations Pack/Materials/texture main 28.mat
  importAddress: Guid(773595a5bf0c7824b9ec35998b3d56ad) Importer(2089858483,b0f066a214c2f5e87bad3c948f4d605d)
Start importing Assets/Palmov Island/Low Poly Atmospheric Locations Pack/Materials/texture main 28.mat using Guid(773595a5bf0c7824b9ec35998b3d56ad) Importer(2089858483,b0f066a214c2f5e87bad3c948f4d605d) (ScriptedImporter) -> (Import Result ID: '1b449e1bd18dfdd03bce07e7389ca597') in 0.0109203 seconds [static and dynamic dependencies]. Details - ImportResultOutputID=a08a93c64eb18911abfa319d8bd66bd8 DependenciesID=c81ef0049dde3487614778c948f2401d StaticDependenciesID=046e092c0b9ee1d20e7726dac9538f9a 
Number of updated asset objects reloaded before import = 0Number of asset objects unloaded after import = 2

========================================================================
Received Import Request.
  Time since last request: 0.000015 seconds.
  path: Assets/Palmov Island/Low Poly Atmospheric Locations Pack/Materials/texture main 78.mat
  importAddress: Guid(116468cb1d00d504a8206d7d65d438e6) Importer(2089858483,b0f066a214c2f5e87bad3c948f4d605d)
Start importing Assets/Palmov Island/Low Poly Atmospheric Locations Pack/Materials/texture main 78.mat using Guid(116468cb1d00d504a8206d7d65d438e6) Importer(2089858483,b0f066a214c2f5e87bad3c948f4d605d) (ScriptedImporter) -> (Import Result ID: '296b1d40d2c7faeb07ce82010da4c3c9') in 0.0108891 seconds [static and dynamic dependencies]. Details - ImportResultOutputID=160fa8c35ed2306968a2477a3a63bff4 DependenciesID=fca0e282b1ecce8211ab58f999d1f6c1 StaticDependenciesID=2e69e1c8524949dd6e59d390c61fd69b 
Number of updated asset objects reloaded before import = 0Number of asset objects unloaded after import = 2

========================================================================
Received Import Request.
  Time since last request: 0.000015 seconds.
  path: Assets/Palmov Island/Low Poly Atmospheric Locations Pack/Materials/texture main 101.mat
  importAddress: Guid(d2214b7de4fb9424985169371858affb) Importer(2089858483,b0f066a214c2f5e87bad3c948f4d605d)
Start importing Assets/Palmov Island/Low Poly Atmospheric Locations Pack/Materials/texture main 101.mat using Guid(d2214b7de4fb9424985169371858affb) Importer(2089858483,b0f066a214c2f5e87bad3c948f4d605d) (ScriptedImporter) -> (Import Result ID: 'a4d031864399d21f5a602b407a9e908d') in 0.0112303 seconds [static and dynamic dependencies]. Details - ImportResultOutputID=1ac775dfdf6d52454664b12c5059296e DependenciesID=c0d7572c7bfe985be5e3818777f5b53c StaticDependenciesID=fca1fb21d84c1104ff44154a52729ae7 
Number of updated asset objects reloaded before import = 0Number of asset objects unloaded after import = 2

========================================================================
Received Import Request.
  Time since last request: 0.000018 seconds.
  path: Assets/Palmov Island/Low Poly Atmospheric Locations Pack/Materials/texture main 77.mat
  importAddress: Guid(2ce6efd725dda984aa78ebd9b89cf040) Importer(2089858483,b0f066a214c2f5e87bad3c948f4d605d)
Start importing Assets/Palmov Island/Low Poly Atmospheric Locations Pack/Materials/texture main 77.mat using Guid(2ce6efd725dda984aa78ebd9b89cf040) Importer(2089858483,b0f066a214c2f5e87bad3c948f4d605d) (ScriptedImporter) -> (Import Result ID: '2962b9fc9885817146f5435fc64378a8') in 0.0131761 seconds [static and dynamic dependencies]. Details - ImportResultOutputID=5ac569a8bd75dfcdf03788551b91eb66 DependenciesID=303f8b5c20dbb6a137aa33d930afc134 StaticDependenciesID=fc796be1b093cd12cc38f5fd031b2cd0 
Number of updated asset objects reloaded before import = 0Number of asset objects unloaded after import = 2

========================================================================
Received Import Request.
  Time since last request: 0.000026 seconds.
  path: Assets/Palmov Island/Low Poly Atmospheric Locations Pack/Materials/texture main 94.mat
  importAddress: Guid(6d1cf71a8fd3c784da0f10772020080c) Importer(2089858483,b0f066a214c2f5e87bad3c948f4d605d)
Start importing Assets/Palmov Island/Low Poly Atmospheric Locations Pack/Materials/texture main 94.mat using Guid(6d1cf71a8fd3c784da0f10772020080c) Importer(2089858483,b0f066a214c2f5e87bad3c948f4d605d) (ScriptedImporter) -> (Import Result ID: '5f1e4087c36ac0f1f79b2de7b9111f48') in 0.0119728 seconds [static and dynamic dependencies]. Details - ImportResultOutputID=1a70a4ce0ceec81bb65295bcbddc7b08 DependenciesID=4ccc4d9be067f1ee8bedd25d03b8cb82 StaticDependenciesID=bd34b6696809df8e7c47eb3880501151 
Number of updated asset objects reloaded before import = 0Number of asset objects unloaded after import = 2

========================================================================
Received Import Request.
  Time since last request: 0.000018 seconds.
  path: Assets/Palmov Island/Low Poly Atmospheric Locations Pack/Materials/texture main 108.mat
  importAddress: Guid(2b8d630107bbc1a498edc001a7375b36) Importer(2089858483,b0f066a214c2f5e87bad3c948f4d605d)
Start importing Assets/Palmov Island/Low Poly Atmospheric Locations Pack/Materials/texture main 108.mat using Guid(2b8d630107bbc1a498edc001a7375b36) Importer(2089858483,b0f066a214c2f5e87bad3c948f4d605d) (ScriptedImporter) -> (Import Result ID: '12e760bc430c9730c45d79a52037b86c') in 0.0118422 seconds [static and dynamic dependencies]. Details - ImportResultOutputID=587fe8c8be7818cb2a4fe3cf372a04dc DependenciesID=cc5b431f5e204fbfaf5f16b21cd94997 StaticDependenciesID=6d09ee03429c25b1efdbd14c108700ff 
Number of updated asset objects reloaded before import = 0Number of asset objects unloaded after import = 2

========================================================================
Received Import Request.
  Time since last request: 0.000015 seconds.
  path: Assets/Palmov Island/Low Poly Atmospheric Locations Pack/Materials/texture main 158.mat
  importAddress: Guid(d0c32941d403be4448f93e7e9f767b09) Importer(2089858483,b0f066a214c2f5e87bad3c948f4d605d)
Start importing Assets/Palmov Island/Low Poly Atmospheric Locations Pack/Materials/texture main 158.mat using Guid(d0c32941d403be4448f93e7e9f767b09) Importer(2089858483,b0f066a214c2f5e87bad3c948f4d605d) (ScriptedImporter) -> (Import Result ID: '429247de6f23feaf5c603e06a56f382b') in 0.0111849 seconds [static and dynamic dependencies]. Details - ImportResultOutputID=5d2b415649093bcf2fa78b2b9fe7e254 DependenciesID=a5393267a8c8197e020c419f588f0756 StaticDependenciesID=8d8a622392f334071e2f46ee348dae83 
Number of updated asset objects reloaded before import = 0Number of asset objects unloaded after import = 2

========================================================================
Received Import Request.
  Time since last request: 0.000017 seconds.
  path: Assets/Palmov Island/Low Poly Atmospheric Locations Pack/Materials/texture main 10.mat
  importAddress: Guid(4fc785619b262c24f99ae33151d633a3) Importer(2089858483,b0f066a214c2f5e87bad3c948f4d605d)
Start importing Assets/Palmov Island/Low Poly Atmospheric Locations Pack/Materials/texture main 10.mat using Guid(4fc785619b262c24f99ae33151d633a3) Importer(2089858483,b0f066a214c2f5e87bad3c948f4d605d) (ScriptedImporter) -> (Import Result ID: '4e971f1b4825ceae0580418924185bbf') in 0.0107108 seconds [static and dynamic dependencies]. Details - ImportResultOutputID=bec8398f290e802fd2ec2efe8294afff DependenciesID=e17ce8929e962fc1f9c94d1e8e38b4cd StaticDependenciesID=71b892a3614fb6061fb03eb294c26c1b 
Number of updated asset objects reloaded before import = 0Number of asset objects unloaded after import = 2

========================================================================
Received Import Request.
  Time since last request: 0.000036 seconds.
  path: Assets/Palmov Island/Low Poly Atmospheric Locations Pack/Materials/texture main 21.mat
  importAddress: Guid(de72500550d474145b1d730233545588) Importer(2089858483,b0f066a214c2f5e87bad3c948f4d605d)
Start importing Assets/Palmov Island/Low Poly Atmospheric Locations Pack/Materials/texture main 21.mat using Guid(de72500550d474145b1d730233545588) Importer(2089858483,b0f066a214c2f5e87bad3c948f4d605d) (ScriptedImporter) -> (Import Result ID: '4c7908f7c036e585067545b2e65ff706') in 0.0114044 seconds [static and dynamic dependencies]. Details - ImportResultOutputID=e094e339f4e395d7e46b514ec6371aa6 DependenciesID=73d28ef267e76878568ac798b8f3b147 StaticDependenciesID=493a8fe5d92ef143f5e60353c988dad0 
Number of updated asset objects reloaded before import = 0Number of asset objects unloaded after import = 2

========================================================================
Received Import Request.
  Time since last request: 0.000016 seconds.
  path: Assets/Palmov Island/Low Poly Atmospheric Locations Pack/Materials/texture main 71.mat
  importAddress: Guid(95ac47747b958d64fa956549e035e113) Importer(2089858483,b0f066a214c2f5e87bad3c948f4d605d)
Start importing Assets/Palmov Island/Low Poly Atmospheric Locations Pack/Materials/texture main 71.mat using Guid(95ac47747b958d64fa956549e035e113) Importer(2089858483,b0f066a214c2f5e87bad3c948f4d605d) (ScriptedImporter) -> (Import Result ID: '6f957fa0541f30364f589d4338b1289d') in 0.0128749 seconds [static and dynamic dependencies]. Details - ImportResultOutputID=aaa79593a6723a19affae9d84ac506fa DependenciesID=7f317ae5f4b0178f7a79bf66d5d1edbc StaticDependenciesID=8ecd00e785d40d58702a1d5e6e42dba1 
Number of updated asset objects reloaded before import = 0Number of asset objects unloaded after import = 2

========================================================================
Received Import Request.
  Time since last request: 0.000016 seconds.
  path: Assets/Palmov Island/Low Poly Atmospheric Locations Pack/Materials/texture main 75.mat
  importAddress: Guid(5564a93b8feb25a4f92743f2a9c94ed8) Importer(2089858483,b0f066a214c2f5e87bad3c948f4d605d)
Start importing Assets/Palmov Island/Low Poly Atmospheric Locations Pack/Materials/texture main 75.mat using Guid(5564a93b8feb25a4f92743f2a9c94ed8) Importer(2089858483,b0f066a214c2f5e87bad3c948f4d605d) (ScriptedImporter) -> (Import Result ID: '2e3f762fe17f3f0b885faad8b839ce5a') in 0.0125802 seconds [static and dynamic dependencies]. Details - ImportResultOutputID=2b166d7c86ce831ad7555b82b7a72e38 DependenciesID=3702764eadbb070ccdf41c968452abda StaticDependenciesID=36ea082475790556e5f82ab9267b8420 
Number of updated asset objects reloaded before import = 0Number of asset objects unloaded after import = 2

========================================================================
Received Import Request.
  Time since last request: 0.000019 seconds.
  path: Assets/Palmov Island/Low Poly Atmospheric Locations Pack/Materials/texture main 27.mat
  importAddress: Guid(c7e53fc5b5fae8640a16fb239f93496c) Importer(2089858483,b0f066a214c2f5e87bad3c948f4d605d)
Start importing Assets/Palmov Island/Low Poly Atmospheric Locations Pack/Materials/texture main 27.mat using Guid(c7e53fc5b5fae8640a16fb239f93496c) Importer(2089858483,b0f066a214c2f5e87bad3c948f4d605d) (ScriptedImporter) -> (Import Result ID: '7b7a7b5326e6b7ff426c7f1587e8e902') in 0.0113932 seconds [static and dynamic dependencies]. Details - ImportResultOutputID=7f4cb90c508b66c3611864bc4f0b00ee DependenciesID=48b7d9023dc70e48e2f5d6a65886adef StaticDependenciesID=6bc51fa61ec0e9b116b0d5c07d87da62 
Number of updated asset objects reloaded before import = 0Number of asset objects unloaded after import = 2

Editor requested this worker to shutdown with reason: Scaling down because of idle timeout
AssetImportWorker is now disconnected from the server
Process exiting
Exiting without the bug reporter. Application will terminate with return code 0