[Licensing::Module] Trying to connect to existing licensing client channel...
Built from '6000.4/staging' branch; Version is '6000.4.0f1 (8cf496087c8f) revision 9237654'; Using compiler version '194234433'; Build Type 'Release'
[Licensing::IpcConnector] Successfully connected to: "LicenseClient-nicho" at "2026-05-14T15:27:27.1973251Z"
OS: 'Windows 11  (10.0.26200) Professional' Language: 'en' Physical Memory: 32694 MB
BatchMode: 1, IsHumanControllingUs: 0, StartBugReporterOnCrash: 0, Is64bit: 1
System  architecture: x64
Process architecture: x64
Date: 2026-05-14T15:27:27Z

COMMAND LINE ARGUMENTS:
C:\Program Files\Unity\Hub\Editor\6000.4.0f1\Editor\Unity.exe
-adb2
-batchMode
-noUpm
-name
AssetImportWorker20
-projectPath
C:/Users/nicho/Formative_1
-logFile
Logs/AssetImportWorker20.log
-srvPort
60549
-licensingIpc
LicenseClient-nicho
-force-d3d12
-job-worker-count
7
-background-job-worker-count
8
-gc-helper-count
1
-name
AssetImport
Successfully changed project path to: C:/Users/nicho/Formative_1
C:/Users/nicho/Formative_1
[UnityMemory] Configuration Parameters - Can be set up in boot.config
    "memorysetup-temp-allocator-size-gi-baking-worker=262144"
    "memorysetup-temp-allocator-size-gi-baking-worker=262144"
    "memorysetup-temp-allocator-size-gi-baking-worker=262144"
    "memorysetup-temp-allocator-size-gi-baking-worker=262144"
    "memorysetup-temp-allocator-size-gi-baking-worker=262144"
    "memorysetup-temp-allocator-size-nav-mesh-worker=65536"
    "memorysetup-temp-allocator-size-audio-worker=65536"
    "memorysetup-temp-allocator-size-cloud-worker=32768"
    "memorysetup-temp-allocator-size-gfx=262144"
    "memorysetup-temp-allocator-size-preload-manager=33554432"
    "memorysetup-temp-allocator-size-job-worker=262144"
    "memorysetup-temp-allocator-size-background-worker=32768"
    "memorysetup-allocator-temp-initial-block-size-main=262144"
    "memorysetup-allocator-temp-initial-block-size-worker=262144"
    "memorysetup-bucket-allocator-granularity=16"
    "memorysetup-bucket-allocator-bucket-count=8"
    "memorysetup-bucket-allocator-block-size=33554432"
    "memorysetup-bucket-allocator-block-count=8"
    "memorysetup-main-allocator-block-size=16777216"
    "memorysetup-thread-allocator-block-size=16777216"
    "memorysetup-gfx-main-allocator-block-size=16777216"
    "memorysetup-gfx-thread-allocator-block-size=16777216"
    "memorysetup-cache-allocator-block-size=4194304"
    "memorysetup-typetree-allocator-block-size=2097152"
    "memorysetup-profiler-bucket-allocator-granularity=16"
    "memorysetup-profiler-bucket-allocator-bucket-count=8"
    "memorysetup-profiler-bucket-allocator-block-size=33554432"
    "memorysetup-profiler-bucket-allocator-block-count=8"
    "memorysetup-profiler-allocator-block-size=16777216"
    "memorysetup-profiler-editor-allocator-block-size=1048576"
    "memorysetup-temp-allocator-size-main=16777216"
    "memorysetup-job-temp-allocator-block-size=2097152"
    "memorysetup-job-temp-allocator-block-size-background=1048576"
    "memorysetup-job-temp-allocator-reduction-small-platforms=262144"
Player connection [30172]  Target information:

Player connection [30172]  * "[IP] 192.168.0.13 [Port] 0 [Flags] 2 [Guid] 2819162997 [EditorId] 2819162997 [Version] 1048832 [Id] WindowsEditor(7,Nicholas) [Debug] 1 [PackageName] WindowsEditor [ProjectName] Editor" 

Player connection [30172]  * "[IP] 172.23.0.1 [Port] 0 [Flags] 2 [Guid] 2819162997 [EditorId] 2819162997 [Version] 1048832 [Id] WindowsEditor(7,Nicholas) [Debug] 1 [PackageName] WindowsEditor [ProjectName] Editor" 

Player connection [30172]  * "[IP] 26.42.229.79 [Port] 0 [Flags] 2 [Guid] 2819162997 [EditorId] 2819162997 [Version] 1048832 [Id] WindowsEditor(7,Nicholas) [Debug] 1 [PackageName] WindowsEditor [ProjectName] Editor" 

Player connection [30172] Host joined multi-casting on [225.0.0.222:54997]...
Player connection [30172] Host joined alternative multi-casting on [225.0.0.222:34997]...
JobSystem: Creating JobQueue using job-worker-count value 7
Input System module state changed to: Initialized.
[Physics::Module] Initialized fallback backend.
[Physics::Module] Id: 0xdecafbad
Library Redirect Path: Library/
[Physics::Module] Selected backend.
[Physics::Module] Name: PhysX
[Physics::Module] Id: 0xf2b8ea05
[Physics::Module] SDK Version: 4.1.2
[Physics::Module] Integration Version: 1.0.0
[Physics::Module] Threading Mode: Multi-Threaded
Refreshing native plugins compatible for Editor in 3.55 ms, found 3 plugins.
Initialize engine version: 6000.4.0f1 (8cf496087c8f)
[Subsystems] Discovering subsystems at path C:/Program Files/Unity/Hub/Editor/6000.4.0f1/Editor/Data/Resources/UnitySubsystems
[Subsystems] Discovering subsystems at path C:/Users/nicho/Formative_1/Assets
Forcing GfxDevice: Direct3D 12
GfxDevice: creating device client; kGfxThreadingModeNonThreaded
d3d12: failed to query info queue interface (0x80004002).
Direct3D:
    Version:         Direct3D 12 [level 12.2]
    Renderer:        NVIDIA GeForce RTX 4060 (ID=0x2882)
    Vendor:          NVIDIA
    VRAM:            7957 MB
    App VRAM Budget: 7189 MB
    Driver:          32.0.15.8097
Initialize mono
Mono path[0] = 'C:/Program Files/Unity/Hub/Editor/6000.4.0f1/Editor/Data/Managed'
Mono path[1] = 'C:/Program Files/Unity/Hub/Editor/6000.4.0f1/Editor/Data/MonoBleedingEdge/lib/mono/unityjit-win32'
Mono config path = 'C:/Program Files/Unity/Hub/Editor/6000.4.0f1/Editor/Data/MonoBleedingEdge/etc'
Using monoOptions --debugger-agent=transport=dt_socket,embedding=1,server=y,suspend=n,address=127.0.0.1:56032
CodeReloadManager initialized
Begin MonoManager ReloadAssembly
Registering precompiled unity dll's ...
Register platform support module: C:/Program Files/Unity/Hub/Editor/6000.4.0f1/Editor/Data/PlaybackEngines/WebGLSupport/UnityEditor.WebGL.Extensions.dll
Register platform support module: C:/Program Files/Unity/Hub/Editor/6000.4.0f1/Editor/Data/PlaybackEngines/WindowsStandaloneSupport/UnityEditor.WindowsStandalone.Extensions.dll
Registered in 0.004359 seconds.
Native extension for WindowsStandalone target not found
Native extension for WebGL target not found
Package Manager log level set to [2]
[Package Manager] Failed to launch server process. Reason: Unity was launched with the -noUpm command-line argument
[Package Manager] Unable to send message (not connected to server process).
[Package Manager] Cannot connect to Unity Package Manager local server
ScheduleIndexationOnStartup MainProcess:False IndexOnStartup:True
Mono: successfully reloaded assembly
- Finished resetting the current domain, in  0.375 seconds
Domain Reload Profiling: 898ms
	BeginReloadAssembly (160ms)
	RebuildCommonClasses (45ms)
	RebuildNativeTypeToScriptingClass (13ms)
	initialDomainReloadingComplete (85ms)
	LoadAllAssembliesAndSetupDomain (219ms)
		LoadAssemblies (152ms)
		AnalyzeDomain (209ms)
			TypeCache.Refresh (209ms)
				TypeCache.ScanAssembly (196ms)
	FinalizeReload (377ms)
		SetupLoadedEditorAssemblies (0ms)
			InitializePlatformSupportModulesInManaged (46ms)
			BeforeProcessingInitializeOnLoad (81ms)
			ProcessInitializeOnLoadAttributes (101ms)
			ProcessInitializeOnLoadMethodAttributes (78ms)
========================================================================
Worker process is ready to serve import requests
Import Worker Mode flag is 0x00
Begin MonoManager ReloadAssembly
[Licensing::Module] Licensing is not yet initialized.
[Licensing::Client] Handshaking with LicensingClient:
  Version:                 1.18.1+9fbee8e
  Session Id:              cc540845231c4b9188bc65666f09305b
  Correlation Id:          24d301c60bcd9a52cc819f6962c1584c
  External correlation Id: 814359034247203135
  Machine Id:              8wJQksq0DBmRPNJ5MMxPPwJrSZ0=
[Licensing::Module] Successfully connected to LicensingClient on channel: "LicenseClient-nicho" (connect: 0.00s, validation: 0.00s, handshake: 2.37s)
[Licensing::IpcConnector] Successfully connected to: "LicenseClient-nicho-notifications" at "2026-05-14T15:27:29.5707164Z"
[Licensing::Module] Licensing Background thread has ended after 2.37s
[Licensing::Module] Licensing is initialized (took 0.11s).
[Licensing::Client] Successfully resolved entitlement details
[Licensing::Module] License group:
  Id: 11270607086005-UnityPersXXXX
  Product: Unity Personal
  Type: Assigned
  Expiration: Unlimited
Assembly Assembly-CSharp-Editor-firstpass.dll at Library/ScriptAssemblies/Assembly-CSharp-Editor-firstpass.dll not valid. Loading of assembly skipped.
Assembly Assembly-CSharp-firstpass.dll at Library/ScriptAssemblies/Assembly-CSharp-firstpass.dll not valid. Loading of assembly skipped.
Assembly DocCodeExamples.dll at Library/ScriptAssemblies/DocCodeExamples.dll not valid. Loading of assembly skipped.
Assembly TestNewCustomAssembly.dll at Library/ScriptAssemblies/TestNewCustomAssembly.dll not valid. Loading of assembly skipped.
Assembly Unity.Collections.BurstCompatibilityGen.dll at Library/ScriptAssemblies/Unity.Collections.BurstCompatibilityGen.dll not valid. Loading of assembly skipped.
Assembly Unity.Collections.DocCodeSamples.dll at Library/ScriptAssemblies/Unity.Collections.DocCodeSamples.dll not valid. Loading of assembly skipped.
Assembly Unity.Collections.PerformanceTests.dll at Library/ScriptAssemblies/Unity.Collections.PerformanceTests.dll not valid. Loading of assembly skipped.
Assembly Unity.Collections.Tests.dll at Library/ScriptAssemblies/Unity.Collections.Tests.dll not valid. Loading of assembly skipped.
Assembly Unity.Collections.Tests.Playmode.dll at Library/ScriptAssemblies/Unity.Collections.Tests.Playmode.dll not valid. Loading of assembly skipped.
Assembly Unity.InputSystem.IntegrationTests.dll at Library/ScriptAssemblies/Unity.InputSystem.IntegrationTests.dll not valid. Loading of assembly skipped.
Assembly Unity.Mathematics.Tests.dll at Library/ScriptAssemblies/Unity.Mathematics.Tests.dll not valid. Loading of assembly skipped.
Assembly Unity.Multiplayer.Center.Editor.Tests.dll at Library/ScriptAssemblies/Unity.Multiplayer.Center.Editor.Tests.dll not valid. Loading of assembly skipped.
Assembly Unity.Multiplayer.Center.Tests.dll at Library/ScriptAssemblies/Unity.Multiplayer.Center.Tests.dll not valid. Loading of assembly skipped.
Assembly Unity.Nuget.Mono-Cecil.dll at Library/ScriptAssemblies/Unity.Nuget.Mono-Cecil.dll not valid. Loading of assembly skipped.
Assembly Unity.PathTracing.Editor.Tests.dll at Library/ScriptAssemblies/Unity.PathTracing.Editor.Tests.dll not valid. Loading of assembly skipped.
Assembly Unity.PathTracing.Runtime.Tests.dll at Library/ScriptAssemblies/Unity.PathTracing.Runtime.Tests.dll not valid. Loading of assembly skipped.
Assembly Unity.Postprocessing.Editor.Tests.dll at Library/ScriptAssemblies/Unity.Postprocessing.Editor.Tests.dll not valid. Loading of assembly skipped.
Assembly Unity.Postprocessing.Runtime.Tests.dll at Library/ScriptAssemblies/Unity.Postprocessing.Runtime.Tests.dll not valid. Loading of assembly skipped.
Assembly Unity.RenderPipelines.Core.Editor.Tests.dll at Library/ScriptAssemblies/Unity.RenderPipelines.Core.Editor.Tests.dll not valid. Loading of assembly skipped.
Assembly Unity.RenderPipelines.Core.Runtime.Tests.dll at Library/ScriptAssemblies/Unity.RenderPipelines.Core.Runtime.Tests.dll not valid. Loading of assembly skipped.
Assembly Unity.RenderPipelines.Universal.Config.Editor.Tests.dll at Library/ScriptAssemblies/Unity.RenderPipelines.Universal.Config.Editor.Tests.dll not valid. Loading of assembly skipped.
Assembly Unity.RenderPipelines.Universal.Editor.Tests.dll at Library/ScriptAssemblies/Unity.RenderPipelines.Universal.Editor.Tests.dll not valid. Loading of assembly skipped.
Assembly Unity.RenderPipelines.Universal.Runtime.Tests.dll at Library/ScriptAssemblies/Unity.RenderPipelines.Universal.Runtime.Tests.dll not valid. Loading of assembly skipped.
Assembly Unity.Searcher.EditorTests.dll at Library/ScriptAssemblies/Unity.Searcher.EditorTests.dll not valid. Loading of assembly skipped.
Assembly Unity.ShaderGraph.Editor.Tests.dll at Library/ScriptAssemblies/Unity.ShaderGraph.Editor.Tests.dll not valid. Loading of assembly skipped.
Assembly Unity.TextMeshPro.Editor.Tests.dll at Library/ScriptAssemblies/Unity.TextMeshPro.Editor.Tests.dll not valid. Loading of assembly skipped.
Assembly Unity.TextMeshPro.Tests.dll at Library/ScriptAssemblies/Unity.TextMeshPro.Tests.dll not valid. Loading of assembly skipped.
Assembly Unity.UnifiedRayTracing.Editor.Tests.dll at Library/ScriptAssemblies/Unity.UnifiedRayTracing.Editor.Tests.dll not valid. Loading of assembly skipped.
Assembly UnityEditor.UI.Common.Tests.dll at Library/ScriptAssemblies/UnityEditor.UI.Common.Tests.dll not valid. Loading of assembly skipped.
Assembly UnityEditor.UI.EditorTests.dll at Library/ScriptAssemblies/UnityEditor.UI.EditorTests.dll not valid. Loading of assembly skipped.
Assembly UnityEngine.UI.Tests.dll at Library/ScriptAssemblies/UnityEngine.UI.Tests.dll not valid. Loading of assembly skipped.
Native extension for WindowsStandalone target not found
Native extension for WebGL target not found
[Package Manager] Failed to launch server process. Reason: Unity was launched with the -noUpm command-line argument
[Package Manager] Unable to send message (not connected to server process).
[Package Manager] Cannot connect to Unity Package Manager local server
[Package Manager] Failed to launch server process. Reason: Unity was launched with the -noUpm command-line argument
[Package Manager] Unable to send message (not connected to server process).
[Package Manager] Cannot connect to Unity Package Manager local server
ScheduleIndexationOnStartup MainProcess:False IndexOnStartup:True
Mono: successfully reloaded assembly
- Finished resetting the current domain, in  0.728 seconds
Domain Reload Profiling: 1681ms
	BeginReloadAssembly (295ms)
		DisableScriptedObjects (6ms)
		CreateAndSetChildDomain (26ms)
	RebuildCommonClasses (35ms)
	RebuildNativeTypeToScriptingClass (11ms)
	initialDomainReloadingComplete (83ms)
	LoadAllAssembliesAndSetupDomain (529ms)
		LoadAssemblies (404ms)
		AnalyzeDomain (227ms)
			TypeCache.Refresh (160ms)
				TypeCache.ScanAssembly (146ms)
			BuildScriptInfoCaches (55ms)
			ResolveRequiredComponents (11ms)
	FinalizeReload (728ms)
		SetupLoadedEditorAssemblies (0ms)
			BeforeProcessingInitializeOnLoad (151ms)
			ProcessInitializeOnLoadAttributes (294ms)
			ProcessInitializeOnLoadMethodAttributes (65ms)
			AfterProcessingInitializeOnLoad (14ms)
		AwakeInstancesAfterBackupRestoration (10ms)
Launched and connected shader compiler UnityShaderCompiler.exe after 0.01 seconds
Unloading 36 Unused Serialized files (Serialized files now loaded: 0)
Unloading 6400 unused Assets / (7.4 MB). Loaded Objects now: 7250.
Memory consumption went from 162.9 MB to 155.5 MB.
Total: 7.199500 ms (FindLiveObjects: 0.559900 ms CreateObjectMapping: 0.294700 ms MarkObjects: 4.323400 ms  DeleteObjects: 2.019700 ms)

========================================================================
Received Prepare
Begin MonoManager ReloadAssembly
[Licensing::Client] Successfully resolved entitlement details
Assembly Assembly-CSharp-Editor-firstpass.dll at Library/ScriptAssemblies/Assembly-CSharp-Editor-firstpass.dll not valid. Loading of assembly skipped.
Assembly Assembly-CSharp-firstpass.dll at Library/ScriptAssemblies/Assembly-CSharp-firstpass.dll not valid. Loading of assembly skipped.
Assembly DocCodeExamples.dll at Library/ScriptAssemblies/DocCodeExamples.dll not valid. Loading of assembly skipped.
Assembly TestNewCustomAssembly.dll at Library/ScriptAssemblies/TestNewCustomAssembly.dll not valid. Loading of assembly skipped.
Assembly Unity.Collections.BurstCompatibilityGen.dll at Library/ScriptAssemblies/Unity.Collections.BurstCompatibilityGen.dll not valid. Loading of assembly skipped.
Assembly Unity.Collections.DocCodeSamples.dll at Library/ScriptAssemblies/Unity.Collections.DocCodeSamples.dll not valid. Loading of assembly skipped.
Assembly Unity.Collections.PerformanceTests.dll at Library/ScriptAssemblies/Unity.Collections.PerformanceTests.dll not valid. Loading of assembly skipped.
Assembly Unity.Collections.Tests.dll at Library/ScriptAssemblies/Unity.Collections.Tests.dll not valid. Loading of assembly skipped.
Assembly Unity.Collections.Tests.Playmode.dll at Library/ScriptAssemblies/Unity.Collections.Tests.Playmode.dll not valid. Loading of assembly skipped.
Assembly Unity.InputSystem.IntegrationTests.dll at Library/ScriptAssemblies/Unity.InputSystem.IntegrationTests.dll not valid. Loading of assembly skipped.
Assembly Unity.Mathematics.Tests.dll at Library/ScriptAssemblies/Unity.Mathematics.Tests.dll not valid. Loading of assembly skipped.
Assembly Unity.Multiplayer.Center.Editor.Tests.dll at Library/ScriptAssemblies/Unity.Multiplayer.Center.Editor.Tests.dll not valid. Loading of assembly skipped.
Assembly Unity.Multiplayer.Center.Tests.dll at Library/ScriptAssemblies/Unity.Multiplayer.Center.Tests.dll not valid. Loading of assembly skipped.
Assembly Unity.Nuget.Mono-Cecil.dll at Library/ScriptAssemblies/Unity.Nuget.Mono-Cecil.dll not valid. Loading of assembly skipped.
Assembly Unity.PathTracing.Editor.Tests.dll at Library/ScriptAssemblies/Unity.PathTracing.Editor.Tests.dll not valid. Loading of assembly skipped.
Assembly Unity.PathTracing.Runtime.Tests.dll at Library/ScriptAssemblies/Unity.PathTracing.Runtime.Tests.dll not valid. Loading of assembly skipped.
Assembly Unity.Postprocessing.Editor.Tests.dll at Library/ScriptAssemblies/Unity.Postprocessing.Editor.Tests.dll not valid. Loading of assembly skipped.
Assembly Unity.Postprocessing.Runtime.Tests.dll at Library/ScriptAssemblies/Unity.Postprocessing.Runtime.Tests.dll not valid. Loading of assembly skipped.
Assembly Unity.RenderPipelines.Core.Editor.Tests.dll at Library/ScriptAssemblies/Unity.RenderPipelines.Core.Editor.Tests.dll not valid. Loading of assembly skipped.
Assembly Unity.RenderPipelines.Core.Runtime.Tests.dll at Library/ScriptAssemblies/Unity.RenderPipelines.Core.Runtime.Tests.dll not valid. Loading of assembly skipped.
Assembly Unity.RenderPipelines.Universal.Config.Editor.Tests.dll at Library/ScriptAssemblies/Unity.RenderPipelines.Universal.Config.Editor.Tests.dll not valid. Loading of assembly skipped.
Assembly Unity.RenderPipelines.Universal.Editor.Tests.dll at Library/ScriptAssemblies/Unity.RenderPipelines.Universal.Editor.Tests.dll not valid. Loading of assembly skipped.
Assembly Unity.RenderPipelines.Universal.Runtime.Tests.dll at Library/ScriptAssemblies/Unity.RenderPipelines.Universal.Runtime.Tests.dll not valid. Loading of assembly skipped.
Assembly Unity.Searcher.EditorTests.dll at Library/ScriptAssemblies/Unity.Searcher.EditorTests.dll not valid. Loading of assembly skipped.
Assembly Unity.ShaderGraph.Editor.Tests.dll at Library/ScriptAssemblies/Unity.ShaderGraph.Editor.Tests.dll not valid. Loading of assembly skipped.
Assembly Unity.TextMeshPro.Editor.Tests.dll at Library/ScriptAssemblies/Unity.TextMeshPro.Editor.Tests.dll not valid. Loading of assembly skipped.
Assembly Unity.TextMeshPro.Tests.dll at Library/ScriptAssemblies/Unity.TextMeshPro.Tests.dll not valid. Loading of assembly skipped.
Assembly Unity.UnifiedRayTracing.Editor.Tests.dll at Library/ScriptAssemblies/Unity.UnifiedRayTracing.Editor.Tests.dll not valid. Loading of assembly skipped.
Assembly UnityEditor.UI.Common.Tests.dll at Library/ScriptAssemblies/UnityEditor.UI.Common.Tests.dll not valid. Loading of assembly skipped.
Assembly UnityEditor.UI.EditorTests.dll at Library/ScriptAssemblies/UnityEditor.UI.EditorTests.dll not valid. Loading of assembly skipped.
Assembly UnityEngine.UI.Tests.dll at Library/ScriptAssemblies/UnityEngine.UI.Tests.dll not valid. Loading of assembly skipped.
Native extension for WindowsStandalone target not found
Native extension for WebGL target not found
[Package Manager] Failed to launch server process. Reason: Unity was launched with the -noUpm command-line argument
[Package Manager] Unable to send message (not connected to server process).
[Package Manager] Cannot connect to Unity Package Manager local server
[Package Manager] Failed to launch server process. Reason: Unity was launched with the -noUpm command-line argument
[Package Manager] Unable to send message (not connected to server process).
[Package Manager] Cannot connect to Unity Package Manager local server
ScheduleIndexationOnStartup MainProcess:False IndexOnStartup:True
Mono: successfully reloaded assembly
- Finished resetting the current domain, in  0.797 seconds
Domain Reload Profiling: 1575ms
	BeginReloadAssembly (211ms)
		DisableScriptedObjects (6ms)
		CreateAndSetChildDomain (42ms)
	RebuildCommonClasses (34ms)
	RebuildNativeTypeToScriptingClass (11ms)
	initialDomainReloadingComplete (75ms)
	LoadAllAssembliesAndSetupDomain (446ms)
		LoadAssemblies (389ms)
		AnalyzeDomain (159ms)
			TypeCache.Refresh (6ms)
			BuildScriptInfoCaches (142ms)
			ResolveRequiredComponents (9ms)
	FinalizeReload (797ms)
		SetupLoadedEditorAssemblies (0ms)
			BeforeProcessingInitializeOnLoad (165ms)
			ProcessInitializeOnLoadAttributes (335ms)
			ProcessInitializeOnLoadMethodAttributes (79ms)
			AfterProcessingInitializeOnLoad (17ms)
		AwakeInstancesAfterBackupRestoration (23ms)
Unloading 36 Unused Serialized files (Serialized files now loaded: 0)
Unloading 6398 unused Assets / (8.0 MB). Loaded Objects now: 7266.
Memory consumption went from 171.7 MB to 163.7 MB.
Total: 9.933100 ms (FindLiveObjects: 0.753200 ms CreateObjectMapping: 0.744600 ms MarkObjects: 4.950300 ms  DeleteObjects: 3.483800 ms)

Prepare: number of updated asset objects reloaded= 0
========================================================================
Received Prepare
Begin MonoManager ReloadAssembly
Assembly Assembly-CSharp-Editor-firstpass.dll at Library/ScriptAssemblies/Assembly-CSharp-Editor-firstpass.dll not valid. Loading of assembly skipped.
Assembly Assembly-CSharp-firstpass.dll at Library/ScriptAssemblies/Assembly-CSharp-firstpass.dll not valid. Loading of assembly skipped.
Assembly DocCodeExamples.dll at Library/ScriptAssemblies/DocCodeExamples.dll not valid. Loading of assembly skipped.
Assembly TestNewCustomAssembly.dll at Library/ScriptAssemblies/TestNewCustomAssembly.dll not valid. Loading of assembly skipped.
Assembly Unity.Collections.BurstCompatibilityGen.dll at Library/ScriptAssemblies/Unity.Collections.BurstCompatibilityGen.dll not valid. Loading of assembly skipped.
Assembly Unity.Collections.DocCodeSamples.dll at Library/ScriptAssemblies/Unity.Collections.DocCodeSamples.dll not valid. Loading of assembly skipped.
Assembly Unity.Collections.PerformanceTests.dll at Library/ScriptAssemblies/Unity.Collections.PerformanceTests.dll not valid. Loading of assembly skipped.
Assembly Unity.Collections.Tests.dll at Library/ScriptAssemblies/Unity.Collections.Tests.dll not valid. Loading of assembly skipped.
Assembly Unity.Collections.Tests.Playmode.dll at Library/ScriptAssemblies/Unity.Collections.Tests.Playmode.dll not valid. Loading of assembly skipped.
Assembly Unity.InputSystem.IntegrationTests.dll at Library/ScriptAssemblies/Unity.InputSystem.IntegrationTests.dll not valid. Loading of assembly skipped.
Assembly Unity.Mathematics.Tests.dll at Library/ScriptAssemblies/Unity.Mathematics.Tests.dll not valid. Loading of assembly skipped.
Assembly Unity.Multiplayer.Center.Editor.Tests.dll at Library/ScriptAssemblies/Unity.Multiplayer.Center.Editor.Tests.dll not valid. Loading of assembly skipped.
Assembly Unity.Multiplayer.Center.Tests.dll at Library/ScriptAssemblies/Unity.Multiplayer.Center.Tests.dll not valid. Loading of assembly skipped.
Assembly Unity.Nuget.Mono-Cecil.dll at Library/ScriptAssemblies/Unity.Nuget.Mono-Cecil.dll not valid. Loading of assembly skipped.
Assembly Unity.PathTracing.Editor.Tests.dll at Library/ScriptAssemblies/Unity.PathTracing.Editor.Tests.dll not valid. Loading of assembly skipped.
Assembly Unity.PathTracing.Runtime.Tests.dll at Library/ScriptAssemblies/Unity.PathTracing.Runtime.Tests.dll not valid. Loading of assembly skipped.
Assembly Unity.Postprocessing.Editor.Tests.dll at Library/ScriptAssemblies/Unity.Postprocessing.Editor.Tests.dll not valid. Loading of assembly skipped.
Assembly Unity.Postprocessing.Runtime.Tests.dll at Library/ScriptAssemblies/Unity.Postprocessing.Runtime.Tests.dll not valid. Loading of assembly skipped.
Assembly Unity.RenderPipelines.Core.Editor.Tests.dll at Library/ScriptAssemblies/Unity.RenderPipelines.Core.Editor.Tests.dll not valid. Loading of assembly skipped.
Assembly Unity.RenderPipelines.Core.Runtime.Tests.dll at Library/ScriptAssemblies/Unity.RenderPipelines.Core.Runtime.Tests.dll not valid. Loading of assembly skipped.
Assembly Unity.RenderPipelines.Universal.Config.Editor.Tests.dll at Library/ScriptAssemblies/Unity.RenderPipelines.Universal.Config.Editor.Tests.dll not valid. Loading of assembly skipped.
Assembly Unity.RenderPipelines.Universal.Editor.Tests.dll at Library/ScriptAssemblies/Unity.RenderPipelines.Universal.Editor.Tests.dll not valid. Loading of assembly skipped.
Assembly Unity.RenderPipelines.Universal.Runtime.Tests.dll at Library/ScriptAssemblies/Unity.RenderPipelines.Universal.Runtime.Tests.dll not valid. Loading of assembly skipped.
Assembly Unity.Searcher.EditorTests.dll at Library/ScriptAssemblies/Unity.Searcher.EditorTests.dll not valid. Loading of assembly skipped.
Assembly Unity.ShaderGraph.Editor.Tests.dll at Library/ScriptAssemblies/Unity.ShaderGraph.Editor.Tests.dll not valid. Loading of assembly skipped.
Assembly Unity.TextMeshPro.Editor.Tests.dll at Library/ScriptAssemblies/Unity.TextMeshPro.Editor.Tests.dll not valid. Loading of assembly skipped.
Assembly Unity.TextMeshPro.Tests.dll at Library/ScriptAssemblies/Unity.TextMeshPro.Tests.dll not valid. Loading of assembly skipped.
Assembly Unity.UnifiedRayTracing.Editor.Tests.dll at Library/ScriptAssemblies/Unity.UnifiedRayTracing.Editor.Tests.dll not valid. Loading of assembly skipped.
Assembly UnityEditor.UI.Common.Tests.dll at Library/ScriptAssemblies/UnityEditor.UI.Common.Tests.dll not valid. Loading of assembly skipped.
Assembly UnityEditor.UI.EditorTests.dll at Library/ScriptAssemblies/UnityEditor.UI.EditorTests.dll not valid. Loading of assembly skipped.
Assembly UnityEngine.UI.Tests.dll at Library/ScriptAssemblies/UnityEngine.UI.Tests.dll not valid. Loading of assembly skipped.
Native extension for WindowsStandalone target not found
Native extension for WebGL target not found
[Package Manager] Failed to launch server process. Reason: Unity was launched with the -noUpm command-line argument
[Package Manager] Unable to send message (not connected to server process).
[Package Manager] Cannot connect to Unity Package Manager local server
[Package Manager] Failed to launch server process. Reason: Unity was launched with the -noUpm command-line argument
[Package Manager] Unable to send message (not connected to server process).
[Package Manager] Cannot connect to Unity Package Manager local server
ScheduleIndexationOnStartup MainProcess:False IndexOnStartup:True
Mono: successfully reloaded assembly
- Finished resetting the current domain, in  0.739 seconds
Domain Reload Profiling: 1511ms
	BeginReloadAssembly (202ms)
		DisableScriptedObjects (5ms)
		CreateAndSetChildDomain (41ms)
	RebuildCommonClasses (33ms)
	RebuildNativeTypeToScriptingClass (10ms)
	initialDomainReloadingComplete (75ms)
	LoadAllAssembliesAndSetupDomain (450ms)
		LoadAssemblies (384ms)
		AnalyzeDomain (162ms)
			TypeCache.Refresh (6ms)
			BuildScriptInfoCaches (146ms)
			ResolveRequiredComponents (9ms)
	FinalizeReload (739ms)
		SetupLoadedEditorAssemblies (0ms)
			BeforeProcessingInitializeOnLoad (159ms)
			ProcessInitializeOnLoadAttributes (303ms)
			ProcessInitializeOnLoadMethodAttributes (87ms)
			AfterProcessingInitializeOnLoad (12ms)
		AwakeInstancesAfterBackupRestoration (22ms)
Unloading 36 Unused Serialized files (Serialized files now loaded: 0)
Unloading 6398 unused Assets / (7.5 MB). Loaded Objects now: 7269.
Memory consumption went from 175.3 MB to 167.7 MB.
Total: 10.649600 ms (FindLiveObjects: 1.128900 ms CreateObjectMapping: 1.066200 ms MarkObjects: 5.355700 ms  DeleteObjects: 3.097700 ms)

Prepare: number of updated asset objects reloaded= 0
========================================================================
Received Prepare
Begin MonoManager ReloadAssembly
[Licensing::Client] Successfully resolved entitlement details
Assembly Assembly-CSharp-Editor-firstpass.dll at Library/ScriptAssemblies/Assembly-CSharp-Editor-firstpass.dll not valid. Loading of assembly skipped.
Assembly Assembly-CSharp-firstpass.dll at Library/ScriptAssemblies/Assembly-CSharp-firstpass.dll not valid. Loading of assembly skipped.
Assembly DocCodeExamples.dll at Library/ScriptAssemblies/DocCodeExamples.dll not valid. Loading of assembly skipped.
Assembly TestNewCustomAssembly.dll at Library/ScriptAssemblies/TestNewCustomAssembly.dll not valid. Loading of assembly skipped.
Assembly Unity.Collections.BurstCompatibilityGen.dll at Library/ScriptAssemblies/Unity.Collections.BurstCompatibilityGen.dll not valid. Loading of assembly skipped.
Assembly Unity.Collections.DocCodeSamples.dll at Library/ScriptAssemblies/Unity.Collections.DocCodeSamples.dll not valid. Loading of assembly skipped.
Assembly Unity.Collections.PerformanceTests.dll at Library/ScriptAssemblies/Unity.Collections.PerformanceTests.dll not valid. Loading of assembly skipped.
Assembly Unity.Collections.Tests.dll at Library/ScriptAssemblies/Unity.Collections.Tests.dll not valid. Loading of assembly skipped.
Assembly Unity.Collections.Tests.Playmode.dll at Library/ScriptAssemblies/Unity.Collections.Tests.Playmode.dll not valid. Loading of assembly skipped.
Assembly Unity.InputSystem.IntegrationTests.dll at Library/ScriptAssemblies/Unity.InputSystem.IntegrationTests.dll not valid. Loading of assembly skipped.
Assembly Unity.Mathematics.Tests.dll at Library/ScriptAssemblies/Unity.Mathematics.Tests.dll not valid. Loading of assembly skipped.
Assembly Unity.Multiplayer.Center.Editor.Tests.dll at Library/ScriptAssemblies/Unity.Multiplayer.Center.Editor.Tests.dll not valid. Loading of assembly skipped.
Assembly Unity.Multiplayer.Center.Tests.dll at Library/ScriptAssemblies/Unity.Multiplayer.Center.Tests.dll not valid. Loading of assembly skipped.
Assembly Unity.Nuget.Mono-Cecil.dll at Library/ScriptAssemblies/Unity.Nuget.Mono-Cecil.dll not valid. Loading of assembly skipped.
Assembly Unity.PathTracing.Editor.Tests.dll at Library/ScriptAssemblies/Unity.PathTracing.Editor.Tests.dll not valid. Loading of assembly skipped.
Assembly Unity.PathTracing.Runtime.Tests.dll at Library/ScriptAssemblies/Unity.PathTracing.Runtime.Tests.dll not valid. Loading of assembly skipped.
Assembly Unity.Postprocessing.Editor.Tests.dll at Library/ScriptAssemblies/Unity.Postprocessing.Editor.Tests.dll not valid. Loading of assembly skipped.
Assembly Unity.Postprocessing.Runtime.Tests.dll at Library/ScriptAssemblies/Unity.Postprocessing.Runtime.Tests.dll not valid. Loading of assembly skipped.
Assembly Unity.RenderPipelines.Core.Editor.Tests.dll at Library/ScriptAssemblies/Unity.RenderPipelines.Core.Editor.Tests.dll not valid. Loading of assembly skipped.
Assembly Unity.RenderPipelines.Core.Runtime.Tests.dll at Library/ScriptAssemblies/Unity.RenderPipelines.Core.Runtime.Tests.dll not valid. Loading of assembly skipped.
Assembly Unity.RenderPipelines.Universal.Config.Editor.Tests.dll at Library/ScriptAssemblies/Unity.RenderPipelines.Universal.Config.Editor.Tests.dll not valid. Loading of assembly skipped.
Assembly Unity.RenderPipelines.Universal.Editor.Tests.dll at Library/ScriptAssemblies/Unity.RenderPipelines.Universal.Editor.Tests.dll not valid. Loading of assembly skipped.
Assembly Unity.RenderPipelines.Universal.Runtime.Tests.dll at Library/ScriptAssemblies/Unity.RenderPipelines.Universal.Runtime.Tests.dll not valid. Loading of assembly skipped.
Assembly Unity.Searcher.EditorTests.dll at Library/ScriptAssemblies/Unity.Searcher.EditorTests.dll not valid. Loading of assembly skipped.
Assembly Unity.ShaderGraph.Editor.Tests.dll at Library/ScriptAssemblies/Unity.ShaderGraph.Editor.Tests.dll not valid. Loading of assembly skipped.
Assembly Unity.TextMeshPro.Editor.Tests.dll at Library/ScriptAssemblies/Unity.TextMeshPro.Editor.Tests.dll not valid. Loading of assembly skipped.
Assembly Unity.TextMeshPro.Tests.dll at Library/ScriptAssemblies/Unity.TextMeshPro.Tests.dll not valid. Loading of assembly skipped.
Assembly Unity.UnifiedRayTracing.Editor.Tests.dll at Library/ScriptAssemblies/Unity.UnifiedRayTracing.Editor.Tests.dll not valid. Loading of assembly skipped.
Assembly UnityEditor.UI.Common.Tests.dll at Library/ScriptAssemblies/UnityEditor.UI.Common.Tests.dll not valid. Loading of assembly skipped.
Assembly UnityEditor.UI.EditorTests.dll at Library/ScriptAssemblies/UnityEditor.UI.EditorTests.dll not valid. Loading of assembly skipped.
Assembly UnityEngine.UI.Tests.dll at Library/ScriptAssemblies/UnityEngine.UI.Tests.dll not valid. Loading of assembly skipped.
Native extension for WindowsStandalone target not found
Native extension for WebGL target not found
[Package Manager] Failed to launch server process. Reason: Unity was launched with the -noUpm command-line argument
[Package Manager] Unable to send message (not connected to server process).
[Package Manager] Cannot connect to Unity Package Manager local server
[Package Manager] Failed to launch server process. Reason: Unity was launched with the -noUpm command-line argument
[Package Manager] Unable to send message (not connected to server process).
[Package Manager] Cannot connect to Unity Package Manager local server
ScheduleIndexationOnStartup MainProcess:False IndexOnStartup:True
Mono: successfully reloaded assembly
- Finished resetting the current domain, in  0.751 seconds
Domain Reload Profiling: 1531ms
	BeginReloadAssembly (209ms)
		DisableScriptedObjects (5ms)
		CreateAndSetChildDomain (41ms)
	RebuildCommonClasses (33ms)
	RebuildNativeTypeToScriptingClass (10ms)
	initialDomainReloadingComplete (74ms)
	LoadAllAssembliesAndSetupDomain (453ms)
		LoadAssemblies (390ms)
		AnalyzeDomain (164ms)
			TypeCache.Refresh (5ms)
			BuildScriptInfoCaches (148ms)
			ResolveRequiredComponents (9ms)
	FinalizeReload (751ms)
		SetupLoadedEditorAssemblies (0ms)
			BeforeProcessingInitializeOnLoad (165ms)
			ProcessInitializeOnLoadAttributes (304ms)
			ProcessInitializeOnLoadMethodAttributes (85ms)
			AfterProcessingInitializeOnLoad (15ms)
		AwakeInstancesAfterBackupRestoration (24ms)
Unloading 36 Unused Serialized files (Serialized files now loaded: 0)
Unloading 6398 unused Assets / (8.0 MB). Loaded Objects now: 7272.
Memory consumption went from 179.1 MB to 171.1 MB.
Total: 10.416300 ms (FindLiveObjects: 0.684000 ms CreateObjectMapping: 0.507100 ms MarkObjects: 5.494200 ms  DeleteObjects: 3.730100 ms)

Prepare: number of updated asset objects reloaded= 0
========================================================================
Received Prepare
Begin MonoManager ReloadAssembly
[Licensing::Client] Successfully resolved entitlement details
Assembly Assembly-CSharp-Editor-firstpass.dll at Library/ScriptAssemblies/Assembly-CSharp-Editor-firstpass.dll not valid. Loading of assembly skipped.
Assembly Assembly-CSharp-firstpass.dll at Library/ScriptAssemblies/Assembly-CSharp-firstpass.dll not valid. Loading of assembly skipped.
Assembly DocCodeExamples.dll at Library/ScriptAssemblies/DocCodeExamples.dll not valid. Loading of assembly skipped.
Assembly TestNewCustomAssembly.dll at Library/ScriptAssemblies/TestNewCustomAssembly.dll not valid. Loading of assembly skipped.
Assembly Unity.Collections.BurstCompatibilityGen.dll at Library/ScriptAssemblies/Unity.Collections.BurstCompatibilityGen.dll not valid. Loading of assembly skipped.
Assembly Unity.Collections.DocCodeSamples.dll at Library/ScriptAssemblies/Unity.Collections.DocCodeSamples.dll not valid. Loading of assembly skipped.
Assembly Unity.Collections.PerformanceTests.dll at Library/ScriptAssemblies/Unity.Collections.PerformanceTests.dll not valid. Loading of assembly skipped.
Assembly Unity.Collections.Tests.dll at Library/ScriptAssemblies/Unity.Collections.Tests.dll not valid. Loading of assembly skipped.
Assembly Unity.Collections.Tests.Playmode.dll at Library/ScriptAssemblies/Unity.Collections.Tests.Playmode.dll not valid. Loading of assembly skipped.
Assembly Unity.InputSystem.IntegrationTests.dll at Library/ScriptAssemblies/Unity.InputSystem.IntegrationTests.dll not valid. Loading of assembly skipped.
Assembly Unity.Mathematics.Tests.dll at Library/ScriptAssemblies/Unity.Mathematics.Tests.dll not valid. Loading of assembly skipped.
Assembly Unity.Multiplayer.Center.Editor.Tests.dll at Library/ScriptAssemblies/Unity.Multiplayer.Center.Editor.Tests.dll not valid. Loading of assembly skipped.
Assembly Unity.Multiplayer.Center.Tests.dll at Library/ScriptAssemblies/Unity.Multiplayer.Center.Tests.dll not valid. Loading of assembly skipped.
Assembly Unity.Nuget.Mono-Cecil.dll at Library/ScriptAssemblies/Unity.Nuget.Mono-Cecil.dll not valid. Loading of assembly skipped.
Assembly Unity.PathTracing.Editor.Tests.dll at Library/ScriptAssemblies/Unity.PathTracing.Editor.Tests.dll not valid. Loading of assembly skipped.
Assembly Unity.PathTracing.Runtime.Tests.dll at Library/ScriptAssemblies/Unity.PathTracing.Runtime.Tests.dll not valid. Loading of assembly skipped.
Assembly Unity.Postprocessing.Editor.Tests.dll at Library/ScriptAssemblies/Unity.Postprocessing.Editor.Tests.dll not valid. Loading of assembly skipped.
Assembly Unity.Postprocessing.Runtime.Tests.dll at Library/ScriptAssemblies/Unity.Postprocessing.Runtime.Tests.dll not valid. Loading of assembly skipped.
Assembly Unity.RenderPipelines.Core.Editor.Tests.dll at Library/ScriptAssemblies/Unity.RenderPipelines.Core.Editor.Tests.dll not valid. Loading of assembly skipped.
Assembly Unity.RenderPipelines.Core.Runtime.Tests.dll at Library/ScriptAssemblies/Unity.RenderPipelines.Core.Runtime.Tests.dll not valid. Loading of assembly skipped.
Assembly Unity.RenderPipelines.Universal.Config.Editor.Tests.dll at Library/ScriptAssemblies/Unity.RenderPipelines.Universal.Config.Editor.Tests.dll not valid. Loading of assembly skipped.
Assembly Unity.RenderPipelines.Universal.Editor.Tests.dll at Library/ScriptAssemblies/Unity.RenderPipelines.Universal.Editor.Tests.dll not valid. Loading of assembly skipped.
Assembly Unity.RenderPipelines.Universal.Runtime.Tests.dll at Library/ScriptAssemblies/Unity.RenderPipelines.Universal.Runtime.Tests.dll not valid. Loading of assembly skipped.
Assembly Unity.Searcher.EditorTests.dll at Library/ScriptAssemblies/Unity.Searcher.EditorTests.dll not valid. Loading of assembly skipped.
Assembly Unity.ShaderGraph.Editor.Tests.dll at Library/ScriptAssemblies/Unity.ShaderGraph.Editor.Tests.dll not valid. Loading of assembly skipped.
Assembly Unity.TextMeshPro.Editor.Tests.dll at Library/ScriptAssemblies/Unity.TextMeshPro.Editor.Tests.dll not valid. Loading of assembly skipped.
Assembly Unity.TextMeshPro.Tests.dll at Library/ScriptAssemblies/Unity.TextMeshPro.Tests.dll not valid. Loading of assembly skipped.
Assembly Unity.UnifiedRayTracing.Editor.Tests.dll at Library/ScriptAssemblies/Unity.UnifiedRayTracing.Editor.Tests.dll not valid. Loading of assembly skipped.
Assembly UnityEditor.UI.Common.Tests.dll at Library/ScriptAssemblies/UnityEditor.UI.Common.Tests.dll not valid. Loading of assembly skipped.
Assembly UnityEditor.UI.EditorTests.dll at Library/ScriptAssemblies/UnityEditor.UI.EditorTests.dll not valid. Loading of assembly skipped.
Assembly UnityEngine.UI.Tests.dll at Library/ScriptAssemblies/UnityEngine.UI.Tests.dll not valid. Loading of assembly skipped.
Native extension for WindowsStandalone target not found
Native extension for WebGL target not found
[Package Manager] Failed to launch server process. Reason: Unity was launched with the -noUpm command-line argument
[Package Manager] Unable to send message (not connected to server process).
[Package Manager] Cannot connect to Unity Package Manager local server
[Package Manager] Failed to launch server process. Reason: Unity was launched with the -noUpm command-line argument
[Package Manager] Unable to send message (not connected to server process).
[Package Manager] Cannot connect to Unity Package Manager local server
ScheduleIndexationOnStartup MainProcess:False IndexOnStartup:True
Mono: successfully reloaded assembly
- Finished resetting the current domain, in  0.744 seconds
Domain Reload Profiling: 1542ms
	BeginReloadAssembly (214ms)
		DisableScriptedObjects (5ms)
		CreateAndSetChildDomain (40ms)
	RebuildCommonClasses (37ms)
	RebuildNativeTypeToScriptingClass (12ms)
	initialDomainReloadingComplete (76ms)
	LoadAllAssembliesAndSetupDomain (459ms)
		LoadAssemblies (390ms)
		AnalyzeDomain (175ms)
			TypeCache.Refresh (6ms)
			BuildScriptInfoCaches (158ms)
			ResolveRequiredComponents (10ms)
	FinalizeReload (744ms)
		SetupLoadedEditorAssemblies (0ms)
			BeforeProcessingInitializeOnLoad (169ms)
			ProcessInitializeOnLoadAttributes (298ms)
			ProcessInitializeOnLoadMethodAttributes (80ms)
			AfterProcessingInitializeOnLoad (15ms)
		AwakeInstancesAfterBackupRestoration (25ms)
Unloading 36 Unused Serialized files (Serialized files now loaded: 0)
Unloading 6398 unused Assets / (7.7 MB). Loaded Objects now: 7275.
Memory consumption went from 183.0 MB to 175.3 MB.
Total: 10.389700 ms (FindLiveObjects: 0.684300 ms CreateObjectMapping: 0.567900 ms MarkObjects: 5.944600 ms  DeleteObjects: 3.191300 ms)

Prepare: number of updated asset objects reloaded= 0
========================================================================
Received Import Request.
  Time since last request: 6808.330251 seconds.
  path: Assets/Palmov Island/Low Poly Atmospheric Locations Pack/Materials/mat main.mat
  importAddress: Guid(e5c8ac6092e78214fb866cab5f020f2a) Importer(2089858483,b0f066a214c2f5e87bad3c948f4d605d)
Start importing Assets/Palmov Island/Low Poly Atmospheric Locations Pack/Materials/mat main.mat using Guid(e5c8ac6092e78214fb866cab5f020f2a) Importer(2089858483,b0f066a214c2f5e87bad3c948f4d605d) (ScriptedImporter) -> (Import Result ID: '7836418d7f118122169895335d2b519a') in 0.1022309 seconds [static and dynamic dependencies]. Details - ImportResultOutputID=48a1224030621e2369a9f258a4a61095 DependenciesID=56d88954efcc3dd0e6e48ba750e37a18 StaticDependenciesID=74595e152a632b89ab8e3ba061a9e5f2 
Number of updated asset objects reloaded before import = 0Number of asset objects unloaded after import = 1

========================================================================
Received Import Request.
  Time since last request: 0.000021 seconds.
  path: Assets/Palmov Island/Low Poly Atmospheric Locations Pack/Materials/texture main 38.mat
  importAddress: Guid(848c5886625d1f84a8a1e7fc2da108a8) Importer(2089858483,b0f066a214c2f5e87bad3c948f4d605d)
Start importing Assets/Palmov Island/Low Poly Atmospheric Locations Pack/Materials/texture main 38.mat using Guid(848c5886625d1f84a8a1e7fc2da108a8) Importer(2089858483,b0f066a214c2f5e87bad3c948f4d605d) (ScriptedImporter) -> (Import Result ID: '36398a12d3e10e2a579a7ee273d866dd') in 0.0132955 seconds [static and dynamic dependencies]. Details - ImportResultOutputID=4f85175843b23f37bc85ea11d581665e DependenciesID=3502b62398b907bb7a69dc9fc39717bc StaticDependenciesID=a615ef63d61d9b9b9018e611b6d067ef 
Number of updated asset objects reloaded before import = 0Number of asset objects unloaded after import = 2

========================================================================
Received Import Request.
  Time since last request: 0.000022 seconds.
  path: Assets/Palmov Island/Low Poly Atmospheric Locations Pack/Materials/texture main 26.mat
  importAddress: Guid(93a218acb6e161545b1b8022b199ee20) Importer(2089858483,b0f066a214c2f5e87bad3c948f4d605d)
Start importing Assets/Palmov Island/Low Poly Atmospheric Locations Pack/Materials/texture main 26.mat using Guid(93a218acb6e161545b1b8022b199ee20) Importer(2089858483,b0f066a214c2f5e87bad3c948f4d605d) (ScriptedImporter) -> (Import Result ID: '67564e5576e073d13887dc115496c935') in 0.0111384 seconds [static and dynamic dependencies]. Details - ImportResultOutputID=dc611ec78316449ff9ca4708fa67d363 DependenciesID=0a40398e7fc2f531680f6844377a737b StaticDependenciesID=3a33b1ca8be3df883873da43e2e043ee 
Number of updated asset objects reloaded before import = 0Number of asset objects unloaded after import = 2

========================================================================
Received Import Request.
  Time since last request: 0.000017 seconds.
  path: Assets/Palmov Island/Low Poly Atmospheric Locations Pack/Materials/texture main 90.mat
  importAddress: Guid(91f632f1ae6248541abf06af7960cdd3) Importer(2089858483,b0f066a214c2f5e87bad3c948f4d605d)
Start importing Assets/Palmov Island/Low Poly Atmospheric Locations Pack/Materials/texture main 90.mat using Guid(91f632f1ae6248541abf06af7960cdd3) Importer(2089858483,b0f066a214c2f5e87bad3c948f4d605d) (ScriptedImporter) -> (Import Result ID: '0f33089ce04a861ce2c7830128a9fc1f') in 0.0107594 seconds [static and dynamic dependencies]. Details - ImportResultOutputID=aa49f808c3959b0772fd166ef40fff70 DependenciesID=e732ea7049e1cec52f6974d3c4274c12 StaticDependenciesID=9f2b28a2038d4f874575a64f6676e6b9 
Number of updated asset objects reloaded before import = 0Number of asset objects unloaded after import = 2

========================================================================
Received Import Request.
  Time since last request: 0.000018 seconds.
  path: Assets/Palmov Island/Low Poly Atmospheric Locations Pack/Materials/texture main 57.mat
  importAddress: Guid(5ff0b12598dd8d54ba436be95ad74843) Importer(2089858483,b0f066a214c2f5e87bad3c948f4d605d)
Start importing Assets/Palmov Island/Low Poly Atmospheric Locations Pack/Materials/texture main 57.mat using Guid(5ff0b12598dd8d54ba436be95ad74843) Importer(2089858483,b0f066a214c2f5e87bad3c948f4d605d) (ScriptedImporter) -> (Import Result ID: 'ef7062ef933b6ae8b5be493be2f38709') in 0.0146235 seconds [static and dynamic dependencies]. Details - ImportResultOutputID=3d33af5340eed4abc735273d60027f40 DependenciesID=e7693e0c1e225d3a9534add33af9920d StaticDependenciesID=87df53cd79b682955222a8b989a8f748 
Number of updated asset objects reloaded before import = 0Number of asset objects unloaded after import = 2

========================================================================
Received Import Request.
  Time since last request: 0.000015 seconds.
  path: Assets/Palmov Island/Low Poly Atmospheric Locations Pack/Materials/texture main 42.mat
  importAddress: Guid(07704bc266cc7544bbe23b509d05d35d) Importer(2089858483,b0f066a214c2f5e87bad3c948f4d605d)
Start importing Assets/Palmov Island/Low Poly Atmospheric Locations Pack/Materials/texture main 42.mat using Guid(07704bc266cc7544bbe23b509d05d35d) Importer(2089858483,b0f066a214c2f5e87bad3c948f4d605d) (ScriptedImporter) -> (Import Result ID: 'c1a28a0dcafb64628e29054e2c57c8b6') in 0.009809 seconds [static and dynamic dependencies]. Details - ImportResultOutputID=904481b16052884a90463524023899da DependenciesID=04476ede741550f932a5ffc2f9c131b1 StaticDependenciesID=a0abb784d481fd68e2e66e6b9814adf0 
Number of updated asset objects reloaded before import = 0Number of asset objects unloaded after import = 2

========================================================================
Received Import Request.
  Time since last request: 0.000021 seconds.
  path: Assets/Palmov Island/Low Poly Atmospheric Locations Pack/Materials/texture main 91.mat
  importAddress: Guid(3e293aef5cb3e7049b520b419a029921) Importer(2089858483,b0f066a214c2f5e87bad3c948f4d605d)
Start importing Assets/Palmov Island/Low Poly Atmospheric Locations Pack/Materials/texture main 91.mat using Guid(3e293aef5cb3e7049b520b419a029921) Importer(2089858483,b0f066a214c2f5e87bad3c948f4d605d) (ScriptedImporter) -> (Import Result ID: '2e796c8e1ec721621fca414a85353aef') in 0.0112174 seconds [static and dynamic dependencies]. Details - ImportResultOutputID=4ee7eba99ba753170a3ab416773b5d01 DependenciesID=97a39aee5e1f3c7bd7e7e5d312c8b62b StaticDependenciesID=2b9963e47bd329245fd7a9ae75701987 
Number of updated asset objects reloaded before import = 0Number of asset objects unloaded after import = 2

========================================================================
Received Import Request.
  Time since last request: 0.000015 seconds.
  path: Assets/Palmov Island/Low Poly Atmospheric Locations Pack/Materials/texture main 53.mat
  importAddress: Guid(1df5014ec15a5a947abd0c4110cda472) Importer(2089858483,b0f066a214c2f5e87bad3c948f4d605d)
Start importing Assets/Palmov Island/Low Poly Atmospheric Locations Pack/Materials/texture main 53.mat using Guid(1df5014ec15a5a947abd0c4110cda472) Importer(2089858483,b0f066a214c2f5e87bad3c948f4d605d) (ScriptedImporter) -> (Import Result ID: '7324ecb6e4cbff2cf03252661d5bf9ee') in 0.0106494 seconds [static and dynamic dependencies]. Details - ImportResultOutputID=9488fcca6e18f6afacbee9055dbf9063 DependenciesID=c0e43044f84dfc668ac0e1c1e25cbe57 StaticDependenciesID=206e3bd0705f6269cbe0307d1901e70f 
Number of updated asset objects reloaded before import = 0Number of asset objects unloaded after import = 2

========================================================================
Received Import Request.
  Time since last request: 0.000018 seconds.
  path: Assets/Palmov Island/Low Poly Atmospheric Locations Pack/Materials/texture main 35.mat
  importAddress: Guid(cfc6b90eb6f62a74aa8bf01aa189bc09) Importer(2089858483,b0f066a214c2f5e87bad3c948f4d605d)
Start importing Assets/Palmov Island/Low Poly Atmospheric Locations Pack/Materials/texture main 35.mat using Guid(cfc6b90eb6f62a74aa8bf01aa189bc09) Importer(2089858483,b0f066a214c2f5e87bad3c948f4d605d) (ScriptedImporter) -> (Import Result ID: 'bf8ae87667124e2af06577780a79445f') in 0.0123948 seconds [static and dynamic dependencies]. Details - ImportResultOutputID=cf50624ee99d74d4367b80772c401bd7 DependenciesID=ead6571a0ae9171629715989dbbdb773 StaticDependenciesID=8238b97e584732d167e1114aef3d83d5 
Number of updated asset objects reloaded before import = 0Number of asset objects unloaded after import = 2

========================================================================
Received Import Request.
  Time since last request: 0.000018 seconds.
  path: Assets/Palmov Island/Low Poly Atmospheric Locations Pack/Materials/texture main 87.mat
  importAddress: Guid(71192fcd030a390488c786764da5cbb2) Importer(2089858483,b0f066a214c2f5e87bad3c948f4d605d)
Start importing Assets/Palmov Island/Low Poly Atmospheric Locations Pack/Materials/texture main 87.mat using Guid(71192fcd030a390488c786764da5cbb2) Importer(2089858483,b0f066a214c2f5e87bad3c948f4d605d) (ScriptedImporter) -> (Import Result ID: '9090e0adb5ded49e40a5302e51494348') in 0.0128134 seconds [static and dynamic dependencies]. Details - ImportResultOutputID=99c646357a5e952dcd902e1653a0333d DependenciesID=e9fd57fba9dc729329393cb1cf6de2ed StaticDependenciesID=fbfaaf8f11df3d3a5f14a98392fb0e52 
Number of updated asset objects reloaded before import = 0Number of asset objects unloaded after import = 2

========================================================================
Received Import Request.
  Time since last request: 0.000027 seconds.
  path: Assets/Palmov Island/Low Poly Atmospheric Locations Pack/Materials/texture main 103.mat
  importAddress: Guid(073655fc70958f4488a9c3b206a0894b) Importer(2089858483,b0f066a214c2f5e87bad3c948f4d605d)
Start importing Assets/Palmov Island/Low Poly Atmospheric Locations Pack/Materials/texture main 103.mat using Guid(073655fc70958f4488a9c3b206a0894b) Importer(2089858483,b0f066a214c2f5e87bad3c948f4d605d) (ScriptedImporter) -> (Import Result ID: 'bf4be86fe3d323ace32d016823a44702') in 0.0118127 seconds [static and dynamic dependencies]. Details - ImportResultOutputID=0712114768b37863e4d9ff7688362dc8 DependenciesID=77417c3d39c3b41c14d86b497365f7a8 StaticDependenciesID=ce0f3aed3d0831968b033b439546ad97 
Number of updated asset objects reloaded before import = 0Number of asset objects unloaded after import = 2

========================================================================
Received Import Request.
  Time since last request: 0.000019 seconds.
  path: Assets/Palmov Island/Low Poly Atmospheric Locations Pack/Materials/texture main 9.mat
  importAddress: Guid(dcd6293c8e082ab429f8ab86623eabc1) Importer(2089858483,b0f066a214c2f5e87bad3c948f4d605d)
Start importing Assets/Palmov Island/Low Poly Atmospheric Locations Pack/Materials/texture main 9.mat using Guid(dcd6293c8e082ab429f8ab86623eabc1) Importer(2089858483,b0f066a214c2f5e87bad3c948f4d605d) (ScriptedImporter) -> (Import Result ID: 'eee3e508cd30e6b5055da85f5ddd5760') in 0.0124115 seconds [static and dynamic dependencies]. Details - ImportResultOutputID=a0699abb416b447f40001b51c3e3525c DependenciesID=0185b15df1dd196a55a742c85a270e72 StaticDependenciesID=5c49c0e8ac781ba9d58fd6bcb4103251 
Number of updated asset objects reloaded before import = 0Number of asset objects unloaded after import = 2

========================================================================
Received Import Request.
  Time since last request: 0.000018 seconds.
  path: Assets/Palmov Island/Low Poly Atmospheric Locations Pack/Materials/texture main 4.mat
  importAddress: Guid(73cfbd645ec50a14f8962bea7e39b4a7) Importer(2089858483,b0f066a214c2f5e87bad3c948f4d605d)
Start importing Assets/Palmov Island/Low Poly Atmospheric Locations Pack/Materials/texture main 4.mat using Guid(73cfbd645ec50a14f8962bea7e39b4a7) Importer(2089858483,b0f066a214c2f5e87bad3c948f4d605d) (ScriptedImporter) -> (Import Result ID: '124fed3a528de1fee0834b28f2d0459a') in 0.0127298 seconds [static and dynamic dependencies]. Details - ImportResultOutputID=20915b920dad028afbb38ca4ef61f0b6 DependenciesID=86e80617ab8cf0c17c3cbd97cbb3eb2d StaticDependenciesID=8be0bc1e63be447436205ea0647c024b 
Number of updated asset objects reloaded before import = 0Number of asset objects unloaded after import = 2

========================================================================
Received Import Request.
  Time since last request: 0.000023 seconds.
  path: Assets/Palmov Island/Low Poly Atmospheric Locations Pack/Materials/texture main 115.mat
  importAddress: Guid(887b5e953e83e404b84dab5878d5b9b8) Importer(2089858483,b0f066a214c2f5e87bad3c948f4d605d)
Start importing Assets/Palmov Island/Low Poly Atmospheric Locations Pack/Materials/texture main 115.mat using Guid(887b5e953e83e404b84dab5878d5b9b8) Importer(2089858483,b0f066a214c2f5e87bad3c948f4d605d) (ScriptedImporter) -> (Import Result ID: '4000a38638211ccd7573e928a5203482') in 0.0126799 seconds [static and dynamic dependencies]. Details - ImportResultOutputID=feec464f3641c09102aa3f49810720fd DependenciesID=2980056cdc7dee112455b311dd80d06f StaticDependenciesID=8802e937dde9f586c699f9ced0a9811f 
Number of updated asset objects reloaded before import = 0Number of asset objects unloaded after import = 2

========================================================================
Received Import Request.
  Time since last request: 0.000028 seconds.
  path: Assets/Palmov Island/Low Poly Atmospheric Locations Pack/Materials/texture main 43.mat
  importAddress: Guid(c765864b42b3cc6428cff4bfb875899d) Importer(2089858483,b0f066a214c2f5e87bad3c948f4d605d)
Start importing Assets/Palmov Island/Low Poly Atmospheric Locations Pack/Materials/texture main 43.mat using Guid(c765864b42b3cc6428cff4bfb875899d) Importer(2089858483,b0f066a214c2f5e87bad3c948f4d605d) (ScriptedImporter) -> (Import Result ID: '0deccea38b522cbe9bfa5c3d741d2190') in 0.012343 seconds [static and dynamic dependencies]. Details - ImportResultOutputID=011c4331d6b619d9ff385b7bc6695452 DependenciesID=96c74a5d9d97d2280fb482968b369d99 StaticDependenciesID=9d0897ecafb1b8dfe8b397649f47e7ae 
Number of updated asset objects reloaded before import = 0Number of asset objects unloaded after import = 2

========================================================================
Received Import Request.
  Time since last request: 0.000016 seconds.
  path: Assets/Palmov Island/Low Poly Atmospheric Locations Pack/Materials/texture main 83.mat
  importAddress: Guid(0e013cef6e4b57a4a909b9b3969b5a0b) Importer(2089858483,b0f066a214c2f5e87bad3c948f4d605d)
Start importing Assets/Palmov Island/Low Poly Atmospheric Locations Pack/Materials/texture main 83.mat using Guid(0e013cef6e4b57a4a909b9b3969b5a0b) Importer(2089858483,b0f066a214c2f5e87bad3c948f4d605d) (ScriptedImporter) -> (Import Result ID: '0cb8d02e7d9a034ef6ee24f385618977') in 0.0107121 seconds [static and dynamic dependencies]. Details - ImportResultOutputID=f2b8b12f33d617623c5d0655da2844ae DependenciesID=c9c69ec8cd58254ee108135389e46aa1 StaticDependenciesID=b8c01d4036c12cb9e0a106afa69e85dc 
Number of updated asset objects reloaded before import = 0Number of asset objects unloaded after import = 2

========================================================================
Received Import Request.
  Time since last request: 0.000018 seconds.
  path: Assets/Palmov Island/Low Poly Atmospheric Locations Pack/Materials/texture main 8.mat
  importAddress: Guid(e296438eef1904745b42bed0153044bd) Importer(2089858483,b0f066a214c2f5e87bad3c948f4d605d)
Start importing Assets/Palmov Island/Low Poly Atmospheric Locations Pack/Materials/texture main 8.mat using Guid(e296438eef1904745b42bed0153044bd) Importer(2089858483,b0f066a214c2f5e87bad3c948f4d605d) (ScriptedImporter) -> (Import Result ID: 'c10b0a0fe170d929a9d219225d7d46ea') in 0.0106816 seconds [static and dynamic dependencies]. Details - ImportResultOutputID=f7d6c47171e263162dd59e81cde38b8b DependenciesID=c134ca40e02e861f656705b5a8b1965f StaticDependenciesID=85ac2eec9f6881ac480d249542d1eeca 
Number of updated asset objects reloaded before import = 0Number of asset objects unloaded after import = 2

========================================================================
Received Import Request.
  Time since last request: 0.000019 seconds.
  path: Assets/Palmov Island/Low Poly Atmospheric Locations Pack/Materials/texture main 29.mat
  importAddress: Guid(1e6ddc2af40352d4ea5b7ae985a3b17f) Importer(2089858483,b0f066a214c2f5e87bad3c948f4d605d)
Start importing Assets/Palmov Island/Low Poly Atmospheric Locations Pack/Materials/texture main 29.mat using Guid(1e6ddc2af40352d4ea5b7ae985a3b17f) Importer(2089858483,b0f066a214c2f5e87bad3c948f4d605d) (ScriptedImporter) -> (Import Result ID: '690a14c82e71b1946da972e18ee226d1') in 0.0113874 seconds [static and dynamic dependencies]. Details - ImportResultOutputID=6f7d55ac1b165218684820c744cc7cf6 DependenciesID=f1ea0663b65d21101f98239e55e34f73 StaticDependenciesID=8a5c31ea5bfc99c5390abc987ae55809 
Number of updated asset objects reloaded before import = 0Number of asset objects unloaded after import = 2

========================================================================
Received Import Request.
  Time since last request: 0.000028 seconds.
  path: Assets/Palmov Island/Low Poly Atmospheric Locations Pack/Materials/texture main 19.mat
  importAddress: Guid(103f65f9074ce6f4198f9374fcbc0ab4) Importer(2089858483,b0f066a214c2f5e87bad3c948f4d605d)
Start importing Assets/Palmov Island/Low Poly Atmospheric Locations Pack/Materials/texture main 19.mat using Guid(103f65f9074ce6f4198f9374fcbc0ab4) Importer(2089858483,b0f066a214c2f5e87bad3c948f4d605d) (ScriptedImporter) -> (Import Result ID: '7ead9ad7adef7da953b69bec12abf856') in 0.0110462 seconds [static and dynamic dependencies]. Details - ImportResultOutputID=9e8fc3f3b84ce03fa8077ea7027361aa DependenciesID=f75cb2ceba170b6524100505b22b5ffc StaticDependenciesID=f6686f778c224d81c7058bc87c7211fd 
Number of updated asset objects reloaded before import = 0Number of asset objects unloaded after import = 2

========================================================================
Received Import Request.
  Time since last request: 0.000018 seconds.
  path: Assets/Palmov Island/Low Poly Atmospheric Locations Pack/Materials/texture main 80.mat
  importAddress: Guid(1f77fddf6e13dde40a882e9154de0cd2) Importer(2089858483,b0f066a214c2f5e87bad3c948f4d605d)
Start importing Assets/Palmov Island/Low Poly Atmospheric Locations Pack/Materials/texture main 80.mat using Guid(1f77fddf6e13dde40a882e9154de0cd2) Importer(2089858483,b0f066a214c2f5e87bad3c948f4d605d) (ScriptedImporter) -> (Import Result ID: 'be816b3c6d8adc6d9352940a3c7141a7') in 0.0107508 seconds [static and dynamic dependencies]. Details - ImportResultOutputID=403489d094e0d8d4ca819dbc8def8aa0 DependenciesID=5c4cdb4cb452a3acf060d958bc55d7bf StaticDependenciesID=c565da1bdfad4049bb52823c810ebc99 
Number of updated asset objects reloaded before import = 0Number of asset objects unloaded after import = 2

========================================================================
Received Import Request.
  Time since last request: 0.000017 seconds.
  path: Assets/Palmov Island/Low Poly Atmospheric Locations Pack/Materials/texture main 126.mat
  importAddress: Guid(ee94912be87b0364585247748750a48d) Importer(2089858483,b0f066a214c2f5e87bad3c948f4d605d)
Start importing Assets/Palmov Island/Low Poly Atmospheric Locations Pack/Materials/texture main 126.mat using Guid(ee94912be87b0364585247748750a48d) Importer(2089858483,b0f066a214c2f5e87bad3c948f4d605d) (ScriptedImporter) -> (Import Result ID: '55f0188906f583b9538c26b1d66c86f9') in 0.0106597 seconds [static and dynamic dependencies]. Details - ImportResultOutputID=01ac6b5d4f466267fa453eb427b8f8f0 DependenciesID=3822f5bc5d16c5392c767417ae7233aa StaticDependenciesID=486bfd9cc60f8e953e2d9617bb48d25b 
Number of updated asset objects reloaded before import = 0Number of asset objects unloaded after import = 2

========================================================================
Received Import Request.
  Time since last request: 0.000022 seconds.
  path: Assets/Palmov Island/Low Poly Atmospheric Locations Pack/Materials/texture main 136.mat
  importAddress: Guid(754f807af9236794f97bff74903c8290) Importer(2089858483,b0f066a214c2f5e87bad3c948f4d605d)
Start importing Assets/Palmov Island/Low Poly Atmospheric Locations Pack/Materials/texture main 136.mat using Guid(754f807af9236794f97bff74903c8290) Importer(2089858483,b0f066a214c2f5e87bad3c948f4d605d) (ScriptedImporter) -> (Import Result ID: '449f44a671c6f589375c5edf469d4432') in 0.0116465 seconds [static and dynamic dependencies]. Details - ImportResultOutputID=d60405072579e87e492c0672b79c9180 DependenciesID=dd1ad9dffda1da3888d968aafad8ef0c StaticDependenciesID=d0b508887227e0c7aa35228286491d53 
Number of updated asset objects reloaded before import = 0Number of asset objects unloaded after import = 2

========================================================================
Received Import Request.
  Time since last request: 0.000029 seconds.
  path: Assets/Palmov Island/Low Poly Atmospheric Locations Pack/Materials/texture main 134.mat
  importAddress: Guid(93ccb3d126c5a4348a7c29a6e2aee17a) Importer(2089858483,b0f066a214c2f5e87bad3c948f4d605d)
Start importing Assets/Palmov Island/Low Poly Atmospheric Locations Pack/Materials/texture main 134.mat using Guid(93ccb3d126c5a4348a7c29a6e2aee17a) Importer(2089858483,b0f066a214c2f5e87bad3c948f4d605d) (ScriptedImporter) -> (Import Result ID: '7937b481208eee0ba0f5d88a9bfd3d65') in 0.0131051 seconds [static and dynamic dependencies]. Details - ImportResultOutputID=3d7fb526e41cc38b949f63fb9aad66fe DependenciesID=3801c1dc3d923927452d67d1f346809c StaticDependenciesID=b0b1a6793100961db525f3fb49093e23 
Number of updated asset objects reloaded before import = 0Number of asset objects unloaded after import = 2

========================================================================
Received Import Request.
  Time since last request: 0.000019 seconds.
  path: Assets/Palmov Island/Low Poly Atmospheric Locations Pack/Materials/texture main 73.mat
  importAddress: Guid(9683f755d214a25429ff7d14425ea062) Importer(2089858483,b0f066a214c2f5e87bad3c948f4d605d)
Start importing Assets/Palmov Island/Low Poly Atmospheric Locations Pack/Materials/texture main 73.mat using Guid(9683f755d214a25429ff7d14425ea062) Importer(2089858483,b0f066a214c2f5e87bad3c948f4d605d) (ScriptedImporter) -> (Import Result ID: 'e7708b9725c29f243f97ae62ddebb8e9') in 0.0122343 seconds [static and dynamic dependencies]. Details - ImportResultOutputID=1a9d14f956b275e81cef951a22d62ba3 DependenciesID=56518597988357b4815974be68938fbb StaticDependenciesID=c50b714223c74b886f0a9f00ec38ef48 
Number of updated asset objects reloaded before import = 0Number of asset objects unloaded after import = 2

========================================================================
Received Import Request.
  Time since last request: 0.000016 seconds.
  path: Assets/Palmov Island/Low Poly Atmospheric Locations Pack/Materials/texture main 104.mat
  importAddress: Guid(fedb391aeacd1b24db2490b45618b264) Importer(2089858483,b0f066a214c2f5e87bad3c948f4d605d)
Start importing Assets/Palmov Island/Low Poly Atmospheric Locations Pack/Materials/texture main 104.mat using Guid(fedb391aeacd1b24db2490b45618b264) Importer(2089858483,b0f066a214c2f5e87bad3c948f4d605d) (ScriptedImporter) -> (Import Result ID: 'd838a24867de89928b5865fcb8335eea') in 0.0114536 seconds [static and dynamic dependencies]. Details - ImportResultOutputID=8362528746a406553838e7259dbe98d4 DependenciesID=01c96588b1ef8511feac4f5565fdfaf3 StaticDependenciesID=fad2b79dbda260fb026c14ef6b0b5f3c 
Number of updated asset objects reloaded before import = 0Number of asset objects unloaded after import = 2

========================================================================
Received Import Request.
  Time since last request: 0.000018 seconds.
  path: Assets/Palmov Island/Low Poly Atmospheric Locations Pack/Materials/texture main 20.mat
  importAddress: Guid(cace4def4eebd4c4eb8963b47cdb1aea) Importer(2089858483,b0f066a214c2f5e87bad3c948f4d605d)
Start importing Assets/Palmov Island/Low Poly Atmospheric Locations Pack/Materials/texture main 20.mat using Guid(cace4def4eebd4c4eb8963b47cdb1aea) Importer(2089858483,b0f066a214c2f5e87bad3c948f4d605d) (ScriptedImporter) -> (Import Result ID: '12e5cc3fd4e92ade57d76316cdc6d73e') in 0.0128276 seconds [static and dynamic dependencies]. Details - ImportResultOutputID=5906ea7e0a937b77ef78b3f6c75777a8 DependenciesID=d69c639b5109f2a664819dba6dbe21a1 StaticDependenciesID=a2c166c6ae50010c7c906f4eb3fa1cb1 
Number of updated asset objects reloaded before import = 0Number of asset objects unloaded after import = 2

========================================================================
Received Import Request.
  Time since last request: 0.000027 seconds.
  path: Assets/Palmov Island/Low Poly Atmospheric Locations Pack/Materials/texture main 139.mat
  importAddress: Guid(6dc4175e88786a44fa51960933feec34) Importer(2089858483,b0f066a214c2f5e87bad3c948f4d605d)
Start importing Assets/Palmov Island/Low Poly Atmospheric Locations Pack/Materials/texture main 139.mat using Guid(6dc4175e88786a44fa51960933feec34) Importer(2089858483,b0f066a214c2f5e87bad3c948f4d605d) (ScriptedImporter) -> (Import Result ID: '93344a2fdc8aba1ff9ef7c25f4abd048') in 0.0119604 seconds [static and dynamic dependencies]. Details - ImportResultOutputID=7e4139109d6a5657777778867d5f4ec5 DependenciesID=13658780e0dc08bee53af796b3ed6235 StaticDependenciesID=c67fed62d46202508f688ce926f4269e 
Number of updated asset objects reloaded before import = 0Number of asset objects unloaded after import = 2

========================================================================
Received Import Request.
  Time since last request: 0.000016 seconds.
  path: Assets/Palmov Island/Low Poly Atmospheric Locations Pack/Materials/texture main 141.mat
  importAddress: Guid(95b26d32d9277f34cbcb7bcfc1c4fb0f) Importer(2089858483,b0f066a214c2f5e87bad3c948f4d605d)
Start importing Assets/Palmov Island/Low Poly Atmospheric Locations Pack/Materials/texture main 141.mat using Guid(95b26d32d9277f34cbcb7bcfc1c4fb0f) Importer(2089858483,b0f066a214c2f5e87bad3c948f4d605d) (ScriptedImporter) -> (Import Result ID: '9c4526a04ec1671d7fed2d2bf2f2dd9d') in 0.0121379 seconds [static and dynamic dependencies]. Details - ImportResultOutputID=db72a61f24b1f3834ec1e5389aeed32a DependenciesID=e65a749780828f6d3b486fc1d4166e0f StaticDependenciesID=c3fc36e3edbf6dc0c761ae293819603c 
Number of updated asset objects reloaded before import = 0Number of asset objects unloaded after import = 2

========================================================================
Received Import Request.
  Time since last request: 0.000017 seconds.
  path: Assets/Palmov Island/Low Poly Atmospheric Locations Pack/Materials/texture main 142.mat
  importAddress: Guid(717c54c761ec6be42b7f9e14f194c12c) Importer(2089858483,b0f066a214c2f5e87bad3c948f4d605d)
Start importing Assets/Palmov Island/Low Poly Atmospheric Locations Pack/Materials/texture main 142.mat using Guid(717c54c761ec6be42b7f9e14f194c12c) Importer(2089858483,b0f066a214c2f5e87bad3c948f4d605d) (ScriptedImporter) -> (Import Result ID: '4a76af0daf5b2a3ef5fde0fbe58022b2') in 0.0119807 seconds [static and dynamic dependencies]. Details - ImportResultOutputID=649dc8f7abb7d057749637c7e3b03aeb DependenciesID=66be66b6a59abe181f737d4b9296d081 StaticDependenciesID=0a98b4d0be23a76fa4d393581f2333db 
Number of updated asset objects reloaded before import = 0Number of asset objects unloaded after import = 2

========================================================================
Received Import Request.
  Time since last request: 0.000018 seconds.
  path: Assets/Palmov Island/Low Poly Atmospheric Locations Pack/Materials/texture main 147.mat
  importAddress: Guid(59d50a375dc218441a65728a57b79585) Importer(2089858483,b0f066a214c2f5e87bad3c948f4d605d)
Start importing Assets/Palmov Island/Low Poly Atmospheric Locations Pack/Materials/texture main 147.mat using Guid(59d50a375dc218441a65728a57b79585) Importer(2089858483,b0f066a214c2f5e87bad3c948f4d605d) (ScriptedImporter) -> (Import Result ID: 'f9e424b81eb13a22747afa71eac52d82') in 0.0143724 seconds [static and dynamic dependencies]. Details - ImportResultOutputID=10c9911a6c18308c81761ff9189c82ca DependenciesID=caa7d6c50fe1ce258aa23d7eafec69b4 StaticDependenciesID=3594602bee2c09ea7ee5ddd25bdb1c31 
Number of updated asset objects reloaded before import = 0Number of asset objects unloaded after import = 2

========================================================================
Received Import Request.
  Time since last request: 0.000033 seconds.
  path: Assets/Palmov Island/Low Poly Atmospheric Locations Pack/Materials/texture main 111.mat
  importAddress: Guid(a7d7f97dbe1f8f4458720757301d058a) Importer(2089858483,b0f066a214c2f5e87bad3c948f4d605d)
Start importing Assets/Palmov Island/Low Poly Atmospheric Locations Pack/Materials/texture main 111.mat using Guid(a7d7f97dbe1f8f4458720757301d058a) Importer(2089858483,b0f066a214c2f5e87bad3c948f4d605d) (ScriptedImporter) -> (Import Result ID: '08bf11604f7f070ea360ea19b65185cf') in 0.0123912 seconds [static and dynamic dependencies]. Details - ImportResultOutputID=c4bb624fd95ed3ee02a62f86f5693722 DependenciesID=9bee38a09ecd962b063aefb32202ebbb StaticDependenciesID=64a1e62241da2ec2bcc0e0d563ab3a63 
Number of updated asset objects reloaded before import = 0Number of asset objects unloaded after import = 2

========================================================================
Received Import Request.
  Time since last request: 0.000020 seconds.
  path: Assets/Palmov Island/Low Poly Atmospheric Locations Pack/Materials/texture main 119.mat
  importAddress: Guid(3cd8c94032d16bd49a66efece86e2542) Importer(2089858483,b0f066a214c2f5e87bad3c948f4d605d)
Start importing Assets/Palmov Island/Low Poly Atmospheric Locations Pack/Materials/texture main 119.mat using Guid(3cd8c94032d16bd49a66efece86e2542) Importer(2089858483,b0f066a214c2f5e87bad3c948f4d605d) (ScriptedImporter) -> (Import Result ID: 'fd3a33aa7e0958f9bc086695190cb525') in 0.0117502 seconds [static and dynamic dependencies]. Details - ImportResultOutputID=6a1b5d56899b4543a3e623f97b17534d DependenciesID=02d27d4e3b7ae3d43650cb8f8e907dd5 StaticDependenciesID=b7c1af398168b813803a95eebfd54eec 
Number of updated asset objects reloaded before import = 0Number of asset objects unloaded after import = 2

========================================================================
Received Import Request.
  Time since last request: 0.000016 seconds.
  path: Assets/Palmov Island/Low Poly Atmospheric Locations Pack/Materials/texture main 113.mat
  importAddress: Guid(1dc42819acf7b4048988c31eb66aa99d) Importer(2089858483,b0f066a214c2f5e87bad3c948f4d605d)
Start importing Assets/Palmov Island/Low Poly Atmospheric Locations Pack/Materials/texture main 113.mat using Guid(1dc42819acf7b4048988c31eb66aa99d) Importer(2089858483,b0f066a214c2f5e87bad3c948f4d605d) (ScriptedImporter) -> (Import Result ID: '80139346aa8bf031223b88699dfefd77') in 0.0136959 seconds [static and dynamic dependencies]. Details - ImportResultOutputID=f7303eefa3a4f559e563007364786c03 DependenciesID=170fd6b28a498b2723cb08112d92d62b StaticDependenciesID=6a19d201ccefffb1c4bdeb95af42f583 
Number of updated asset objects reloaded before import = 0Number of asset objects unloaded after import = 2

========================================================================
Received Import Request.
  Time since last request: 0.000023 seconds.
  path: Assets/Palmov Island/Low Poly Atmospheric Locations Pack/Materials/texture main 151.mat
  importAddress: Guid(6d8aa959842199149aafe73e1de00f2e) Importer(2089858483,b0f066a214c2f5e87bad3c948f4d605d)
Start importing Assets/Palmov Island/Low Poly Atmospheric Locations Pack/Materials/texture main 151.mat using Guid(6d8aa959842199149aafe73e1de00f2e) Importer(2089858483,b0f066a214c2f5e87bad3c948f4d605d) (ScriptedImporter) -> (Import Result ID: '443d86b115e6bedbca870cafbee46089') in 0.0123634 seconds [static and dynamic dependencies]. Details - ImportResultOutputID=81ca4e88971e4256e9eca0ed422e0d5e DependenciesID=7209c344e0f55bf6b8b295ddefadcaf1 StaticDependenciesID=f55eaa8413df01f2674b31c0e66efa36 
Number of updated asset objects reloaded before import = 0Number of asset objects unloaded after import = 2

========================================================================
Received Import Request.
  Time since last request: 0.000026 seconds.
  path: Assets/Palmov Island/Low Poly Atmospheric Locations Pack/Materials/texture main 159.mat
  importAddress: Guid(dacec273d2679cb4b8fe6bb77cd5b704) Importer(2089858483,b0f066a214c2f5e87bad3c948f4d605d)
Start importing Assets/Palmov Island/Low Poly Atmospheric Locations Pack/Materials/texture main 159.mat using Guid(dacec273d2679cb4b8fe6bb77cd5b704) Importer(2089858483,b0f066a214c2f5e87bad3c948f4d605d) (ScriptedImporter) -> (Import Result ID: '31eacb696b366accb84aff0d16d03630') in 0.013326 seconds [static and dynamic dependencies]. Details - ImportResultOutputID=22d6288aa6202f16f25ce2235fc77a13 DependenciesID=3af86246c22769a6b85127d2ca1af40c StaticDependenciesID=c2bc91f3890f9ed2823d9d7bbb580c6c 
Number of updated asset objects reloaded before import = 0Number of asset objects unloaded after import = 2

========================================================================
Received Import Request.
  Time since last request: 0.000021 seconds.
  path: Assets/Prefabs/RoadSection_train_staion.prefab
  importAddress: Guid(b3262a8c787fe9a4aad023f4348133ce) Importer(2089858483,b0f066a214c2f5e87bad3c948f4d605d)
Start importing Assets/Prefabs/RoadSection_train_staion.prefab using Guid(b3262a8c787fe9a4aad023f4348133ce) Importer(2089858483,b0f066a214c2f5e87bad3c948f4d605d) (ScriptedImporter) -> (Import Result ID: 'd457c0b00af3dd2699dbce12055ebb0d') in 0.0781089 seconds [static and dynamic dependencies]. Details - ImportResultOutputID=9e85ad81c0ed54d096aa913f739ef538 DependenciesID=e98d586fa69667a99aaa86c7d18e75d7 StaticDependenciesID=d75d6f0c046957ab81dfda352b19452e 
Number of updated asset objects reloaded before import = 0Number of asset objects unloaded after import = 1435

========================================================================
Received Import Request.
  Time since last request: 0.000019 seconds.
  path: Assets/Palmov Island/Low Poly Atmospheric Locations Pack/Materials/texture main 11.mat
  importAddress: Guid(21fc22e690d8fe742bd0fdc2aa4fc97d) Importer(2089858483,b0f066a214c2f5e87bad3c948f4d605d)
Start importing Assets/Palmov Island/Low Poly Atmospheric Locations Pack/Materials/texture main 11.mat using Guid(21fc22e690d8fe742bd0fdc2aa4fc97d) Importer(2089858483,b0f066a214c2f5e87bad3c948f4d605d) (ScriptedImporter) -> (Import Result ID: 'f93366a3bc53b9565928b9c0f0adb015') in 0.0126546 seconds [static and dynamic dependencies]. Details - ImportResultOutputID=1c4d4c52d84e2397bf421261170971c5 DependenciesID=2be8dc15883e18cfea31983d05cb0102 StaticDependenciesID=06f90679d71ef661c8216180220da941 
Number of updated asset objects reloaded before import = 0Number of asset objects unloaded after import = 2

========================================================================
Received Import Request.
  Time since last request: 0.000029 seconds.
  path: Assets/Palmov Island/Low Poly Atmospheric Locations Pack/Materials/texture main 67.mat
  importAddress: Guid(12da8ca80442d664fa2a6dfdfa952b56) Importer(2089858483,b0f066a214c2f5e87bad3c948f4d605d)
Start importing Assets/Palmov Island/Low Poly Atmospheric Locations Pack/Materials/texture main 67.mat using Guid(12da8ca80442d664fa2a6dfdfa952b56) Importer(2089858483,b0f066a214c2f5e87bad3c948f4d605d) (ScriptedImporter) -> (Import Result ID: '60b878bac45ef82eee1cd9cf98a918bd') in 0.011277 seconds [static and dynamic dependencies]. Details - ImportResultOutputID=1d10b87052901fd34dd10948195a7582 DependenciesID=ade4460a07e8fa444c48cb1f98c6efed StaticDependenciesID=9e16b31d6bc5a5262c32f8c66259184b 
Number of updated asset objects reloaded before import = 0Number of asset objects unloaded after import = 2

========================================================================
Received Import Request.
  Time since last request: 0.000022 seconds.
  path: Assets/Palmov Island/Low Poly Atmospheric Locations Pack/Materials/texture main 39.mat
  importAddress: Guid(ceaf2476ebb53ed40a65bc5ed15e7095) Importer(2089858483,b0f066a214c2f5e87bad3c948f4d605d)
Start importing Assets/Palmov Island/Low Poly Atmospheric Locations Pack/Materials/texture main 39.mat using Guid(ceaf2476ebb53ed40a65bc5ed15e7095) Importer(2089858483,b0f066a214c2f5e87bad3c948f4d605d) (ScriptedImporter) -> (Import Result ID: '567a27d4e745837d683f6dbe0f3b35d8') in 0.0119411 seconds [static and dynamic dependencies]. Details - ImportResultOutputID=7ace7169ef510e74faacbf8341a20f7b DependenciesID=cd81c1d296eebe2193171617a942f1f1 StaticDependenciesID=a744e475ad1a47c7235717a9443f89b5 
Number of updated asset objects reloaded before import = 0Number of asset objects unloaded after import = 2

========================================================================
Received Import Request.
  Time since last request: 0.000015 seconds.
  path: Assets/Prefabs/RoadSection_Straight1.prefab
  importAddress: Guid(d027847feb1479448afe51774bafbb6c) Importer(2089858483,b0f066a214c2f5e87bad3c948f4d605d)
Start importing Assets/Prefabs/RoadSection_Straight1.prefab using Guid(d027847feb1479448afe51774bafbb6c) Importer(2089858483,b0f066a214c2f5e87bad3c948f4d605d) (ScriptedImporter) -> (Import Result ID: 'c490d5b175b95fdb8b71e43a25868379') in 0.0156941 seconds [static and dynamic dependencies]. Details - ImportResultOutputID=a9658daebad682a6d939ed717700c672 DependenciesID=2b825b49b5a41a20e86985eb5223d513 StaticDependenciesID=7203d42fdbcdccd59fb0b9b284b28916 
Number of updated asset objects reloaded before import = 0Number of asset objects unloaded after import = 342

========================================================================
Received Import Request.
  Time since last request: 0.000023 seconds.
  path: Assets/Palmov Island/Low Poly Atmospheric Locations Pack/Materials/texture main 66.mat
  importAddress: Guid(4cf5a9ffd2580eb499460ce6b7492e70) Importer(2089858483,b0f066a214c2f5e87bad3c948f4d605d)
Start importing Assets/Palmov Island/Low Poly Atmospheric Locations Pack/Materials/texture main 66.mat using Guid(4cf5a9ffd2580eb499460ce6b7492e70) Importer(2089858483,b0f066a214c2f5e87bad3c948f4d605d) (ScriptedImporter) -> (Import Result ID: 'df4d54350e49bf1b67e89fee02777d95') in 0.0109339 seconds [static and dynamic dependencies]. Details - ImportResultOutputID=6a5b9ae1b9a938097c8e3c78a1188548 DependenciesID=6ce652ec451c9ddfcce8d93d373e65b2 StaticDependenciesID=7762b66f25cd8ac512ffe626dba8cc3f 
Number of updated asset objects reloaded before import = 0Number of asset objects unloaded after import = 2

========================================================================
Received Import Request.
  Time since last request: 0.000024 seconds.
  path: Assets/Palmov Island/Low Poly Atmospheric Locations Pack/Materials/texture main 63.mat
  importAddress: Guid(c52301717488a8943b8e5ac5397bed5c) Importer(2089858483,b0f066a214c2f5e87bad3c948f4d605d)
Start importing Assets/Palmov Island/Low Poly Atmospheric Locations Pack/Materials/texture main 63.mat using Guid(c52301717488a8943b8e5ac5397bed5c) Importer(2089858483,b0f066a214c2f5e87bad3c948f4d605d) (ScriptedImporter) -> (Import Result ID: '55394979771a8260f367c4dd0ee1c274') in 0.0114329 seconds [static and dynamic dependencies]. Details - ImportResultOutputID=1e207db9857940466a707a3f0faf9801 DependenciesID=2706fb25274d088ab7dd49dc8b70278d StaticDependenciesID=c0bedf6170cb7b1fca54cfdb801ec781 
Number of updated asset objects reloaded before import = 0Number of asset objects unloaded after import = 2

========================================================================
Received Import Request.
  Time since last request: 0.000025 seconds.
  path: Assets/Palmov Island/Low Poly Atmospheric Locations Pack/Materials/texture main 84.mat
  importAddress: Guid(a32a858e0654b5f489fa536217d768a7) Importer(2089858483,b0f066a214c2f5e87bad3c948f4d605d)
Start importing Assets/Palmov Island/Low Poly Atmospheric Locations Pack/Materials/texture main 84.mat using Guid(a32a858e0654b5f489fa536217d768a7) Importer(2089858483,b0f066a214c2f5e87bad3c948f4d605d) (ScriptedImporter) -> (Import Result ID: '45a8503e7d569cdd4a47adf333b58e05') in 0.0127381 seconds [static and dynamic dependencies]. Details - ImportResultOutputID=9cbd01c5bff0013c0ada6c56451887ac DependenciesID=cea2406781ca58e7c24b2230abcf6000 StaticDependenciesID=b201d09fea8d0b504e1b67c9b7812baa 
Number of updated asset objects reloaded before import = 0Number of asset objects unloaded after import = 2

========================================================================
Received Import Request.
  Time since last request: 0.000020 seconds.
  path: Assets/Palmov Island/Low Poly Atmospheric Locations Pack/Materials/texture main 85.mat
  importAddress: Guid(1ceab3ba0c9f7ce44960cf314f28b39b) Importer(2089858483,b0f066a214c2f5e87bad3c948f4d605d)
Start importing Assets/Palmov Island/Low Poly Atmospheric Locations Pack/Materials/texture main 85.mat using Guid(1ceab3ba0c9f7ce44960cf314f28b39b) Importer(2089858483,b0f066a214c2f5e87bad3c948f4d605d) (ScriptedImporter) -> (Import Result ID: '9825c9382a4e2aed72c88739c8565bc0') in 0.0115396 seconds [static and dynamic dependencies]. Details - ImportResultOutputID=86c19cc7d208a48fda1004340473a1d9 DependenciesID=ffc08b66bbe4a2d66871b5eedd670986 StaticDependenciesID=ee1e276fb10d6b44359daaf1e7b0418b 
Number of updated asset objects reloaded before import = 0Number of asset objects unloaded after import = 2

========================================================================
Received Import Request.
  Time since last request: 0.000017 seconds.
  path: Assets/Palmov Island/Low Poly Atmospheric Locations Pack/Materials/texture main 92.mat
  importAddress: Guid(3ce32011d6f46374c84bdbe2e7a9b707) Importer(2089858483,b0f066a214c2f5e87bad3c948f4d605d)
Start importing Assets/Palmov Island/Low Poly Atmospheric Locations Pack/Materials/texture main 92.mat using Guid(3ce32011d6f46374c84bdbe2e7a9b707) Importer(2089858483,b0f066a214c2f5e87bad3c948f4d605d) (ScriptedImporter) -> (Import Result ID: '3ae7e536760a3758b36c12286dab1eb5') in 0.0108121 seconds [static and dynamic dependencies]. Details - ImportResultOutputID=0d540e159080d73dd41b5dcb423add5a DependenciesID=d4f7d329ed51cbf09a0bbe88e3c55fa9 StaticDependenciesID=5c453ae50b816fcc6edd54eb48934e67 
Number of updated asset objects reloaded before import = 0Number of asset objects unloaded after import = 2

========================================================================
Received Import Request.
  Time since last request: 0.000029 seconds.
  path: Assets/Palmov Island/Low Poly Atmospheric Locations Pack/Materials/texture main 152.mat
  importAddress: Guid(095de2d6bae3a6545865739c6a30d861) Importer(2089858483,b0f066a214c2f5e87bad3c948f4d605d)
Start importing Assets/Palmov Island/Low Poly Atmospheric Locations Pack/Materials/texture main 152.mat using Guid(095de2d6bae3a6545865739c6a30d861) Importer(2089858483,b0f066a214c2f5e87bad3c948f4d605d) (ScriptedImporter) -> (Import Result ID: '2db6e1af0f939fbf8f32aac30e802231') in 0.0111024 seconds [static and dynamic dependencies]. Details - ImportResultOutputID=e9772e397b14c5315ad65d68dc3a4d36 DependenciesID=37f397bceed05b05cc4397f272a4bc65 StaticDependenciesID=aaa6b7e679b0c62e81306173e6b9c089 
Number of updated asset objects reloaded before import = 0Number of asset objects unloaded after import = 2

========================================================================
Received Import Request.
  Time since last request: 0.000016 seconds.
  path: Assets/Palmov Island/Low Poly Atmospheric Locations Pack/Materials/texture main 100.mat
  importAddress: Guid(e96fd906586aedd4d81ea6224d168859) Importer(2089858483,b0f066a214c2f5e87bad3c948f4d605d)
Start importing Assets/Palmov Island/Low Poly Atmospheric Locations Pack/Materials/texture main 100.mat using Guid(e96fd906586aedd4d81ea6224d168859) Importer(2089858483,b0f066a214c2f5e87bad3c948f4d605d) (ScriptedImporter) -> (Import Result ID: 'dcd41be4116ec6e1a75a64d99670e28b') in 0.0118452 seconds [static and dynamic dependencies]. Details - ImportResultOutputID=6b3b3a144fd47251982532218fd4c14f DependenciesID=ecc5293760a0b638b23c4d70a8653501 StaticDependenciesID=0dc3d25d71a17498de97aa6df6b5fe8f 
Number of updated asset objects reloaded before import = 0Number of asset objects unloaded after import = 2

========================================================================
Received Import Request.
  Time since last request: 0.000017 seconds.
  path: Assets/Palmov Island/Low Poly Atmospheric Locations Pack/Materials/texture main 81.mat
  importAddress: Guid(d87732203fbf39249bda195afd2c6cec) Importer(2089858483,b0f066a214c2f5e87bad3c948f4d605d)
Start importing Assets/Palmov Island/Low Poly Atmospheric Locations Pack/Materials/texture main 81.mat using Guid(d87732203fbf39249bda195afd2c6cec) Importer(2089858483,b0f066a214c2f5e87bad3c948f4d605d) (ScriptedImporter) -> (Import Result ID: '138761a26975fb8ff3421ccf7cb17479') in 0.0115104 seconds [static and dynamic dependencies]. Details - ImportResultOutputID=78892f27e62758248e31bf021db72078 DependenciesID=fae91ea790808e21a05dad2aa9c6045c StaticDependenciesID=d8282843b949cba1615cc86eb1a73e29 
Number of updated asset objects reloaded before import = 0Number of asset objects unloaded after import = 2

========================================================================
Received Import Request.
  Time since last request: 0.000021 seconds.
  path: Assets/Palmov Island/Low Poly Atmospheric Locations Pack/Materials/texture main 59.mat
  importAddress: Guid(023c9ff9bb3510f4dbfde4f16ac1e404) Importer(2089858483,b0f066a214c2f5e87bad3c948f4d605d)
Start importing Assets/Palmov Island/Low Poly Atmospheric Locations Pack/Materials/texture main 59.mat using Guid(023c9ff9bb3510f4dbfde4f16ac1e404) Importer(2089858483,b0f066a214c2f5e87bad3c948f4d605d) (ScriptedImporter) -> (Import Result ID: '3d09ebaa623a53fc566aad81c040c127') in 0.0109396 seconds [static and dynamic dependencies]. Details - ImportResultOutputID=4d0c204045380126158eabdca644a6db DependenciesID=483c328d29c871653af523121b6bf07a StaticDependenciesID=958c47fa1e0bd4c9228448fd127a7b7c 
Number of updated asset objects reloaded before import = 0Number of asset objects unloaded after import = 2

========================================================================
Received Import Request.
  Time since last request: 0.000033 seconds.
  path: Assets/Palmov Island/Low Poly Atmospheric Locations Pack/Materials/texture main 61.mat
  importAddress: Guid(6779c2f8d7a85294b81d6f4e99d961a0) Importer(2089858483,b0f066a214c2f5e87bad3c948f4d605d)
Start importing Assets/Palmov Island/Low Poly Atmospheric Locations Pack/Materials/texture main 61.mat using Guid(6779c2f8d7a85294b81d6f4e99d961a0) Importer(2089858483,b0f066a214c2f5e87bad3c948f4d605d) (ScriptedImporter) -> (Import Result ID: '1652b4f9b273730be42cf395d95c58bd') in 0.0100821 seconds [static and dynamic dependencies]. Details - ImportResultOutputID=9852b0eab019bfafc02a4b828edfa5cf DependenciesID=e9828b419a427cd37e4e5d77f498ab3c StaticDependenciesID=03548afed37cc3677508f14c9c0d427d 
Number of updated asset objects reloaded before import = 0Number of asset objects unloaded after import = 2

========================================================================
Received Import Request.
  Time since last request: 0.000021 seconds.
  path: Assets/Palmov Island/Low Poly Atmospheric Locations Pack/Materials/texture main 45.mat
  importAddress: Guid(6ae93e801d8f2d046b51a969e4885d19) Importer(2089858483,b0f066a214c2f5e87bad3c948f4d605d)
Start importing Assets/Palmov Island/Low Poly Atmospheric Locations Pack/Materials/texture main 45.mat using Guid(6ae93e801d8f2d046b51a969e4885d19) Importer(2089858483,b0f066a214c2f5e87bad3c948f4d605d) (ScriptedImporter) -> (Import Result ID: 'c0cc06da6146941b04c7afb169bbe4c5') in 0.013691 seconds [static and dynamic dependencies]. Details - ImportResultOutputID=15a37c164e70f3134337c32b28529b21 DependenciesID=0cc80dfeff7a43f160b5522fe07762f2 StaticDependenciesID=5040e7b857b09d6e559f9c83108d455c 
Number of updated asset objects reloaded before import = 0Number of asset objects unloaded after import = 2

========================================================================
Received Import Request.
  Time since last request: 0.000015 seconds.
  path: Assets/Palmov Island/Low Poly Atmospheric Locations Pack/Materials/texture main 44.mat
  importAddress: Guid(ce8321bfb7976df499163f41764f8f00) Importer(2089858483,b0f066a214c2f5e87bad3c948f4d605d)
Start importing Assets/Palmov Island/Low Poly Atmospheric Locations Pack/Materials/texture main 44.mat using Guid(ce8321bfb7976df499163f41764f8f00) Importer(2089858483,b0f066a214c2f5e87bad3c948f4d605d) (ScriptedImporter) -> (Import Result ID: '8cb33ed0eb2d1c08974c3714176f8ac0') in 0.0105228 seconds [static and dynamic dependencies]. Details - ImportResultOutputID=ed600f3f133af43112cd0a9619d59e3c DependenciesID=0db1ab614b2178c57bdadbcbe2805003 StaticDependenciesID=f24c295532f48e36c2d6ac8b6bfcc579 
Number of updated asset objects reloaded before import = 0Number of asset objects unloaded after import = 2

========================================================================
Received Import Request.
  Time since last request: 0.000019 seconds.
  path: Assets/Palmov Island/Low Poly Atmospheric Locations Pack/Materials/texture main 17.mat
  importAddress: Guid(68cb47cfd13b91043b25b9a845de7b45) Importer(2089858483,b0f066a214c2f5e87bad3c948f4d605d)
Start importing Assets/Palmov Island/Low Poly Atmospheric Locations Pack/Materials/texture main 17.mat using Guid(68cb47cfd13b91043b25b9a845de7b45) Importer(2089858483,b0f066a214c2f5e87bad3c948f4d605d) (ScriptedImporter) -> (Import Result ID: 'd702607684e28593045d5b5d1447fcf2') in 0.0104264 seconds [static and dynamic dependencies]. Details - ImportResultOutputID=7fe3121e219dbf31a1a81cefde0833f5 DependenciesID=280eaf54976f90c814fd646dbccca986 StaticDependenciesID=eaa821dfaa037029923fa462431b15b0 
Number of updated asset objects reloaded before import = 0Number of asset objects unloaded after import = 2

========================================================================
Received Import Request.
  Time since last request: 0.000027 seconds.
  path: Assets/Palmov Island/Low Poly Atmospheric Locations Pack/Materials/texture main 48.mat
  importAddress: Guid(a11c7ecc675deb34385d9a3e3c84c630) Importer(2089858483,b0f066a214c2f5e87bad3c948f4d605d)
Start importing Assets/Palmov Island/Low Poly Atmospheric Locations Pack/Materials/texture main 48.mat using Guid(a11c7ecc675deb34385d9a3e3c84c630) Importer(2089858483,b0f066a214c2f5e87bad3c948f4d605d) (ScriptedImporter) -> (Import Result ID: 'f4accf85c0bd73ae22fcda2b3f6bfecf') in 0.0112635 seconds [static and dynamic dependencies]. Details - ImportResultOutputID=98e7083475ae8aa57ca118329837a88a DependenciesID=e91a0ffbf5c165c6246f176708448d16 StaticDependenciesID=7d734f2ee76b203a747486afcd809974 
Number of updated asset objects reloaded before import = 0Number of asset objects unloaded after import = 2

========================================================================
Received Import Request.
  Time since last request: 0.000017 seconds.
  path: Assets/Palmov Island/Low Poly Atmospheric Locations Pack/Materials/texture main 125.mat
  importAddress: Guid(596d24af0a6c7d74e8a2f19dda10a0c9) Importer(2089858483,b0f066a214c2f5e87bad3c948f4d605d)
Start importing Assets/Palmov Island/Low Poly Atmospheric Locations Pack/Materials/texture main 125.mat using Guid(596d24af0a6c7d74e8a2f19dda10a0c9) Importer(2089858483,b0f066a214c2f5e87bad3c948f4d605d) (ScriptedImporter) -> (Import Result ID: '5c1223dca63a6a95ddcc814d32ee80d6') in 0.0109449 seconds [static and dynamic dependencies]. Details - ImportResultOutputID=ee1fe890901625733dd4da8e7642527f DependenciesID=4fefc115c5622e37eb8d6ec81e491ac3 StaticDependenciesID=21725fe12e810a889ea976c3b67d8d71 
Number of updated asset objects reloaded before import = 0Number of asset objects unloaded after import = 2

========================================================================
Received Import Request.
  Time since last request: 0.000017 seconds.
  path: Assets/Palmov Island/Low Poly Atmospheric Locations Pack/Materials/texture main 157.mat
  importAddress: Guid(cb7c17ad1478a294a921f849bb991deb) Importer(2089858483,b0f066a214c2f5e87bad3c948f4d605d)
Start importing Assets/Palmov Island/Low Poly Atmospheric Locations Pack/Materials/texture main 157.mat using Guid(cb7c17ad1478a294a921f849bb991deb) Importer(2089858483,b0f066a214c2f5e87bad3c948f4d605d) (ScriptedImporter) -> (Import Result ID: 'abd39374fa13d70d864ed368bf7b9fd9') in 0.0111791 seconds [static and dynamic dependencies]. Details - ImportResultOutputID=f2a81784ba3c66119f9b82d6ac338fbc DependenciesID=6ac406685c0c1a011d351caa8dcf40c9 StaticDependenciesID=20c1d62064adca3df86445bfdd1a4e3e 
Number of updated asset objects reloaded before import = 0Number of asset objects unloaded after import = 2

========================================================================
Received Import Request.
  Time since last request: 0.000017 seconds.
  path: Assets/Palmov Island/Low Poly Atmospheric Locations Pack/Materials/texture main 107.mat
  importAddress: Guid(c38085b89a6c54c4db17cf9d8fe1009c) Importer(2089858483,b0f066a214c2f5e87bad3c948f4d605d)
Start importing Assets/Palmov Island/Low Poly Atmospheric Locations Pack/Materials/texture main 107.mat using Guid(c38085b89a6c54c4db17cf9d8fe1009c) Importer(2089858483,b0f066a214c2f5e87bad3c948f4d605d) (ScriptedImporter) -> (Import Result ID: 'f34b66f08b13e6cb78d57626faf3562b') in 0.0103134 seconds [static and dynamic dependencies]. Details - ImportResultOutputID=f815c665b81ad43222fd566ed66800de DependenciesID=09b97e67cf14771d65a7fe9c336345be StaticDependenciesID=db8d51c3ee46f9d5d74bccefa1a86d5a 
Number of updated asset objects reloaded before import = 0Number of asset objects unloaded after import = 2

========================================================================
Received Import Request.
  Time since last request: 0.000026 seconds.
  path: Assets/Palmov Island/Low Poly Atmospheric Locations Pack/Materials/texture main 86.mat
  importAddress: Guid(27af4ae78f3ba6b49b41f0a400ce36af) Importer(2089858483,b0f066a214c2f5e87bad3c948f4d605d)
Start importing Assets/Palmov Island/Low Poly Atmospheric Locations Pack/Materials/texture main 86.mat using Guid(27af4ae78f3ba6b49b41f0a400ce36af) Importer(2089858483,b0f066a214c2f5e87bad3c948f4d605d) (ScriptedImporter) -> (Import Result ID: 'dc6f4f48bd220841afdb3dbdf7d6e6e6') in 0.0110983 seconds [static and dynamic dependencies]. Details - ImportResultOutputID=cc2e1adce51bc0c86c22495d4a4b0f94 DependenciesID=e3dd26cd99ce89f892d3d20406918ff1 StaticDependenciesID=b35d4b8f1ff7a3b76656c367832d7527 
Number of updated asset objects reloaded before import = 0Number of asset objects unloaded after import = 2

========================================================================
Received Import Request.
  Time since last request: 0.000015 seconds.
  path: Assets/Palmov Island/Low Poly Atmospheric Locations Pack/Materials/texture main 89.mat
  importAddress: Guid(47ac805035a19574cb214aee63868212) Importer(2089858483,b0f066a214c2f5e87bad3c948f4d605d)
Start importing Assets/Palmov Island/Low Poly Atmospheric Locations Pack/Materials/texture main 89.mat using Guid(47ac805035a19574cb214aee63868212) Importer(2089858483,b0f066a214c2f5e87bad3c948f4d605d) (ScriptedImporter) -> (Import Result ID: '88f0d3f90d0046e0c7dcbcb0e5711d96') in 0.0119375 seconds [static and dynamic dependencies]. Details - ImportResultOutputID=1d0e6c88888b0750a782e4b79f5f5066 DependenciesID=2f8779c6fd2a922e830d4112f66dfa12 StaticDependenciesID=60e0472161c9b69ef46e95e37da78605 
Number of updated asset objects reloaded before import = 0Number of asset objects unloaded after import = 2

========================================================================
Received Import Request.
  Time since last request: 0.000015 seconds.
  path: Assets/Palmov Island/Low Poly Atmospheric Locations Pack/Materials/texture main 145.mat
  importAddress: Guid(7aa8a5c20c311c34aa10606516c5e975) Importer(2089858483,b0f066a214c2f5e87bad3c948f4d605d)
Start importing Assets/Palmov Island/Low Poly Atmospheric Locations Pack/Materials/texture main 145.mat using Guid(7aa8a5c20c311c34aa10606516c5e975) Importer(2089858483,b0f066a214c2f5e87bad3c948f4d605d) (ScriptedImporter) -> (Import Result ID: 'b1d9129dc4858f61154f6180a5953b87') in 0.0115055 seconds [static and dynamic dependencies]. Details - ImportResultOutputID=061051d8996c3327a6e9e0ab1cf2151d DependenciesID=4fc46a18deefc32b999636f37d0b1453 StaticDependenciesID=e011f9d0d0b83e57b28b679adf670d44 
Number of updated asset objects reloaded before import = 0Number of asset objects unloaded after import = 2

========================================================================
Received Import Request.
  Time since last request: 0.000018 seconds.
  path: Assets/Palmov Island/Low Poly Atmospheric Locations Pack/Materials/texture main 36.mat
  importAddress: Guid(de850383df0281a43920d045cb6d7550) Importer(2089858483,b0f066a214c2f5e87bad3c948f4d605d)
Start importing Assets/Palmov Island/Low Poly Atmospheric Locations Pack/Materials/texture main 36.mat using Guid(de850383df0281a43920d045cb6d7550) Importer(2089858483,b0f066a214c2f5e87bad3c948f4d605d) (ScriptedImporter) -> (Import Result ID: '1738ca1d43cae8386e205ec065184201') in 0.0109581 seconds [static and dynamic dependencies]. Details - ImportResultOutputID=209ab659128600743ba974db4a1ca65c DependenciesID=31ad2aef397a48b68f9962edc0906a0c StaticDependenciesID=5b092d87c251a1d3bf3c56b90cbd588b 
Number of updated asset objects reloaded before import = 0Number of asset objects unloaded after import = 2

========================================================================
Received Import Request.
  Time since last request: 0.000023 seconds.
  path: Assets/Palmov Island/Low Poly Atmospheric Locations Pack/Materials/texture main 129.mat
  importAddress: Guid(7fb6d9e4d6c157841aa5a469f8bdbd94) Importer(2089858483,b0f066a214c2f5e87bad3c948f4d605d)
Start importing Assets/Palmov Island/Low Poly Atmospheric Locations Pack/Materials/texture main 129.mat using Guid(7fb6d9e4d6c157841aa5a469f8bdbd94) Importer(2089858483,b0f066a214c2f5e87bad3c948f4d605d) (ScriptedImporter) -> (Import Result ID: 'd7a1b6ab72126e68fa914eb9f772c1ad') in 0.0106132 seconds [static and dynamic dependencies]. Details - ImportResultOutputID=c8cf0463bdc962bfc7e41b957284bf9e DependenciesID=589fdf74b4203914d86ae1edf1b683d5 StaticDependenciesID=b8ac97483f04b08169eccd332cfd7f1a 
Number of updated asset objects reloaded before import = 0Number of asset objects unloaded after import = 2

========================================================================
Received Import Request.
  Time since last request: 0.000017 seconds.
  path: Assets/New Terrain.asset
  importAddress: Guid(0fb71917d26571f419dfe85b58de403f) Importer(2089858483,b0f066a214c2f5e87bad3c948f4d605d)
Start importing Assets/New Terrain.asset using Guid(0fb71917d26571f419dfe85b58de403f) Importer(2089858483,b0f066a214c2f5e87bad3c948f4d605d) (ScriptedImporter) -> (Import Result ID: '78acf8d5b243a0768f96fcb952cc2558') in 0.0143447 seconds [static and dynamic dependencies]. Details - ImportResultOutputID=977416d5a9fcac404afaa06ed5eb02c1 DependenciesID=834745944395f585bea2e87bdb878e0f StaticDependenciesID=404219404df748881cdcf746d337afe6 
Number of updated asset objects reloaded before import = 0Number of asset objects unloaded after import = 1

========================================================================
Received Import Request.
  Time since last request: 0.000013 seconds.
  path: Assets/Palmov Island/Low Poly Atmospheric Locations Pack/Materials/texture main 30.mat
  importAddress: Guid(0c0bd360eab154543b4668e12595bd6c) Importer(2089858483,b0f066a214c2f5e87bad3c948f4d605d)
Start importing Assets/Palmov Island/Low Poly Atmospheric Locations Pack/Materials/texture main 30.mat using Guid(0c0bd360eab154543b4668e12595bd6c) Importer(2089858483,b0f066a214c2f5e87bad3c948f4d605d) (ScriptedImporter) -> (Import Result ID: 'e3e3a9841fe9041b66ffb8e4706ea0ac') in 0.011641 seconds [static and dynamic dependencies]. Details - ImportResultOutputID=a110da7bca334485bc7165fb3cdbeb69 DependenciesID=f66aab92b70a07b4ad5dced0105a27aa StaticDependenciesID=50aa9505a6e225fa9c058ca3bc31ebb7 
Number of updated asset objects reloaded before import = 0Number of asset objects unloaded after import = 2

========================================================================
Received Import Request.
  Time since last request: 0.000015 seconds.
  path: Assets/New Terrain 1.asset
  importAddress: Guid(f7ea913d3f78bd5449d6b596d4d6f3b3) Importer(2089858483,b0f066a214c2f5e87bad3c948f4d605d)
Start importing Assets/New Terrain 1.asset using Guid(f7ea913d3f78bd5449d6b596d4d6f3b3) Importer(2089858483,b0f066a214c2f5e87bad3c948f4d605d) (ScriptedImporter) -> (Import Result ID: '2f2535f90bede0195f98181dbdff68ba') in 0.0119631 seconds [static and dynamic dependencies]. Details - ImportResultOutputID=9f7563d580d94d113e8462af93a8477c DependenciesID=25f213daa6291c71d2a565f87f0161c5 StaticDependenciesID=7ac45e7e877f60f629e87c3384ee7343 
Number of updated asset objects reloaded before import = 0Number of asset objects unloaded after import = 1

========================================================================
Received Import Request.
  Time since last request: 0.000028 seconds.
  path: Assets/Palmov Island/Low Poly Atmospheric Locations Pack/Materials/texture main 51.mat
  importAddress: Guid(45bfd13a7f6efe14abe121b30fa95b00) Importer(2089858483,b0f066a214c2f5e87bad3c948f4d605d)
Start importing Assets/Palmov Island/Low Poly Atmospheric Locations Pack/Materials/texture main 51.mat using Guid(45bfd13a7f6efe14abe121b30fa95b00) Importer(2089858483,b0f066a214c2f5e87bad3c948f4d605d) (ScriptedImporter) -> (Import Result ID: 'fc7d09fb57e838f92681e3c760b251c6') in 0.0100995 seconds [static and dynamic dependencies]. Details - ImportResultOutputID=d9940fed20e2b94841bd0e21ad436936 DependenciesID=7590edaf0f1393e01142d380bb0dc22c StaticDependenciesID=794a078b2624725f12d60ea67e1976d3 
Number of updated asset objects reloaded before import = 0Number of asset objects unloaded after import = 2

========================================================================
Received Import Request.
  Time since last request: 0.000014 seconds.
  path: Assets/Palmov Island/Low Poly Atmospheric Locations Pack/Materials/texture main 112.mat
  importAddress: Guid(e6827dd7386cab54a9d2285aee067e83) Importer(2089858483,b0f066a214c2f5e87bad3c948f4d605d)
Start importing Assets/Palmov Island/Low Poly Atmospheric Locations Pack/Materials/texture main 112.mat using Guid(e6827dd7386cab54a9d2285aee067e83) Importer(2089858483,b0f066a214c2f5e87bad3c948f4d605d) (ScriptedImporter) -> (Import Result ID: '4c733a424fb8a55426e76663f6783207') in 0.0103732 seconds [static and dynamic dependencies]. Details - ImportResultOutputID=ff4caab34b4f3aa8433c03220b00738e DependenciesID=f4e1c42548c5b03fc768caf284ec5cf6 StaticDependenciesID=f1f54432a9aa77d2644440dea5f4c818 
Number of updated asset objects reloaded before import = 0Number of asset objects unloaded after import = 2

========================================================================
Received Import Request.
  Time since last request: 0.000017 seconds.
  path: Assets/Palmov Island/Low Poly Atmospheric Locations Pack/Materials/texture main 121.mat
  importAddress: Guid(eb59601d9ef548841b6e089e4cd028be) Importer(2089858483,b0f066a214c2f5e87bad3c948f4d605d)
Start importing Assets/Palmov Island/Low Poly Atmospheric Locations Pack/Materials/texture main 121.mat using Guid(eb59601d9ef548841b6e089e4cd028be) Importer(2089858483,b0f066a214c2f5e87bad3c948f4d605d) (ScriptedImporter) -> (Import Result ID: 'e70723ac3d22bc2d48f21ebb000ba1b5') in 0.0123835 seconds [static and dynamic dependencies]. Details - ImportResultOutputID=b674553e40e5f0c4a48abf97ad03a549 DependenciesID=7609d2292932180520b5835db6ba4b9a StaticDependenciesID=a1134a250500487e1e2dee09305f5d70 
Number of updated asset objects reloaded before import = 0Number of asset objects unloaded after import = 2

========================================================================
Received Import Request.
  Time since last request: 0.000019 seconds.
  path: Assets/Palmov Island/Low Poly Atmospheric Locations Pack/Materials/texture main 47.mat
  importAddress: Guid(c639957dd98ca4844a6b80547633a558) Importer(2089858483,b0f066a214c2f5e87bad3c948f4d605d)
Start importing Assets/Palmov Island/Low Poly Atmospheric Locations Pack/Materials/texture main 47.mat using Guid(c639957dd98ca4844a6b80547633a558) Importer(2089858483,b0f066a214c2f5e87bad3c948f4d605d) (ScriptedImporter) -> (Import Result ID: '9328cdb39166e612297f03432d755ac3') in 0.0129017 seconds [static and dynamic dependencies]. Details - ImportResultOutputID=dc200dc1c9a1dc848a58c6520abc6103 DependenciesID=2c483dd01aa3b5870d7f68569a1c4a4a StaticDependenciesID=6182dc09013b8630729d0a171b18c2b0 
Number of updated asset objects reloaded before import = 0Number of asset objects unloaded after import = 2

========================================================================
Received Import Request.
  Time since last request: 0.000024 seconds.
  path: Assets/Palmov Island/Low Poly Atmospheric Locations Pack/Materials/texture main 7.mat
  importAddress: Guid(957fa76075fe9e440b13ffad8cdae7f6) Importer(2089858483,b0f066a214c2f5e87bad3c948f4d605d)
Start importing Assets/Palmov Island/Low Poly Atmospheric Locations Pack/Materials/texture main 7.mat using Guid(957fa76075fe9e440b13ffad8cdae7f6) Importer(2089858483,b0f066a214c2f5e87bad3c948f4d605d) (ScriptedImporter) -> (Import Result ID: '0568ff9661c9e7c33cd7faea7f15b6c5') in 0.0125332 seconds [static and dynamic dependencies]. Details - ImportResultOutputID=ccd95cb6c165001ca0e2cbd37d5092a5 DependenciesID=7c46727eb439e19a12f536f9db814e8d StaticDependenciesID=b7a256800a5c28e69e1aaa40ac0ac855 
Number of updated asset objects reloaded before import = 0Number of asset objects unloaded after import = 2

========================================================================
Received Import Request.
  Time since last request: 0.000015 seconds.
  path: Assets/Palmov Island/Low Poly Atmospheric Locations Pack/Materials/texture main 52.mat
  importAddress: Guid(3df0d54d8ea45e84eb81eb1b798cdc6d) Importer(2089858483,b0f066a214c2f5e87bad3c948f4d605d)
Start importing Assets/Palmov Island/Low Poly Atmospheric Locations Pack/Materials/texture main 52.mat using Guid(3df0d54d8ea45e84eb81eb1b798cdc6d) Importer(2089858483,b0f066a214c2f5e87bad3c948f4d605d) (ScriptedImporter) -> (Import Result ID: '0b7b0842655ba6404b68791139d271c3') in 0.0104098 seconds [static and dynamic dependencies]. Details - ImportResultOutputID=e621009abee698b338752dff85509aa9 DependenciesID=0d0e58b92f244facd3f42c3e7e221e1a StaticDependenciesID=89631477f6cb18590953272eddc46888 
Number of updated asset objects reloaded before import = 0Number of asset objects unloaded after import = 2

========================================================================
Received Import Request.
  Time since last request: 0.000015 seconds.
  path: Assets/Palmov Island/Low Poly Atmospheric Locations Pack/Materials/texture main 12.mat
  importAddress: Guid(462b88d95754e734f98d004070e9c089) Importer(2089858483,b0f066a214c2f5e87bad3c948f4d605d)
Start importing Assets/Palmov Island/Low Poly Atmospheric Locations Pack/Materials/texture main 12.mat using Guid(462b88d95754e734f98d004070e9c089) Importer(2089858483,b0f066a214c2f5e87bad3c948f4d605d) (ScriptedImporter) -> (Import Result ID: '0d0eb9bc4352cdeefd3718ca6d292dd9') in 0.0121387 seconds [static and dynamic dependencies]. Details - ImportResultOutputID=126b7177b4d2e23034347f2158d881e4 DependenciesID=3cae0e71ccc3906a1ae90c09c25f296c StaticDependenciesID=41abca22b743555a56b7ca480fd12e0f 
Number of updated asset objects reloaded before import = 0Number of asset objects unloaded after import = 2

========================================================================
Received Import Request.
  Time since last request: 0.000017 seconds.
  path: Assets/Palmov Island/Low Poly Atmospheric Locations Pack/Materials/texture main 18.mat
  importAddress: Guid(46d0eec23b5b80442b1a7d9875e4e7cd) Importer(2089858483,b0f066a214c2f5e87bad3c948f4d605d)
Start importing Assets/Palmov Island/Low Poly Atmospheric Locations Pack/Materials/texture main 18.mat using Guid(46d0eec23b5b80442b1a7d9875e4e7cd) Importer(2089858483,b0f066a214c2f5e87bad3c948f4d605d) (ScriptedImporter) -> (Import Result ID: 'adb9beb3e18d89117bf7717051fe5c30') in 0.0120056 seconds [static and dynamic dependencies]. Details - ImportResultOutputID=b6b806596d1970e2559c91c67652683d DependenciesID=35401887ed0a77d05ec1e23818e19646 StaticDependenciesID=4378d6d255fd344c311be309e7980727 
Number of updated asset objects reloaded before import = 0Number of asset objects unloaded after import = 2

========================================================================
Received Import Request.
  Time since last request: 0.000028 seconds.
  path: Assets/Palmov Island/Low Poly Atmospheric Locations Pack/Materials/texture main 156.mat
  importAddress: Guid(fbfcad2ad8272254f85cca0a2540ce70) Importer(2089858483,b0f066a214c2f5e87bad3c948f4d605d)
Start importing Assets/Palmov Island/Low Poly Atmospheric Locations Pack/Materials/texture main 156.mat using Guid(fbfcad2ad8272254f85cca0a2540ce70) Importer(2089858483,b0f066a214c2f5e87bad3c948f4d605d) (ScriptedImporter) -> (Import Result ID: '5c9af2ae8f1534e0432d3001dbb650f2') in 0.0131945 seconds [static and dynamic dependencies]. Details - ImportResultOutputID=1ff4022c3d42992ccc44699e22fd60ca DependenciesID=5511d3b8d25b27907bb87460b4880ee5 StaticDependenciesID=6ad82094d112545a7cc35f935ed04566 
Number of updated asset objects reloaded before import = 0Number of asset objects unloaded after import = 2

Editor requested this worker to shutdown with reason: Scaling down because of idle timeout
AssetImportWorker is now disconnected from the server
Process exiting
Exiting without the bug reporter. Application will terminate with return code 0