[Licensing::Module] Trying to connect to existing licensing client channel...
Built from '6000.4/staging' branch; Version is '6000.4.0f1 (8cf496087c8f) revision 9237654'; Using compiler version '194234433'; Build Type 'Release'
OS: 'Windows 11  (10.0.26200) Professional' Language: 'en' Physical Memory: 32694 MB
[Licensing::IpcConnector] Successfully connected to: "LicenseClient-nicho" at "2026-05-14T15:34:05.6254058Z"
BatchMode: 1, IsHumanControllingUs: 0, StartBugReporterOnCrash: 0, Is64bit: 1
System  architecture: x64
Process architecture: x64
Date: 2026-05-14T15:34:05Z

COMMAND LINE ARGUMENTS:
C:\Program Files\Unity\Hub\Editor\6000.4.0f1\Editor\Unity.exe
-adb2
-batchMode
-noUpm
-name
AssetImportWorker22
-projectPath
C:/Users/nicho/Formative_1
-logFile
Logs/AssetImportWorker22.log
-srvPort
60549
-licensingIpc
LicenseClient-nicho
-force-d3d12
-job-worker-count
7
-background-job-worker-count
8
-gc-helper-count
1
-name
AssetImport
Successfully changed project path to: C:/Users/nicho/Formative_1
C:/Users/nicho/Formative_1
[UnityMemory] Configuration Parameters - Can be set up in boot.config
    "memorysetup-temp-allocator-size-gi-baking-worker=262144"
    "memorysetup-temp-allocator-size-gi-baking-worker=262144"
    "memorysetup-temp-allocator-size-gi-baking-worker=262144"
    "memorysetup-temp-allocator-size-gi-baking-worker=262144"
    "memorysetup-temp-allocator-size-gi-baking-worker=262144"
    "memorysetup-temp-allocator-size-nav-mesh-worker=65536"
    "memorysetup-temp-allocator-size-audio-worker=65536"
    "memorysetup-temp-allocator-size-cloud-worker=32768"
    "memorysetup-temp-allocator-size-gfx=262144"
    "memorysetup-temp-allocator-size-preload-manager=33554432"
    "memorysetup-temp-allocator-size-job-worker=262144"
    "memorysetup-temp-allocator-size-background-worker=32768"
    "memorysetup-allocator-temp-initial-block-size-main=262144"
    "memorysetup-allocator-temp-initial-block-size-worker=262144"
    "memorysetup-bucket-allocator-granularity=16"
    "memorysetup-bucket-allocator-bucket-count=8"
    "memorysetup-bucket-allocator-block-size=33554432"
    "memorysetup-bucket-allocator-block-count=8"
    "memorysetup-main-allocator-block-size=16777216"
    "memorysetup-thread-allocator-block-size=16777216"
    "memorysetup-gfx-main-allocator-block-size=16777216"
    "memorysetup-gfx-thread-allocator-block-size=16777216"
    "memorysetup-cache-allocator-block-size=4194304"
    "memorysetup-typetree-allocator-block-size=2097152"
    "memorysetup-profiler-bucket-allocator-granularity=16"
    "memorysetup-profiler-bucket-allocator-bucket-count=8"
    "memorysetup-profiler-bucket-allocator-block-size=33554432"
    "memorysetup-profiler-bucket-allocator-block-count=8"
    "memorysetup-profiler-allocator-block-size=16777216"
    "memorysetup-profiler-editor-allocator-block-size=1048576"
    "memorysetup-temp-allocator-size-main=16777216"
    "memorysetup-job-temp-allocator-block-size=2097152"
    "memorysetup-job-temp-allocator-block-size-background=1048576"
    "memorysetup-job-temp-allocator-reduction-small-platforms=262144"
Player connection [32208]  Target information:

Player connection [32208]  * "[IP] 192.168.0.13 [Port] 0 [Flags] 2 [Guid] 92410828 [EditorId] 92410828 [Version] 1048832 [Id] WindowsEditor(7,Nicholas) [Debug] 1 [PackageName] WindowsEditor [ProjectName] Editor" 

Player connection [32208]  * "[IP] 172.23.0.1 [Port] 0 [Flags] 2 [Guid] 92410828 [EditorId] 92410828 [Version] 1048832 [Id] WindowsEditor(7,Nicholas) [Debug] 1 [PackageName] WindowsEditor [ProjectName] Editor" 

Player connection [32208]  * "[IP] 26.42.229.79 [Port] 0 [Flags] 2 [Guid] 92410828 [EditorId] 92410828 [Version] 1048832 [Id] WindowsEditor(7,Nicholas) [Debug] 1 [PackageName] WindowsEditor [ProjectName] Editor" 

Player connection [32208] Host joined multi-casting on [225.0.0.222:54997]...
Player connection [32208] Host joined alternative multi-casting on [225.0.0.222:34997]...
JobSystem: Creating JobQueue using job-worker-count value 7
Input System module state changed to: Initialized.
[Physics::Module] Initialized fallback backend.
[Physics::Module] Id: 0xdecafbad
Library Redirect Path: Library/
[Physics::Module] Selected backend.
[Physics::Module] Name: PhysX
[Physics::Module] Id: 0xf2b8ea05
[Physics::Module] SDK Version: 4.1.2
[Physics::Module] Integration Version: 1.0.0
[Physics::Module] Threading Mode: Multi-Threaded
Refreshing native plugins compatible for Editor in 3.08 ms, found 3 plugins.
Initialize engine version: 6000.4.0f1 (8cf496087c8f)
[Subsystems] Discovering subsystems at path C:/Program Files/Unity/Hub/Editor/6000.4.0f1/Editor/Data/Resources/UnitySubsystems
[Subsystems] Discovering subsystems at path C:/Users/nicho/Formative_1/Assets
Forcing GfxDevice: Direct3D 12
GfxDevice: creating device client; kGfxThreadingModeNonThreaded
d3d12: failed to query info queue interface (0x80004002).
Direct3D:
    Version:         Direct3D 12 [level 12.2]
    Renderer:        NVIDIA GeForce RTX 4060 (ID=0x2882)
    Vendor:          NVIDIA
    VRAM:            7957 MB
    App VRAM Budget: 7189 MB
    Driver:          32.0.15.8097
Initialize mono
Mono path[0] = 'C:/Program Files/Unity/Hub/Editor/6000.4.0f1/Editor/Data/Managed'
Mono path[1] = 'C:/Program Files/Unity/Hub/Editor/6000.4.0f1/Editor/Data/MonoBleedingEdge/lib/mono/unityjit-win32'
Mono config path = 'C:/Program Files/Unity/Hub/Editor/6000.4.0f1/Editor/Data/MonoBleedingEdge/etc'
Using monoOptions --debugger-agent=transport=dt_socket,embedding=1,server=y,suspend=n,address=127.0.0.1:56992
CodeReloadManager initialized
Begin MonoManager ReloadAssembly
Registering precompiled unity dll's ...
Register platform support module: C:/Program Files/Unity/Hub/Editor/6000.4.0f1/Editor/Data/PlaybackEngines/WebGLSupport/UnityEditor.WebGL.Extensions.dll
Register platform support module: C:/Program Files/Unity/Hub/Editor/6000.4.0f1/Editor/Data/PlaybackEngines/WindowsStandaloneSupport/UnityEditor.WindowsStandalone.Extensions.dll
Registered in 0.004801 seconds.
Native extension for WindowsStandalone target not found
Native extension for WebGL target not found
Package Manager log level set to [2]
[Package Manager] Failed to launch server process. Reason: Unity was launched with the -noUpm command-line argument
[Package Manager] Unable to send message (not connected to server process).
[Package Manager] Cannot connect to Unity Package Manager local server
ScheduleIndexationOnStartup MainProcess:False IndexOnStartup:True
Mono: successfully reloaded assembly
- Finished resetting the current domain, in  0.492 seconds
Domain Reload Profiling: 1090ms
	BeginReloadAssembly (177ms)
	RebuildCommonClasses (51ms)
	RebuildNativeTypeToScriptingClass (16ms)
	initialDomainReloadingComplete (96ms)
	LoadAllAssembliesAndSetupDomain (256ms)
		LoadAssemblies (169ms)
		AnalyzeDomain (245ms)
			TypeCache.Refresh (244ms)
				TypeCache.ScanAssembly (227ms)
	FinalizeReload (493ms)
		SetupLoadedEditorAssemblies (0ms)
			InitializePlatformSupportModulesInManaged (58ms)
			BeforeProcessingInitializeOnLoad (106ms)
			ProcessInitializeOnLoadAttributes (136ms)
			ProcessInitializeOnLoadMethodAttributes (99ms)
========================================================================
Worker process is ready to serve import requests
Import Worker Mode flag is 0x00
Begin MonoManager ReloadAssembly
[Licensing::Module] Licensing is not yet initialized.
[Licensing::Client] Handshaking with LicensingClient:
  Version:                 1.18.1+9fbee8e
  Session Id:              c00686d8695949fd817634925fd31839
  Correlation Id:          24d301c60bcd9a52cc819f6962c1584c
  External correlation Id: 4040128575423158790
  Machine Id:              8wJQksq0DBmRPNJ5MMxPPwJrSZ0=
[Licensing::Module] Successfully connected to LicensingClient on channel: "LicenseClient-nicho" (connect: 0.00s, validation: 0.00s, handshake: 2.47s)
[Licensing::IpcConnector] Successfully connected to: "LicenseClient-nicho-notifications" at "2026-05-14T15:34:08.094774Z"
[Licensing::Module] Licensing Background thread has ended after 2.47s
[Licensing::Module] Licensing is initialized (took 0.01s).
[Licensing::Client] Successfully resolved entitlement details
[Licensing::Module] License group:
  Id: 11270607086005-UnityPersXXXX
  Product: Unity Personal
  Type: Assigned
  Expiration: Unlimited
Assembly Assembly-CSharp-Editor-firstpass.dll at Library/ScriptAssemblies/Assembly-CSharp-Editor-firstpass.dll not valid. Loading of assembly skipped.
Assembly Assembly-CSharp-firstpass.dll at Library/ScriptAssemblies/Assembly-CSharp-firstpass.dll not valid. Loading of assembly skipped.
Assembly DocCodeExamples.dll at Library/ScriptAssemblies/DocCodeExamples.dll not valid. Loading of assembly skipped.
Assembly TestNewCustomAssembly.dll at Library/ScriptAssemblies/TestNewCustomAssembly.dll not valid. Loading of assembly skipped.
Assembly Unity.Collections.BurstCompatibilityGen.dll at Library/ScriptAssemblies/Unity.Collections.BurstCompatibilityGen.dll not valid. Loading of assembly skipped.
Assembly Unity.Collections.DocCodeSamples.dll at Library/ScriptAssemblies/Unity.Collections.DocCodeSamples.dll not valid. Loading of assembly skipped.
Assembly Unity.Collections.PerformanceTests.dll at Library/ScriptAssemblies/Unity.Collections.PerformanceTests.dll not valid. Loading of assembly skipped.
Assembly Unity.Collections.Tests.dll at Library/ScriptAssemblies/Unity.Collections.Tests.dll not valid. Loading of assembly skipped.
Assembly Unity.Collections.Tests.Playmode.dll at Library/ScriptAssemblies/Unity.Collections.Tests.Playmode.dll not valid. Loading of assembly skipped.
Assembly Unity.InputSystem.IntegrationTests.dll at Library/ScriptAssemblies/Unity.InputSystem.IntegrationTests.dll not valid. Loading of assembly skipped.
Assembly Unity.Mathematics.Tests.dll at Library/ScriptAssemblies/Unity.Mathematics.Tests.dll not valid. Loading of assembly skipped.
Assembly Unity.Multiplayer.Center.Editor.Tests.dll at Library/ScriptAssemblies/Unity.Multiplayer.Center.Editor.Tests.dll not valid. Loading of assembly skipped.
Assembly Unity.Multiplayer.Center.Tests.dll at Library/ScriptAssemblies/Unity.Multiplayer.Center.Tests.dll not valid. Loading of assembly skipped.
Assembly Unity.Nuget.Mono-Cecil.dll at Library/ScriptAssemblies/Unity.Nuget.Mono-Cecil.dll not valid. Loading of assembly skipped.
Assembly Unity.PathTracing.Editor.Tests.dll at Library/ScriptAssemblies/Unity.PathTracing.Editor.Tests.dll not valid. Loading of assembly skipped.
Assembly Unity.PathTracing.Runtime.Tests.dll at Library/ScriptAssemblies/Unity.PathTracing.Runtime.Tests.dll not valid. Loading of assembly skipped.
Assembly Unity.Postprocessing.Editor.Tests.dll at Library/ScriptAssemblies/Unity.Postprocessing.Editor.Tests.dll not valid. Loading of assembly skipped.
Assembly Unity.Postprocessing.Runtime.Tests.dll at Library/ScriptAssemblies/Unity.Postprocessing.Runtime.Tests.dll not valid. Loading of assembly skipped.
Assembly Unity.RenderPipelines.Core.Editor.Tests.dll at Library/ScriptAssemblies/Unity.RenderPipelines.Core.Editor.Tests.dll not valid. Loading of assembly skipped.
Assembly Unity.RenderPipelines.Core.Runtime.Tests.dll at Library/ScriptAssemblies/Unity.RenderPipelines.Core.Runtime.Tests.dll not valid. Loading of assembly skipped.
Assembly Unity.RenderPipelines.Universal.Config.Editor.Tests.dll at Library/ScriptAssemblies/Unity.RenderPipelines.Universal.Config.Editor.Tests.dll not valid. Loading of assembly skipped.
Assembly Unity.RenderPipelines.Universal.Editor.Tests.dll at Library/ScriptAssemblies/Unity.RenderPipelines.Universal.Editor.Tests.dll not valid. Loading of assembly skipped.
Assembly Unity.RenderPipelines.Universal.Runtime.Tests.dll at Library/ScriptAssemblies/Unity.RenderPipelines.Universal.Runtime.Tests.dll not valid. Loading of assembly skipped.
Assembly Unity.Searcher.EditorTests.dll at Library/ScriptAssemblies/Unity.Searcher.EditorTests.dll not valid. Loading of assembly skipped.
Assembly Unity.ShaderGraph.Editor.Tests.dll at Library/ScriptAssemblies/Unity.ShaderGraph.Editor.Tests.dll not valid. Loading of assembly skipped.
Assembly Unity.TextMeshPro.Editor.Tests.dll at Library/ScriptAssemblies/Unity.TextMeshPro.Editor.Tests.dll not valid. Loading of assembly skipped.
Assembly Unity.TextMeshPro.Tests.dll at Library/ScriptAssemblies/Unity.TextMeshPro.Tests.dll not valid. Loading of assembly skipped.
Assembly Unity.UnifiedRayTracing.Editor.Tests.dll at Library/ScriptAssemblies/Unity.UnifiedRayTracing.Editor.Tests.dll not valid. Loading of assembly skipped.
Assembly UnityEditor.UI.Common.Tests.dll at Library/ScriptAssemblies/UnityEditor.UI.Common.Tests.dll not valid. Loading of assembly skipped.
Assembly UnityEditor.UI.EditorTests.dll at Library/ScriptAssemblies/UnityEditor.UI.EditorTests.dll not valid. Loading of assembly skipped.
Assembly UnityEngine.UI.Tests.dll at Library/ScriptAssemblies/UnityEngine.UI.Tests.dll not valid. Loading of assembly skipped.
Native extension for WindowsStandalone target not found
Native extension for WebGL target not found
[Package Manager] Failed to launch server process. Reason: Unity was launched with the -noUpm command-line argument
[Package Manager] Unable to send message (not connected to server process).
[Package Manager] Cannot connect to Unity Package Manager local server
[Package Manager] Failed to launch server process. Reason: Unity was launched with the -noUpm command-line argument
[Package Manager] Unable to send message (not connected to server process).
[Package Manager] Cannot connect to Unity Package Manager local server
ScheduleIndexationOnStartup MainProcess:False IndexOnStartup:True
Mono: successfully reloaded assembly
- Finished resetting the current domain, in  0.783 seconds
Domain Reload Profiling: 1790ms
	BeginReloadAssembly (213ms)
		DisableScriptedObjects (5ms)
		CreateAndSetChildDomain (33ms)
	RebuildCommonClasses (59ms)
	RebuildNativeTypeToScriptingClass (13ms)
	initialDomainReloadingComplete (96ms)
	LoadAllAssembliesAndSetupDomain (626ms)
		LoadAssemblies (454ms)
		AnalyzeDomain (289ms)
			TypeCache.Refresh (189ms)
				TypeCache.ScanAssembly (173ms)
			BuildScriptInfoCaches (88ms)
			ResolveRequiredComponents (11ms)
	FinalizeReload (784ms)
		SetupLoadedEditorAssemblies (0ms)
			BeforeProcessingInitializeOnLoad (159ms)
			ProcessInitializeOnLoadAttributes (314ms)
			ProcessInitializeOnLoadMethodAttributes (67ms)
			AfterProcessingInitializeOnLoad (12ms)
		AwakeInstancesAfterBackupRestoration (11ms)
Launched and connected shader compiler UnityShaderCompiler.exe after 0.02 seconds
Unloading 36 Unused Serialized files (Serialized files now loaded: 0)
Unloading 6400 unused Assets / (8.1 MB). Loaded Objects now: 7250.
Memory consumption went from 161.0 MB to 152.9 MB.
Total: 9.012900 ms (FindLiveObjects: 0.960600 ms CreateObjectMapping: 0.584200 ms MarkObjects: 4.532200 ms  DeleteObjects: 2.933200 ms)

========================================================================
Received Import Request.
  Time since last request: 6813.376688 seconds.
  path: Assets/Palmov Island/Low Poly Atmospheric Locations Pack/Materials/texture main 114.mat
  importAddress: Guid(4161a0ba4926a344cb584cdb08029b20) Importer(2089858483,b0f066a214c2f5e87bad3c948f4d605d)
Start importing Assets/Palmov Island/Low Poly Atmospheric Locations Pack/Materials/texture main 114.mat using Guid(4161a0ba4926a344cb584cdb08029b20) Importer(2089858483,b0f066a214c2f5e87bad3c948f4d605d) (ScriptedImporter) -> (Import Result ID: '5d450a7bf3b3dc49be5b77ed843b3eef') in 0.1013124 seconds [static and dynamic dependencies]. Details - ImportResultOutputID=702807b3e1f26fbab954688444c5e9ac DependenciesID=9857bc8c898500d8868b1a50731dbb95 StaticDependenciesID=ea67095531eeb8dd4d0e6fbee8f3751f 
Number of updated asset objects reloaded before import = 0Number of asset objects unloaded after import = 2

========================================================================
Received Import Request.
  Time since last request: 0.000019 seconds.
  path: Assets/Palmov Island/Low Poly Atmospheric Locations Pack/Materials/texture main 82.mat
  importAddress: Guid(1133fefd186eeb74ba5ba233a62fa150) Importer(2089858483,b0f066a214c2f5e87bad3c948f4d605d)
Start importing Assets/Palmov Island/Low Poly Atmospheric Locations Pack/Materials/texture main 82.mat using Guid(1133fefd186eeb74ba5ba233a62fa150) Importer(2089858483,b0f066a214c2f5e87bad3c948f4d605d) (ScriptedImporter) -> (Import Result ID: '689d7786abceb056e4d4952c1a4a593d') in 0.0119547 seconds [static and dynamic dependencies]. Details - ImportResultOutputID=b28e790d94f90f6d87cf1cde78d5cd17 DependenciesID=5ca5241ec4163bf88d5ac31ff7aa2a48 StaticDependenciesID=cad86f6e17cfc08c08129ffdc1dab8ff 
Number of updated asset objects reloaded before import = 0Number of asset objects unloaded after import = 2

========================================================================
Received Import Request.
  Time since last request: 0.000019 seconds.
  path: Assets/Palmov Island/Low Poly Atmospheric Locations Pack/Materials/texture main 32.mat
  importAddress: Guid(9185085c20d639e4a98194a59d62a374) Importer(2089858483,b0f066a214c2f5e87bad3c948f4d605d)
Start importing Assets/Palmov Island/Low Poly Atmospheric Locations Pack/Materials/texture main 32.mat using Guid(9185085c20d639e4a98194a59d62a374) Importer(2089858483,b0f066a214c2f5e87bad3c948f4d605d) (ScriptedImporter) -> (Import Result ID: '5b4b96073eb5c9a78e8b04db34c2c932') in 0.0107611 seconds [static and dynamic dependencies]. Details - ImportResultOutputID=c71a50ccef5fee278fd290102ead7ddd DependenciesID=80e6f1eea00bf2392a6045a2f3582a9d StaticDependenciesID=5753f735a3fa37feb84eaa04cfa11b34 
Number of updated asset objects reloaded before import = 0Number of asset objects unloaded after import = 2

========================================================================
Received Import Request.
  Time since last request: 0.000048 seconds.
  path: Assets/Palmov Island/Low Poly Atmospheric Locations Pack/Materials/texture main 150.mat
  importAddress: Guid(63db2da785b9fa04ab6fbbc006329223) Importer(2089858483,b0f066a214c2f5e87bad3c948f4d605d)
Start importing Assets/Palmov Island/Low Poly Atmospheric Locations Pack/Materials/texture main 150.mat using Guid(63db2da785b9fa04ab6fbbc006329223) Importer(2089858483,b0f066a214c2f5e87bad3c948f4d605d) (ScriptedImporter) -> (Import Result ID: '2f5a7dea28a4f23e36b3bc2a1cf3d6f9') in 0.0115293 seconds [static and dynamic dependencies]. Details - ImportResultOutputID=c3fdc39dd1793da13d0e2b44d1f9ce90 DependenciesID=9292d943c638ae7193d58e0af5e540b3 StaticDependenciesID=d18b4a4df08111bd54d052dc1a0c638a 
Number of updated asset objects reloaded before import = 0Number of asset objects unloaded after import = 2

========================================================================
Received Import Request.
  Time since last request: 0.000016 seconds.
  path: Assets/Palmov Island/Low Poly Atmospheric Locations Pack/Materials/texture main 41.mat
  importAddress: Guid(4054482a5c61e0f4799f9899e34b761e) Importer(2089858483,b0f066a214c2f5e87bad3c948f4d605d)
Start importing Assets/Palmov Island/Low Poly Atmospheric Locations Pack/Materials/texture main 41.mat using Guid(4054482a5c61e0f4799f9899e34b761e) Importer(2089858483,b0f066a214c2f5e87bad3c948f4d605d) (ScriptedImporter) -> (Import Result ID: 'b1b7dd7e3a16bed67d2221ee02cdc99b') in 0.011476 seconds [static and dynamic dependencies]. Details - ImportResultOutputID=9846f848366d99089f8f5b79519f5fe4 DependenciesID=00243d8493075bb53f4d0ef68771a009 StaticDependenciesID=27af70480af85497af42eea143919e5a 
Number of updated asset objects reloaded before import = 0Number of asset objects unloaded after import = 2

========================================================================
Received Import Request.
  Time since last request: 0.000017 seconds.
  path: Assets/Palmov Island/Low Poly Atmospheric Locations Pack/Materials/texture main 34.mat
  importAddress: Guid(2549945ec20d3284c8bb5b64cb1a3f23) Importer(2089858483,b0f066a214c2f5e87bad3c948f4d605d)
Start importing Assets/Palmov Island/Low Poly Atmospheric Locations Pack/Materials/texture main 34.mat using Guid(2549945ec20d3284c8bb5b64cb1a3f23) Importer(2089858483,b0f066a214c2f5e87bad3c948f4d605d) (ScriptedImporter) -> (Import Result ID: '686fe8e790a00a8349f9fbdadac7ef66') in 0.012346 seconds [static and dynamic dependencies]. Details - ImportResultOutputID=e5a959e60c17ff7a94a56dfdc7780478 DependenciesID=488851e2ac06ba074f6df8eb78927c37 StaticDependenciesID=b6ba217720ddca852d8645d5064682f3 
Number of updated asset objects reloaded before import = 0Number of asset objects unloaded after import = 2

========================================================================
Received Import Request.
  Time since last request: 0.000019 seconds.
  path: Assets/Palmov Island/Low Poly Atmospheric Locations Pack/Materials/texture main 117.mat
  importAddress: Guid(fab74cadbda80e541815ff49a4b024ce) Importer(2089858483,b0f066a214c2f5e87bad3c948f4d605d)
Start importing Assets/Palmov Island/Low Poly Atmospheric Locations Pack/Materials/texture main 117.mat using Guid(fab74cadbda80e541815ff49a4b024ce) Importer(2089858483,b0f066a214c2f5e87bad3c948f4d605d) (ScriptedImporter) -> (Import Result ID: '64a76ad65cde9d90090b43f4be93b43d') in 0.0106402 seconds [static and dynamic dependencies]. Details - ImportResultOutputID=bccdd301ed4ba852b8d56cbb2cd1c4c8 DependenciesID=159a8f54b45ec3a1531fdb77c32710bf StaticDependenciesID=74daeb07782cdea2f1ffc45f53b355be 
Number of updated asset objects reloaded before import = 0Number of asset objects unloaded after import = 2

========================================================================
Received Import Request.
  Time since last request: 0.000029 seconds.
  path: Assets/Palmov Island/Low Poly Atmospheric Locations Pack/Materials/texture main 143.mat
  importAddress: Guid(bf6502ce880aafe4b86d82d47a6904f3) Importer(2089858483,b0f066a214c2f5e87bad3c948f4d605d)
Start importing Assets/Palmov Island/Low Poly Atmospheric Locations Pack/Materials/texture main 143.mat using Guid(bf6502ce880aafe4b86d82d47a6904f3) Importer(2089858483,b0f066a214c2f5e87bad3c948f4d605d) (ScriptedImporter) -> (Import Result ID: 'be13b4aa4b5254af3e376105878f0668') in 0.0109681 seconds [static and dynamic dependencies]. Details - ImportResultOutputID=ac7372d40ba2142a4e7f6bc87ca432e4 DependenciesID=bb013edf7526a33a066e42d0ec2eb5aa StaticDependenciesID=6fc45a6120b2fcd28a38f5f8c45edd79 
Number of updated asset objects reloaded before import = 0Number of asset objects unloaded after import = 2

========================================================================
Received Import Request.
  Time since last request: 0.000017 seconds.
  path: Assets/Palmov Island/Low Poly Atmospheric Locations Pack/Materials/texture main 102.mat
  importAddress: Guid(60d8a87db12dcbd4788ae5a8068fa8af) Importer(2089858483,b0f066a214c2f5e87bad3c948f4d605d)
Start importing Assets/Palmov Island/Low Poly Atmospheric Locations Pack/Materials/texture main 102.mat using Guid(60d8a87db12dcbd4788ae5a8068fa8af) Importer(2089858483,b0f066a214c2f5e87bad3c948f4d605d) (ScriptedImporter) -> (Import Result ID: '3b4a57ff890df07ad4ddc5dde58e8408') in 0.0107558 seconds [static and dynamic dependencies]. Details - ImportResultOutputID=9df166df1dfd1c8d71f93bf05cedf454 DependenciesID=0634484639d6389603c1af8efd54e703 StaticDependenciesID=5c3a38c25f82087d24ce0f8c8fa84d0f 
Number of updated asset objects reloaded before import = 0Number of asset objects unloaded after import = 2

========================================================================
Received Import Request.
  Time since last request: 24.459271 seconds.
  path: Assets/Prefabs/Obstacle 1.prefab
  importAddress: Guid(b1eff7f5e24e2f74e989a7d7b47c4710) Importer(815301076,1909f56bfc062723c751e8b465ee728b)
Start importing Assets/Prefabs/Obstacle 1.prefab using Guid(b1eff7f5e24e2f74e989a7d7b47c4710) Importer(815301076,1909f56bfc062723c751e8b465ee728b) (PreviewImporter) -> (Import Result ID: 'bf569b75bf8b021f81fd9ed9d89d2093') in 0.4168863 seconds [static and dynamic dependencies]. Details - ImportResultOutputID=6086e05032e7e4c99097ded13a74a9a7 DependenciesID=3c4e5cfedbdb42d8a76c5c2862748da6 StaticDependenciesID=34a769eb75b12207b4e1b78e257c9290 
Number of updated asset objects reloaded before import = 0Number of asset objects unloaded after import = 19

========================================================================
Received Import Request.
  Time since last request: 0.502292 seconds.
  path: Assets/Prefabs/Obstacle 1.prefab
  importAddress: Guid(b1eff7f5e24e2f74e989a7d7b47c4710) Importer(2089858483,b0f066a214c2f5e87bad3c948f4d605d)
Start importing Assets/Prefabs/Obstacle 1.prefab using Guid(b1eff7f5e24e2f74e989a7d7b47c4710) Importer(2089858483,b0f066a214c2f5e87bad3c948f4d605d) (ScriptedImporter) -> (Import Result ID: '2ccb4382eaf8226a44a9c786e05b0397') in 0.0489862 seconds [static and dynamic dependencies]. Details - ImportResultOutputID=9da71e02a1afee416ac54d2faa856a2e DependenciesID=1b4a5aa46151dbdaa46493a81265dd78 StaticDependenciesID=f6d5ca3fbffb4a5c4c914b626a17c54e 
Number of updated asset objects reloaded before import = 0Number of asset objects unloaded after import = 16

========================================================================
Received Prepare
Begin MonoManager ReloadAssembly
[Licensing::Client] Successfully resolved entitlement details
Assembly Assembly-CSharp-Editor-firstpass.dll at Library/ScriptAssemblies/Assembly-CSharp-Editor-firstpass.dll not valid. Loading of assembly skipped.
Assembly Assembly-CSharp-firstpass.dll at Library/ScriptAssemblies/Assembly-CSharp-firstpass.dll not valid. Loading of assembly skipped.
Assembly DocCodeExamples.dll at Library/ScriptAssemblies/DocCodeExamples.dll not valid. Loading of assembly skipped.
Assembly TestNewCustomAssembly.dll at Library/ScriptAssemblies/TestNewCustomAssembly.dll not valid. Loading of assembly skipped.
Assembly Unity.Collections.BurstCompatibilityGen.dll at Library/ScriptAssemblies/Unity.Collections.BurstCompatibilityGen.dll not valid. Loading of assembly skipped.
Assembly Unity.Collections.DocCodeSamples.dll at Library/ScriptAssemblies/Unity.Collections.DocCodeSamples.dll not valid. Loading of assembly skipped.
Assembly Unity.Collections.PerformanceTests.dll at Library/ScriptAssemblies/Unity.Collections.PerformanceTests.dll not valid. Loading of assembly skipped.
Assembly Unity.Collections.Tests.dll at Library/ScriptAssemblies/Unity.Collections.Tests.dll not valid. Loading of assembly skipped.
Assembly Unity.Collections.Tests.Playmode.dll at Library/ScriptAssemblies/Unity.Collections.Tests.Playmode.dll not valid. Loading of assembly skipped.
Assembly Unity.InputSystem.IntegrationTests.dll at Library/ScriptAssemblies/Unity.InputSystem.IntegrationTests.dll not valid. Loading of assembly skipped.
Assembly Unity.Mathematics.Tests.dll at Library/ScriptAssemblies/Unity.Mathematics.Tests.dll not valid. Loading of assembly skipped.
Assembly Unity.Multiplayer.Center.Editor.Tests.dll at Library/ScriptAssemblies/Unity.Multiplayer.Center.Editor.Tests.dll not valid. Loading of assembly skipped.
Assembly Unity.Multiplayer.Center.Tests.dll at Library/ScriptAssemblies/Unity.Multiplayer.Center.Tests.dll not valid. Loading of assembly skipped.
Assembly Unity.Nuget.Mono-Cecil.dll at Library/ScriptAssemblies/Unity.Nuget.Mono-Cecil.dll not valid. Loading of assembly skipped.
Assembly Unity.PathTracing.Editor.Tests.dll at Library/ScriptAssemblies/Unity.PathTracing.Editor.Tests.dll not valid. Loading of assembly skipped.
Assembly Unity.PathTracing.Runtime.Tests.dll at Library/ScriptAssemblies/Unity.PathTracing.Runtime.Tests.dll not valid. Loading of assembly skipped.
Assembly Unity.Postprocessing.Editor.Tests.dll at Library/ScriptAssemblies/Unity.Postprocessing.Editor.Tests.dll not valid. Loading of assembly skipped.
Assembly Unity.Postprocessing.Runtime.Tests.dll at Library/ScriptAssemblies/Unity.Postprocessing.Runtime.Tests.dll not valid. Loading of assembly skipped.
Assembly Unity.RenderPipelines.Core.Editor.Tests.dll at Library/ScriptAssemblies/Unity.RenderPipelines.Core.Editor.Tests.dll not valid. Loading of assembly skipped.
Assembly Unity.RenderPipelines.Core.Runtime.Tests.dll at Library/ScriptAssemblies/Unity.RenderPipelines.Core.Runtime.Tests.dll not valid. Loading of assembly skipped.
Assembly Unity.RenderPipelines.Universal.Config.Editor.Tests.dll at Library/ScriptAssemblies/Unity.RenderPipelines.Universal.Config.Editor.Tests.dll not valid. Loading of assembly skipped.
Assembly Unity.RenderPipelines.Universal.Editor.Tests.dll at Library/ScriptAssemblies/Unity.RenderPipelines.Universal.Editor.Tests.dll not valid. Loading of assembly skipped.
Assembly Unity.RenderPipelines.Universal.Runtime.Tests.dll at Library/ScriptAssemblies/Unity.RenderPipelines.Universal.Runtime.Tests.dll not valid. Loading of assembly skipped.
Assembly Unity.Searcher.EditorTests.dll at Library/ScriptAssemblies/Unity.Searcher.EditorTests.dll not valid. Loading of assembly skipped.
Assembly Unity.ShaderGraph.Editor.Tests.dll at Library/ScriptAssemblies/Unity.ShaderGraph.Editor.Tests.dll not valid. Loading of assembly skipped.
Assembly Unity.TextMeshPro.Editor.Tests.dll at Library/ScriptAssemblies/Unity.TextMeshPro.Editor.Tests.dll not valid. Loading of assembly skipped.
Assembly Unity.TextMeshPro.Tests.dll at Library/ScriptAssemblies/Unity.TextMeshPro.Tests.dll not valid. Loading of assembly skipped.
Assembly Unity.UnifiedRayTracing.Editor.Tests.dll at Library/ScriptAssemblies/Unity.UnifiedRayTracing.Editor.Tests.dll not valid. Loading of assembly skipped.
Assembly UnityEditor.UI.Common.Tests.dll at Library/ScriptAssemblies/UnityEditor.UI.Common.Tests.dll not valid. Loading of assembly skipped.
Assembly UnityEditor.UI.EditorTests.dll at Library/ScriptAssemblies/UnityEditor.UI.EditorTests.dll not valid. Loading of assembly skipped.
Assembly UnityEngine.UI.Tests.dll at Library/ScriptAssemblies/UnityEngine.UI.Tests.dll not valid. Loading of assembly skipped.
Native extension for WindowsStandalone target not found
Native extension for WebGL target not found
[Package Manager] Failed to launch server process. Reason: Unity was launched with the -noUpm command-line argument
[Package Manager] Unable to send message (not connected to server process).
[Package Manager] Cannot connect to Unity Package Manager local server
[Package Manager] Failed to launch server process. Reason: Unity was launched with the -noUpm command-line argument
[Package Manager] Unable to send message (not connected to server process).
[Package Manager] Cannot connect to Unity Package Manager local server
ScheduleIndexationOnStartup MainProcess:False IndexOnStartup:True
Mono: successfully reloaded assembly
- Finished resetting the current domain, in  0.745 seconds
Domain Reload Profiling: 1512ms
	BeginReloadAssembly (221ms)
		DisableScriptedObjects (20ms)
		CreateAndSetChildDomain (51ms)
	RebuildCommonClasses (33ms)
	RebuildNativeTypeToScriptingClass (11ms)
	initialDomainReloadingComplete (72ms)
	LoadAllAssembliesAndSetupDomain (429ms)
		LoadAssemblies (367ms)
		AnalyzeDomain (154ms)
			TypeCache.Refresh (5ms)
			BuildScriptInfoCaches (138ms)
			ResolveRequiredComponents (9ms)
	FinalizeReload (746ms)
		SetupLoadedEditorAssemblies (0ms)
			BeforeProcessingInitializeOnLoad (154ms)
			ProcessInitializeOnLoadAttributes (320ms)
			ProcessInitializeOnLoadMethodAttributes (80ms)
			AfterProcessingInitializeOnLoad (14ms)
		AwakeInstancesAfterBackupRestoration (23ms)
Unloading 36 Unused Serialized files (Serialized files now loaded: 0)
Unloading 6399 unused Assets / (7.6 MB). Loaded Objects now: 7298.
Memory consumption went from 178.4 MB to 170.8 MB.
Total: 10.837100 ms (FindLiveObjects: 0.671900 ms CreateObjectMapping: 0.556500 ms MarkObjects: 6.300200 ms  DeleteObjects: 3.307200 ms)

Prepare: number of updated asset objects reloaded= 0
========================================================================
Received Import Request.
  Time since last request: 75.413545 seconds.
  path: Assets/Prefabs/Obstacle.prefab
  importAddress: Guid(383ae7706609c6643b9cfd0572a7c58e) Importer(815301076,1909f56bfc062723c751e8b465ee728b)
Start importing Assets/Prefabs/Obstacle.prefab using Guid(383ae7706609c6643b9cfd0572a7c58e) Importer(815301076,1909f56bfc062723c751e8b465ee728b) (PreviewImporter) -> (Import Result ID: 'd5afc45bd8e100405b2740ec41724806') in 0.4055424 seconds [static and dynamic dependencies]. Details - ImportResultOutputID=ac1c7f167ce8b8352a8c9465d18eb508 DependenciesID=112b713099ef76ec7677410afe533d07 StaticDependenciesID=204c0a08980e948024d529c11838283c 
Number of updated asset objects reloaded before import = 0Number of asset objects unloaded after import = 19

========================================================================
Received Prepare
Begin MonoManager ReloadAssembly
Assembly Assembly-CSharp-Editor-firstpass.dll at Library/ScriptAssemblies/Assembly-CSharp-Editor-firstpass.dll not valid. Loading of assembly skipped.
Assembly Assembly-CSharp-firstpass.dll at Library/ScriptAssemblies/Assembly-CSharp-firstpass.dll not valid. Loading of assembly skipped.
Assembly DocCodeExamples.dll at Library/ScriptAssemblies/DocCodeExamples.dll not valid. Loading of assembly skipped.
Assembly TestNewCustomAssembly.dll at Library/ScriptAssemblies/TestNewCustomAssembly.dll not valid. Loading of assembly skipped.
Assembly Unity.Collections.BurstCompatibilityGen.dll at Library/ScriptAssemblies/Unity.Collections.BurstCompatibilityGen.dll not valid. Loading of assembly skipped.
Assembly Unity.Collections.DocCodeSamples.dll at Library/ScriptAssemblies/Unity.Collections.DocCodeSamples.dll not valid. Loading of assembly skipped.
Assembly Unity.Collections.PerformanceTests.dll at Library/ScriptAssemblies/Unity.Collections.PerformanceTests.dll not valid. Loading of assembly skipped.
Assembly Unity.Collections.Tests.dll at Library/ScriptAssemblies/Unity.Collections.Tests.dll not valid. Loading of assembly skipped.
Assembly Unity.Collections.Tests.Playmode.dll at Library/ScriptAssemblies/Unity.Collections.Tests.Playmode.dll not valid. Loading of assembly skipped.
Assembly Unity.InputSystem.IntegrationTests.dll at Library/ScriptAssemblies/Unity.InputSystem.IntegrationTests.dll not valid. Loading of assembly skipped.
Assembly Unity.Mathematics.Tests.dll at Library/ScriptAssemblies/Unity.Mathematics.Tests.dll not valid. Loading of assembly skipped.
Assembly Unity.Multiplayer.Center.Editor.Tests.dll at Library/ScriptAssemblies/Unity.Multiplayer.Center.Editor.Tests.dll not valid. Loading of assembly skipped.
Assembly Unity.Multiplayer.Center.Tests.dll at Library/ScriptAssemblies/Unity.Multiplayer.Center.Tests.dll not valid. Loading of assembly skipped.
Assembly Unity.Nuget.Mono-Cecil.dll at Library/ScriptAssemblies/Unity.Nuget.Mono-Cecil.dll not valid. Loading of assembly skipped.
Assembly Unity.PathTracing.Editor.Tests.dll at Library/ScriptAssemblies/Unity.PathTracing.Editor.Tests.dll not valid. Loading of assembly skipped.
Assembly Unity.PathTracing.Runtime.Tests.dll at Library/ScriptAssemblies/Unity.PathTracing.Runtime.Tests.dll not valid. Loading of assembly skipped.
Assembly Unity.Postprocessing.Editor.Tests.dll at Library/ScriptAssemblies/Unity.Postprocessing.Editor.Tests.dll not valid. Loading of assembly skipped.
Assembly Unity.Postprocessing.Runtime.Tests.dll at Library/ScriptAssemblies/Unity.Postprocessing.Runtime.Tests.dll not valid. Loading of assembly skipped.
Assembly Unity.RenderPipelines.Core.Editor.Tests.dll at Library/ScriptAssemblies/Unity.RenderPipelines.Core.Editor.Tests.dll not valid. Loading of assembly skipped.
Assembly Unity.RenderPipelines.Core.Runtime.Tests.dll at Library/ScriptAssemblies/Unity.RenderPipelines.Core.Runtime.Tests.dll not valid. Loading of assembly skipped.
Assembly Unity.RenderPipelines.Universal.Config.Editor.Tests.dll at Library/ScriptAssemblies/Unity.RenderPipelines.Universal.Config.Editor.Tests.dll not valid. Loading of assembly skipped.
Assembly Unity.RenderPipelines.Universal.Editor.Tests.dll at Library/ScriptAssemblies/Unity.RenderPipelines.Universal.Editor.Tests.dll not valid. Loading of assembly skipped.
Assembly Unity.RenderPipelines.Universal.Runtime.Tests.dll at Library/ScriptAssemblies/Unity.RenderPipelines.Universal.Runtime.Tests.dll not valid. Loading of assembly skipped.
Assembly Unity.Searcher.EditorTests.dll at Library/ScriptAssemblies/Unity.Searcher.EditorTests.dll not valid. Loading of assembly skipped.
Assembly Unity.ShaderGraph.Editor.Tests.dll at Library/ScriptAssemblies/Unity.ShaderGraph.Editor.Tests.dll not valid. Loading of assembly skipped.
Assembly Unity.TextMeshPro.Editor.Tests.dll at Library/ScriptAssemblies/Unity.TextMeshPro.Editor.Tests.dll not valid. Loading of assembly skipped.
Assembly Unity.TextMeshPro.Tests.dll at Library/ScriptAssemblies/Unity.TextMeshPro.Tests.dll not valid. Loading of assembly skipped.
Assembly Unity.UnifiedRayTracing.Editor.Tests.dll at Library/ScriptAssemblies/Unity.UnifiedRayTracing.Editor.Tests.dll not valid. Loading of assembly skipped.
Assembly UnityEditor.UI.Common.Tests.dll at Library/ScriptAssemblies/UnityEditor.UI.Common.Tests.dll not valid. Loading of assembly skipped.
Assembly UnityEditor.UI.EditorTests.dll at Library/ScriptAssemblies/UnityEditor.UI.EditorTests.dll not valid. Loading of assembly skipped.
Assembly UnityEngine.UI.Tests.dll at Library/ScriptAssemblies/UnityEngine.UI.Tests.dll not valid. Loading of assembly skipped.
Native extension for WindowsStandalone target not found
Native extension for WebGL target not found
[Package Manager] Failed to launch server process. Reason: Unity was launched with the -noUpm command-line argument
[Package Manager] Unable to send message (not connected to server process).
[Package Manager] Cannot connect to Unity Package Manager local server
[Package Manager] Failed to launch server process. Reason: Unity was launched with the -noUpm command-line argument
[Package Manager] Unable to send message (not connected to server process).
[Package Manager] Cannot connect to Unity Package Manager local server
ScheduleIndexationOnStartup MainProcess:False IndexOnStartup:True
Mono: successfully reloaded assembly
- Finished resetting the current domain, in  0.706 seconds
Domain Reload Profiling: 1470ms
	BeginReloadAssembly (215ms)
		DisableScriptedObjects (19ms)
		CreateAndSetChildDomain (50ms)
	RebuildCommonClasses (31ms)
	RebuildNativeTypeToScriptingClass (10ms)
	initialDomainReloadingComplete (73ms)
	LoadAllAssembliesAndSetupDomain (434ms)
		LoadAssemblies (364ms)
		AnalyzeDomain (161ms)
			TypeCache.Refresh (5ms)
			BuildScriptInfoCaches (145ms)
			ResolveRequiredComponents (9ms)
	FinalizeReload (707ms)
		SetupLoadedEditorAssemblies (0ms)
			BeforeProcessingInitializeOnLoad (150ms)
			ProcessInitializeOnLoadAttributes (295ms)
			ProcessInitializeOnLoadMethodAttributes (81ms)
			AfterProcessingInitializeOnLoad (14ms)
		AwakeInstancesAfterBackupRestoration (21ms)
Unloading 36 Unused Serialized files (Serialized files now loaded: 0)
Unloading 6399 unused Assets / (7.5 MB). Loaded Objects now: 7321.
Memory consumption went from 178.3 MB to 170.8 MB.
Total: 8.857800 ms (FindLiveObjects: 0.653700 ms CreateObjectMapping: 0.438700 ms MarkObjects: 4.977000 ms  DeleteObjects: 2.787100 ms)

Prepare: number of updated asset objects reloaded= 0
========================================================================
Received Import Request.
  Time since last request: 166.884985 seconds.
  path: Assets/Prefabs/Obstacle.prefab
  importAddress: Guid(383ae7706609c6643b9cfd0572a7c58e) Importer(815301076,1909f56bfc062723c751e8b465ee728b)
Start importing Assets/Prefabs/Obstacle.prefab using Guid(383ae7706609c6643b9cfd0572a7c58e) Importer(815301076,1909f56bfc062723c751e8b465ee728b) (PreviewImporter) -> (Import Result ID: '73c1990797fee74afd9fe998593c7110') in 0.4126608 seconds [static and dynamic dependencies]. Details - ImportResultOutputID=ac1c7f167ce8b8352a8c9465d18eb508 DependenciesID=753c93962c46b3e66a1664d337862367 StaticDependenciesID=d4e01ec54238e29c7830d8fa843e752f 
Number of updated asset objects reloaded before import = 0Number of asset objects unloaded after import = 19

========================================================================
Received Prepare
Begin MonoManager ReloadAssembly
[Licensing::Client] Successfully resolved entitlement details
Assembly Assembly-CSharp-Editor-firstpass.dll at Library/ScriptAssemblies/Assembly-CSharp-Editor-firstpass.dll not valid. Loading of assembly skipped.
Assembly Assembly-CSharp-firstpass.dll at Library/ScriptAssemblies/Assembly-CSharp-firstpass.dll not valid. Loading of assembly skipped.
Assembly DocCodeExamples.dll at Library/ScriptAssemblies/DocCodeExamples.dll not valid. Loading of assembly skipped.
Assembly TestNewCustomAssembly.dll at Library/ScriptAssemblies/TestNewCustomAssembly.dll not valid. Loading of assembly skipped.
Assembly Unity.Collections.BurstCompatibilityGen.dll at Library/ScriptAssemblies/Unity.Collections.BurstCompatibilityGen.dll not valid. Loading of assembly skipped.
Assembly Unity.Collections.DocCodeSamples.dll at Library/ScriptAssemblies/Unity.Collections.DocCodeSamples.dll not valid. Loading of assembly skipped.
Assembly Unity.Collections.PerformanceTests.dll at Library/ScriptAssemblies/Unity.Collections.PerformanceTests.dll not valid. Loading of assembly skipped.
Assembly Unity.Collections.Tests.dll at Library/ScriptAssemblies/Unity.Collections.Tests.dll not valid. Loading of assembly skipped.
Assembly Unity.Collections.Tests.Playmode.dll at Library/ScriptAssemblies/Unity.Collections.Tests.Playmode.dll not valid. Loading of assembly skipped.
Assembly Unity.InputSystem.IntegrationTests.dll at Library/ScriptAssemblies/Unity.InputSystem.IntegrationTests.dll not valid. Loading of assembly skipped.
Assembly Unity.Mathematics.Tests.dll at Library/ScriptAssemblies/Unity.Mathematics.Tests.dll not valid. Loading of assembly skipped.
Assembly Unity.Multiplayer.Center.Editor.Tests.dll at Library/ScriptAssemblies/Unity.Multiplayer.Center.Editor.Tests.dll not valid. Loading of assembly skipped.
Assembly Unity.Multiplayer.Center.Tests.dll at Library/ScriptAssemblies/Unity.Multiplayer.Center.Tests.dll not valid. Loading of assembly skipped.
Assembly Unity.Nuget.Mono-Cecil.dll at Library/ScriptAssemblies/Unity.Nuget.Mono-Cecil.dll not valid. Loading of assembly skipped.
Assembly Unity.PathTracing.Editor.Tests.dll at Library/ScriptAssemblies/Unity.PathTracing.Editor.Tests.dll not valid. Loading of assembly skipped.
Assembly Unity.PathTracing.Runtime.Tests.dll at Library/ScriptAssemblies/Unity.PathTracing.Runtime.Tests.dll not valid. Loading of assembly skipped.
Assembly Unity.Postprocessing.Editor.Tests.dll at Library/ScriptAssemblies/Unity.Postprocessing.Editor.Tests.dll not valid. Loading of assembly skipped.
Assembly Unity.Postprocessing.Runtime.Tests.dll at Library/ScriptAssemblies/Unity.Postprocessing.Runtime.Tests.dll not valid. Loading of assembly skipped.
Assembly Unity.RenderPipelines.Core.Editor.Tests.dll at Library/ScriptAssemblies/Unity.RenderPipelines.Core.Editor.Tests.dll not valid. Loading of assembly skipped.
Assembly Unity.RenderPipelines.Core.Runtime.Tests.dll at Library/ScriptAssemblies/Unity.RenderPipelines.Core.Runtime.Tests.dll not valid. Loading of assembly skipped.
Assembly Unity.RenderPipelines.Universal.Config.Editor.Tests.dll at Library/ScriptAssemblies/Unity.RenderPipelines.Universal.Config.Editor.Tests.dll not valid. Loading of assembly skipped.
Assembly Unity.RenderPipelines.Universal.Editor.Tests.dll at Library/ScriptAssemblies/Unity.RenderPipelines.Universal.Editor.Tests.dll not valid. Loading of assembly skipped.
Assembly Unity.RenderPipelines.Universal.Runtime.Tests.dll at Library/ScriptAssemblies/Unity.RenderPipelines.Universal.Runtime.Tests.dll not valid. Loading of assembly skipped.
Assembly Unity.Searcher.EditorTests.dll at Library/ScriptAssemblies/Unity.Searcher.EditorTests.dll not valid. Loading of assembly skipped.
Assembly Unity.ShaderGraph.Editor.Tests.dll at Library/ScriptAssemblies/Unity.ShaderGraph.Editor.Tests.dll not valid. Loading of assembly skipped.
Assembly Unity.TextMeshPro.Editor.Tests.dll at Library/ScriptAssemblies/Unity.TextMeshPro.Editor.Tests.dll not valid. Loading of assembly skipped.
Assembly Unity.TextMeshPro.Tests.dll at Library/ScriptAssemblies/Unity.TextMeshPro.Tests.dll not valid. Loading of assembly skipped.
Assembly Unity.UnifiedRayTracing.Editor.Tests.dll at Library/ScriptAssemblies/Unity.UnifiedRayTracing.Editor.Tests.dll not valid. Loading of assembly skipped.
Assembly UnityEditor.UI.Common.Tests.dll at Library/ScriptAssemblies/UnityEditor.UI.Common.Tests.dll not valid. Loading of assembly skipped.
Assembly UnityEditor.UI.EditorTests.dll at Library/ScriptAssemblies/UnityEditor.UI.EditorTests.dll not valid. Loading of assembly skipped.
Assembly UnityEngine.UI.Tests.dll at Library/ScriptAssemblies/UnityEngine.UI.Tests.dll not valid. Loading of assembly skipped.
Native extension for WindowsStandalone target not found
Native extension for WebGL target not found
[Package Manager] Failed to launch server process. Reason: Unity was launched with the -noUpm command-line argument
[Package Manager] Unable to send message (not connected to server process).
[Package Manager] Cannot connect to Unity Package Manager local server
[Package Manager] Failed to launch server process. Reason: Unity was launched with the -noUpm command-line argument
[Package Manager] Unable to send message (not connected to server process).
[Package Manager] Cannot connect to Unity Package Manager local server
ScheduleIndexationOnStartup MainProcess:False IndexOnStartup:True
Mono: successfully reloaded assembly
- Finished resetting the current domain, in  0.681 seconds
Domain Reload Profiling: 1441ms
	BeginReloadAssembly (215ms)
		DisableScriptedObjects (20ms)
		CreateAndSetChildDomain (48ms)
	RebuildCommonClasses (33ms)
	RebuildNativeTypeToScriptingClass (11ms)
	initialDomainReloadingComplete (70ms)
	LoadAllAssembliesAndSetupDomain (430ms)
		LoadAssemblies (368ms)
		AnalyzeDomain (152ms)
			TypeCache.Refresh (5ms)
			BuildScriptInfoCaches (136ms)
			ResolveRequiredComponents (9ms)
	FinalizeReload (682ms)
		SetupLoadedEditorAssemblies (0ms)
			InitializePlatformSupportModulesInManaged (3ms)
			BeforeProcessingInitializeOnLoad (154ms)
			ProcessInitializeOnLoadAttributes (272ms)
			ProcessInitializeOnLoadMethodAttributes (72ms)
			AfterProcessingInitializeOnLoad (13ms)
		AwakeInstancesAfterBackupRestoration (20ms)
Unloading 36 Unused Serialized files (Serialized files now loaded: 0)
Unloading 6399 unused Assets / (6.9 MB). Loaded Objects now: 7344.
Memory consumption went from 178.4 MB to 171.4 MB.
Total: 10.114300 ms (FindLiveObjects: 0.669700 ms CreateObjectMapping: 0.554300 ms MarkObjects: 6.192100 ms  DeleteObjects: 2.697000 ms)

Prepare: number of updated asset objects reloaded= 0
========================================================================
Received Import Request.
  Time since last request: 92.610649 seconds.
  path: Assets/Prefabs/Obstacle.prefab
  importAddress: Guid(383ae7706609c6643b9cfd0572a7c58e) Importer(815301076,1909f56bfc062723c751e8b465ee728b)
Start importing Assets/Prefabs/Obstacle.prefab using Guid(383ae7706609c6643b9cfd0572a7c58e) Importer(815301076,1909f56bfc062723c751e8b465ee728b) (PreviewImporter) -> (Import Result ID: 'dc76414a4473502e14a198fd35749097') in 0.3879413 seconds [static and dynamic dependencies]. Details - ImportResultOutputID=ac1c7f167ce8b8352a8c9465d18eb508 DependenciesID=1734704d09c3c5f13faee0f6a964eee4 StaticDependenciesID=5fb01a3a0e852b504a9f8649659d68c6 
Number of updated asset objects reloaded before import = 0Number of asset objects unloaded after import = 11

========================================================================
Received Prepare
Begin MonoManager ReloadAssembly
[Licensing::Client] Successfully resolved entitlement details
Assembly Assembly-CSharp-Editor-firstpass.dll at Library/ScriptAssemblies/Assembly-CSharp-Editor-firstpass.dll not valid. Loading of assembly skipped.
Assembly Assembly-CSharp-firstpass.dll at Library/ScriptAssemblies/Assembly-CSharp-firstpass.dll not valid. Loading of assembly skipped.
Assembly DocCodeExamples.dll at Library/ScriptAssemblies/DocCodeExamples.dll not valid. Loading of assembly skipped.
Assembly TestNewCustomAssembly.dll at Library/ScriptAssemblies/TestNewCustomAssembly.dll not valid. Loading of assembly skipped.
Assembly Unity.Collections.BurstCompatibilityGen.dll at Library/ScriptAssemblies/Unity.Collections.BurstCompatibilityGen.dll not valid. Loading of assembly skipped.
Assembly Unity.Collections.DocCodeSamples.dll at Library/ScriptAssemblies/Unity.Collections.DocCodeSamples.dll not valid. Loading of assembly skipped.
Assembly Unity.Collections.PerformanceTests.dll at Library/ScriptAssemblies/Unity.Collections.PerformanceTests.dll not valid. Loading of assembly skipped.
Assembly Unity.Collections.Tests.dll at Library/ScriptAssemblies/Unity.Collections.Tests.dll not valid. Loading of assembly skipped.
Assembly Unity.Collections.Tests.Playmode.dll at Library/ScriptAssemblies/Unity.Collections.Tests.Playmode.dll not valid. Loading of assembly skipped.
Assembly Unity.InputSystem.IntegrationTests.dll at Library/ScriptAssemblies/Unity.InputSystem.IntegrationTests.dll not valid. Loading of assembly skipped.
Assembly Unity.Mathematics.Tests.dll at Library/ScriptAssemblies/Unity.Mathematics.Tests.dll not valid. Loading of assembly skipped.
Assembly Unity.Multiplayer.Center.Editor.Tests.dll at Library/ScriptAssemblies/Unity.Multiplayer.Center.Editor.Tests.dll not valid. Loading of assembly skipped.
Assembly Unity.Multiplayer.Center.Tests.dll at Library/ScriptAssemblies/Unity.Multiplayer.Center.Tests.dll not valid. Loading of assembly skipped.
Assembly Unity.Nuget.Mono-Cecil.dll at Library/ScriptAssemblies/Unity.Nuget.Mono-Cecil.dll not valid. Loading of assembly skipped.
Assembly Unity.PathTracing.Editor.Tests.dll at Library/ScriptAssemblies/Unity.PathTracing.Editor.Tests.dll not valid. Loading of assembly skipped.
Assembly Unity.PathTracing.Runtime.Tests.dll at Library/ScriptAssemblies/Unity.PathTracing.Runtime.Tests.dll not valid. Loading of assembly skipped.
Assembly Unity.Postprocessing.Editor.Tests.dll at Library/ScriptAssemblies/Unity.Postprocessing.Editor.Tests.dll not valid. Loading of assembly skipped.
Assembly Unity.Postprocessing.Runtime.Tests.dll at Library/ScriptAssemblies/Unity.Postprocessing.Runtime.Tests.dll not valid. Loading of assembly skipped.
Assembly Unity.RenderPipelines.Core.Editor.Tests.dll at Library/ScriptAssemblies/Unity.RenderPipelines.Core.Editor.Tests.dll not valid. Loading of assembly skipped.
Assembly Unity.RenderPipelines.Core.Runtime.Tests.dll at Library/ScriptAssemblies/Unity.RenderPipelines.Core.Runtime.Tests.dll not valid. Loading of assembly skipped.
Assembly Unity.RenderPipelines.Universal.Config.Editor.Tests.dll at Library/ScriptAssemblies/Unity.RenderPipelines.Universal.Config.Editor.Tests.dll not valid. Loading of assembly skipped.
Assembly Unity.RenderPipelines.Universal.Editor.Tests.dll at Library/ScriptAssemblies/Unity.RenderPipelines.Universal.Editor.Tests.dll not valid. Loading of assembly skipped.
Assembly Unity.RenderPipelines.Universal.Runtime.Tests.dll at Library/ScriptAssemblies/Unity.RenderPipelines.Universal.Runtime.Tests.dll not valid. Loading of assembly skipped.
Assembly Unity.Searcher.EditorTests.dll at Library/ScriptAssemblies/Unity.Searcher.EditorTests.dll not valid. Loading of assembly skipped.
Assembly Unity.ShaderGraph.Editor.Tests.dll at Library/ScriptAssemblies/Unity.ShaderGraph.Editor.Tests.dll not valid. Loading of assembly skipped.
Assembly Unity.TextMeshPro.Editor.Tests.dll at Library/ScriptAssemblies/Unity.TextMeshPro.Editor.Tests.dll not valid. Loading of assembly skipped.
Assembly Unity.TextMeshPro.Tests.dll at Library/ScriptAssemblies/Unity.TextMeshPro.Tests.dll not valid. Loading of assembly skipped.
Assembly Unity.UnifiedRayTracing.Editor.Tests.dll at Library/ScriptAssemblies/Unity.UnifiedRayTracing.Editor.Tests.dll not valid. Loading of assembly skipped.
Assembly UnityEditor.UI.Common.Tests.dll at Library/ScriptAssemblies/UnityEditor.UI.Common.Tests.dll not valid. Loading of assembly skipped.
Assembly UnityEditor.UI.EditorTests.dll at Library/ScriptAssemblies/UnityEditor.UI.EditorTests.dll not valid. Loading of assembly skipped.
Assembly UnityEngine.UI.Tests.dll at Library/ScriptAssemblies/UnityEngine.UI.Tests.dll not valid. Loading of assembly skipped.
Native extension for WindowsStandalone target not found
Native extension for WebGL target not found
[Package Manager] Failed to launch server process. Reason: Unity was launched with the -noUpm command-line argument
[Package Manager] Unable to send message (not connected to server process).
[Package Manager] Cannot connect to Unity Package Manager local server
[Package Manager] Failed to launch server process. Reason: Unity was launched with the -noUpm command-line argument
[Package Manager] Unable to send message (not connected to server process).
[Package Manager] Cannot connect to Unity Package Manager local server
ScheduleIndexationOnStartup MainProcess:False IndexOnStartup:True
Mono: successfully reloaded assembly
- Finished resetting the current domain, in  0.720 seconds
Domain Reload Profiling: 1495ms
	BeginReloadAssembly (219ms)
		DisableScriptedObjects (18ms)
		CreateAndSetChildDomain (46ms)
	RebuildCommonClasses (33ms)
	RebuildNativeTypeToScriptingClass (10ms)
	initialDomainReloadingComplete (74ms)
	LoadAllAssembliesAndSetupDomain (438ms)
		LoadAssemblies (373ms)
		AnalyzeDomain (160ms)
			TypeCache.Refresh (6ms)
			BuildScriptInfoCaches (143ms)
			ResolveRequiredComponents (10ms)
	FinalizeReload (721ms)
		SetupLoadedEditorAssemblies (0ms)
			BeforeProcessingInitializeOnLoad (153ms)
			ProcessInitializeOnLoadAttributes (301ms)
			ProcessInitializeOnLoadMethodAttributes (85ms)
			AfterProcessingInitializeOnLoad (15ms)
		AwakeInstancesAfterBackupRestoration (22ms)
Unloading 36 Unused Serialized files (Serialized files now loaded: 0)
Unloading 6399 unused Assets / (7.2 MB). Loaded Objects now: 7367.
Memory consumption went from 178.4 MB to 171.2 MB.
Total: 8.955500 ms (FindLiveObjects: 0.747500 ms CreateObjectMapping: 0.409200 ms MarkObjects: 5.219400 ms  DeleteObjects: 2.577600 ms)

Prepare: number of updated asset objects reloaded= 0
========================================================================
Received Prepare
Begin MonoManager ReloadAssembly
[Licensing::Client] Successfully resolved entitlement details
Assembly Assembly-CSharp-Editor-firstpass.dll at Library/ScriptAssemblies/Assembly-CSharp-Editor-firstpass.dll not valid. Loading of assembly skipped.
Assembly Assembly-CSharp-firstpass.dll at Library/ScriptAssemblies/Assembly-CSharp-firstpass.dll not valid. Loading of assembly skipped.
Assembly DocCodeExamples.dll at Library/ScriptAssemblies/DocCodeExamples.dll not valid. Loading of assembly skipped.
Assembly TestNewCustomAssembly.dll at Library/ScriptAssemblies/TestNewCustomAssembly.dll not valid. Loading of assembly skipped.
Assembly Unity.Collections.BurstCompatibilityGen.dll at Library/ScriptAssemblies/Unity.Collections.BurstCompatibilityGen.dll not valid. Loading of assembly skipped.
Assembly Unity.Collections.DocCodeSamples.dll at Library/ScriptAssemblies/Unity.Collections.DocCodeSamples.dll not valid. Loading of assembly skipped.
Assembly Unity.Collections.PerformanceTests.dll at Library/ScriptAssemblies/Unity.Collections.PerformanceTests.dll not valid. Loading of assembly skipped.
Assembly Unity.Collections.Tests.dll at Library/ScriptAssemblies/Unity.Collections.Tests.dll not valid. Loading of assembly skipped.
Assembly Unity.Collections.Tests.Playmode.dll at Library/ScriptAssemblies/Unity.Collections.Tests.Playmode.dll not valid. Loading of assembly skipped.
Assembly Unity.InputSystem.IntegrationTests.dll at Library/ScriptAssemblies/Unity.InputSystem.IntegrationTests.dll not valid. Loading of assembly skipped.
Assembly Unity.Mathematics.Tests.dll at Library/ScriptAssemblies/Unity.Mathematics.Tests.dll not valid. Loading of assembly skipped.
Assembly Unity.Multiplayer.Center.Editor.Tests.dll at Library/ScriptAssemblies/Unity.Multiplayer.Center.Editor.Tests.dll not valid. Loading of assembly skipped.
Assembly Unity.Multiplayer.Center.Tests.dll at Library/ScriptAssemblies/Unity.Multiplayer.Center.Tests.dll not valid. Loading of assembly skipped.
Assembly Unity.Nuget.Mono-Cecil.dll at Library/ScriptAssemblies/Unity.Nuget.Mono-Cecil.dll not valid. Loading of assembly skipped.
Assembly Unity.PathTracing.Editor.Tests.dll at Library/ScriptAssemblies/Unity.PathTracing.Editor.Tests.dll not valid. Loading of assembly skipped.
Assembly Unity.PathTracing.Runtime.Tests.dll at Library/ScriptAssemblies/Unity.PathTracing.Runtime.Tests.dll not valid. Loading of assembly skipped.
Assembly Unity.Postprocessing.Editor.Tests.dll at Library/ScriptAssemblies/Unity.Postprocessing.Editor.Tests.dll not valid. Loading of assembly skipped.
Assembly Unity.Postprocessing.Runtime.Tests.dll at Library/ScriptAssemblies/Unity.Postprocessing.Runtime.Tests.dll not valid. Loading of assembly skipped.
Assembly Unity.RenderPipelines.Core.Editor.Tests.dll at Library/ScriptAssemblies/Unity.RenderPipelines.Core.Editor.Tests.dll not valid. Loading of assembly skipped.
Assembly Unity.RenderPipelines.Core.Runtime.Tests.dll at Library/ScriptAssemblies/Unity.RenderPipelines.Core.Runtime.Tests.dll not valid. Loading of assembly skipped.
Assembly Unity.RenderPipelines.Universal.Config.Editor.Tests.dll at Library/ScriptAssemblies/Unity.RenderPipelines.Universal.Config.Editor.Tests.dll not valid. Loading of assembly skipped.
Assembly Unity.RenderPipelines.Universal.Editor.Tests.dll at Library/ScriptAssemblies/Unity.RenderPipelines.Universal.Editor.Tests.dll not valid. Loading of assembly skipped.
Assembly Unity.RenderPipelines.Universal.Runtime.Tests.dll at Library/ScriptAssemblies/Unity.RenderPipelines.Universal.Runtime.Tests.dll not valid. Loading of assembly skipped.
Assembly Unity.Searcher.EditorTests.dll at Library/ScriptAssemblies/Unity.Searcher.EditorTests.dll not valid. Loading of assembly skipped.
Assembly Unity.ShaderGraph.Editor.Tests.dll at Library/ScriptAssemblies/Unity.ShaderGraph.Editor.Tests.dll not valid. Loading of assembly skipped.
Assembly Unity.TextMeshPro.Editor.Tests.dll at Library/ScriptAssemblies/Unity.TextMeshPro.Editor.Tests.dll not valid. Loading of assembly skipped.
Assembly Unity.TextMeshPro.Tests.dll at Library/ScriptAssemblies/Unity.TextMeshPro.Tests.dll not valid. Loading of assembly skipped.
Assembly Unity.UnifiedRayTracing.Editor.Tests.dll at Library/ScriptAssemblies/Unity.UnifiedRayTracing.Editor.Tests.dll not valid. Loading of assembly skipped.
Assembly UnityEditor.UI.Common.Tests.dll at Library/ScriptAssemblies/UnityEditor.UI.Common.Tests.dll not valid. Loading of assembly skipped.
Assembly UnityEditor.UI.EditorTests.dll at Library/ScriptAssemblies/UnityEditor.UI.EditorTests.dll not valid. Loading of assembly skipped.
Assembly UnityEngine.UI.Tests.dll at Library/ScriptAssemblies/UnityEngine.UI.Tests.dll not valid. Loading of assembly skipped.
Native extension for WindowsStandalone target not found
Native extension for WebGL target not found
[Package Manager] Failed to launch server process. Reason: Unity was launched with the -noUpm command-line argument
[Package Manager] Unable to send message (not connected to server process).
[Package Manager] Cannot connect to Unity Package Manager local server
[Package Manager] Failed to launch server process. Reason: Unity was launched with the -noUpm command-line argument
[Package Manager] Unable to send message (not connected to server process).
[Package Manager] Cannot connect to Unity Package Manager local server
ScheduleIndexationOnStartup MainProcess:False IndexOnStartup:True
Mono: successfully reloaded assembly
- Finished resetting the current domain, in  0.624 seconds
Domain Reload Profiling: 1426ms
	BeginReloadAssembly (219ms)
		DisableScriptedObjects (6ms)
		CreateAndSetChildDomain (42ms)
	RebuildCommonClasses (40ms)
	RebuildNativeTypeToScriptingClass (12ms)
	initialDomainReloadingComplete (77ms)
	LoadAllAssembliesAndSetupDomain (453ms)
		LoadAssemblies (392ms)
		AnalyzeDomain (167ms)
			TypeCache.Refresh (8ms)
			BuildScriptInfoCaches (147ms)
			ResolveRequiredComponents (10ms)
	FinalizeReload (625ms)
		SetupLoadedEditorAssemblies (0ms)
			BeforeProcessingInitializeOnLoad (143ms)
			ProcessInitializeOnLoadAttributes (241ms)
			ProcessInitializeOnLoadMethodAttributes (60ms)
			AfterProcessingInitializeOnLoad (12ms)
		AwakeInstancesAfterBackupRestoration (17ms)
Unloading 36 Unused Serialized files (Serialized files now loaded: 0)
Unloading 6398 unused Assets / (8.3 MB). Loaded Objects now: 7370.
Memory consumption went from 181.9 MB to 173.6 MB.
Total: 9.966800 ms (FindLiveObjects: 1.076100 ms CreateObjectMapping: 0.831600 ms MarkObjects: 4.651400 ms  DeleteObjects: 3.406800 ms)

Prepare: number of updated asset objects reloaded= 0
========================================================================
Received Prepare
Begin MonoManager ReloadAssembly
Assembly Assembly-CSharp-Editor-firstpass.dll at Library/ScriptAssemblies/Assembly-CSharp-Editor-firstpass.dll not valid. Loading of assembly skipped.
Assembly Assembly-CSharp-firstpass.dll at Library/ScriptAssemblies/Assembly-CSharp-firstpass.dll not valid. Loading of assembly skipped.
Assembly DocCodeExamples.dll at Library/ScriptAssemblies/DocCodeExamples.dll not valid. Loading of assembly skipped.
Assembly TestNewCustomAssembly.dll at Library/ScriptAssemblies/TestNewCustomAssembly.dll not valid. Loading of assembly skipped.
Assembly Unity.Collections.BurstCompatibilityGen.dll at Library/ScriptAssemblies/Unity.Collections.BurstCompatibilityGen.dll not valid. Loading of assembly skipped.
Assembly Unity.Collections.DocCodeSamples.dll at Library/ScriptAssemblies/Unity.Collections.DocCodeSamples.dll not valid. Loading of assembly skipped.
Assembly Unity.Collections.PerformanceTests.dll at Library/ScriptAssemblies/Unity.Collections.PerformanceTests.dll not valid. Loading of assembly skipped.
Assembly Unity.Collections.Tests.dll at Library/ScriptAssemblies/Unity.Collections.Tests.dll not valid. Loading of assembly skipped.
Assembly Unity.Collections.Tests.Playmode.dll at Library/ScriptAssemblies/Unity.Collections.Tests.Playmode.dll not valid. Loading of assembly skipped.
Assembly Unity.InputSystem.IntegrationTests.dll at Library/ScriptAssemblies/Unity.InputSystem.IntegrationTests.dll not valid. Loading of assembly skipped.
Assembly Unity.Mathematics.Tests.dll at Library/ScriptAssemblies/Unity.Mathematics.Tests.dll not valid. Loading of assembly skipped.
Assembly Unity.Multiplayer.Center.Editor.Tests.dll at Library/ScriptAssemblies/Unity.Multiplayer.Center.Editor.Tests.dll not valid. Loading of assembly skipped.
Assembly Unity.Multiplayer.Center.Tests.dll at Library/ScriptAssemblies/Unity.Multiplayer.Center.Tests.dll not valid. Loading of assembly skipped.
Assembly Unity.Nuget.Mono-Cecil.dll at Library/ScriptAssemblies/Unity.Nuget.Mono-Cecil.dll not valid. Loading of assembly skipped.
Assembly Unity.PathTracing.Editor.Tests.dll at Library/ScriptAssemblies/Unity.PathTracing.Editor.Tests.dll not valid. Loading of assembly skipped.
Assembly Unity.PathTracing.Runtime.Tests.dll at Library/ScriptAssemblies/Unity.PathTracing.Runtime.Tests.dll not valid. Loading of assembly skipped.
Assembly Unity.Postprocessing.Editor.Tests.dll at Library/ScriptAssemblies/Unity.Postprocessing.Editor.Tests.dll not valid. Loading of assembly skipped.
Assembly Unity.Postprocessing.Runtime.Tests.dll at Library/ScriptAssemblies/Unity.Postprocessing.Runtime.Tests.dll not valid. Loading of assembly skipped.
Assembly Unity.RenderPipelines.Core.Editor.Tests.dll at Library/ScriptAssemblies/Unity.RenderPipelines.Core.Editor.Tests.dll not valid. Loading of assembly skipped.
Assembly Unity.RenderPipelines.Core.Runtime.Tests.dll at Library/ScriptAssemblies/Unity.RenderPipelines.Core.Runtime.Tests.dll not valid. Loading of assembly skipped.
Assembly Unity.RenderPipelines.Universal.Config.Editor.Tests.dll at Library/ScriptAssemblies/Unity.RenderPipelines.Universal.Config.Editor.Tests.dll not valid. Loading of assembly skipped.
Assembly Unity.RenderPipelines.Universal.Editor.Tests.dll at Library/ScriptAssemblies/Unity.RenderPipelines.Universal.Editor.Tests.dll not valid. Loading of assembly skipped.
Assembly Unity.RenderPipelines.Universal.Runtime.Tests.dll at Library/ScriptAssemblies/Unity.RenderPipelines.Universal.Runtime.Tests.dll not valid. Loading of assembly skipped.
Assembly Unity.Searcher.EditorTests.dll at Library/ScriptAssemblies/Unity.Searcher.EditorTests.dll not valid. Loading of assembly skipped.
Assembly Unity.ShaderGraph.Editor.Tests.dll at Library/ScriptAssemblies/Unity.ShaderGraph.Editor.Tests.dll not valid. Loading of assembly skipped.
Assembly Unity.TextMeshPro.Editor.Tests.dll at Library/ScriptAssemblies/Unity.TextMeshPro.Editor.Tests.dll not valid. Loading of assembly skipped.
Assembly Unity.TextMeshPro.Tests.dll at Library/ScriptAssemblies/Unity.TextMeshPro.Tests.dll not valid. Loading of assembly skipped.
Assembly Unity.UnifiedRayTracing.Editor.Tests.dll at Library/ScriptAssemblies/Unity.UnifiedRayTracing.Editor.Tests.dll not valid. Loading of assembly skipped.
Assembly UnityEditor.UI.Common.Tests.dll at Library/ScriptAssemblies/UnityEditor.UI.Common.Tests.dll not valid. Loading of assembly skipped.
Assembly UnityEditor.UI.EditorTests.dll at Library/ScriptAssemblies/UnityEditor.UI.EditorTests.dll not valid. Loading of assembly skipped.
Assembly UnityEngine.UI.Tests.dll at Library/ScriptAssemblies/UnityEngine.UI.Tests.dll not valid. Loading of assembly skipped.
Native extension for WindowsStandalone target not found
Native extension for WebGL target not found
[Package Manager] Failed to launch server process. Reason: Unity was launched with the -noUpm command-line argument
[Package Manager] Unable to send message (not connected to server process).
[Package Manager] Cannot connect to Unity Package Manager local server
[Package Manager] Failed to launch server process. Reason: Unity was launched with the -noUpm command-line argument
[Package Manager] Unable to send message (not connected to server process).
[Package Manager] Cannot connect to Unity Package Manager local server
ScheduleIndexationOnStartup MainProcess:False IndexOnStartup:True
Mono: successfully reloaded assembly
- Finished resetting the current domain, in  0.720 seconds
Domain Reload Profiling: 1476ms
	BeginReloadAssembly (198ms)
		DisableScriptedObjects (5ms)
		CreateAndSetChildDomain (41ms)
	RebuildCommonClasses (36ms)
	RebuildNativeTypeToScriptingClass (11ms)
	initialDomainReloadingComplete (72ms)
	LoadAllAssembliesAndSetupDomain (439ms)
		LoadAssemblies (371ms)
		AnalyzeDomain (161ms)
			TypeCache.Refresh (6ms)
			BuildScriptInfoCaches (144ms)
			ResolveRequiredComponents (9ms)
	FinalizeReload (720ms)
		SetupLoadedEditorAssemblies (0ms)
			BeforeProcessingInitializeOnLoad (154ms)
			ProcessInitializeOnLoadAttributes (296ms)
			ProcessInitializeOnLoadMethodAttributes (76ms)
			AfterProcessingInitializeOnLoad (15ms)
		AwakeInstancesAfterBackupRestoration (21ms)
Unloading 36 Unused Serialized files (Serialized files now loaded: 0)
Unloading 6398 unused Assets / (7.9 MB). Loaded Objects now: 7373.
Memory consumption went from 185.7 MB to 177.8 MB.
Total: 10.389100 ms (FindLiveObjects: 0.833400 ms CreateObjectMapping: 0.851000 ms MarkObjects: 5.158200 ms  DeleteObjects: 3.545400 ms)

Prepare: number of updated asset objects reloaded= 0
========================================================================
Received Prepare
Begin MonoManager ReloadAssembly
[Licensing::Client] Successfully resolved entitlement details
Assembly Assembly-CSharp-Editor-firstpass.dll at Library/ScriptAssemblies/Assembly-CSharp-Editor-firstpass.dll not valid. Loading of assembly skipped.
Assembly Assembly-CSharp-firstpass.dll at Library/ScriptAssemblies/Assembly-CSharp-firstpass.dll not valid. Loading of assembly skipped.
Assembly DocCodeExamples.dll at Library/ScriptAssemblies/DocCodeExamples.dll not valid. Loading of assembly skipped.
Assembly TestNewCustomAssembly.dll at Library/ScriptAssemblies/TestNewCustomAssembly.dll not valid. Loading of assembly skipped.
Assembly Unity.Collections.BurstCompatibilityGen.dll at Library/ScriptAssemblies/Unity.Collections.BurstCompatibilityGen.dll not valid. Loading of assembly skipped.
Assembly Unity.Collections.DocCodeSamples.dll at Library/ScriptAssemblies/Unity.Collections.DocCodeSamples.dll not valid. Loading of assembly skipped.
Assembly Unity.Collections.PerformanceTests.dll at Library/ScriptAssemblies/Unity.Collections.PerformanceTests.dll not valid. Loading of assembly skipped.
Assembly Unity.Collections.Tests.dll at Library/ScriptAssemblies/Unity.Collections.Tests.dll not valid. Loading of assembly skipped.
Assembly Unity.Collections.Tests.Playmode.dll at Library/ScriptAssemblies/Unity.Collections.Tests.Playmode.dll not valid. Loading of assembly skipped.
Assembly Unity.InputSystem.IntegrationTests.dll at Library/ScriptAssemblies/Unity.InputSystem.IntegrationTests.dll not valid. Loading of assembly skipped.
Assembly Unity.Mathematics.Tests.dll at Library/ScriptAssemblies/Unity.Mathematics.Tests.dll not valid. Loading of assembly skipped.
Assembly Unity.Multiplayer.Center.Editor.Tests.dll at Library/ScriptAssemblies/Unity.Multiplayer.Center.Editor.Tests.dll not valid. Loading of assembly skipped.
Assembly Unity.Multiplayer.Center.Tests.dll at Library/ScriptAssemblies/Unity.Multiplayer.Center.Tests.dll not valid. Loading of assembly skipped.
Assembly Unity.Nuget.Mono-Cecil.dll at Library/ScriptAssemblies/Unity.Nuget.Mono-Cecil.dll not valid. Loading of assembly skipped.
Assembly Unity.PathTracing.Editor.Tests.dll at Library/ScriptAssemblies/Unity.PathTracing.Editor.Tests.dll not valid. Loading of assembly skipped.
Assembly Unity.PathTracing.Runtime.Tests.dll at Library/ScriptAssemblies/Unity.PathTracing.Runtime.Tests.dll not valid. Loading of assembly skipped.
Assembly Unity.Postprocessing.Editor.Tests.dll at Library/ScriptAssemblies/Unity.Postprocessing.Editor.Tests.dll not valid. Loading of assembly skipped.
Assembly Unity.Postprocessing.Runtime.Tests.dll at Library/ScriptAssemblies/Unity.Postprocessing.Runtime.Tests.dll not valid. Loading of assembly skipped.
Assembly Unity.RenderPipelines.Core.Editor.Tests.dll at Library/ScriptAssemblies/Unity.RenderPipelines.Core.Editor.Tests.dll not valid. Loading of assembly skipped.
Assembly Unity.RenderPipelines.Core.Runtime.Tests.dll at Library/ScriptAssemblies/Unity.RenderPipelines.Core.Runtime.Tests.dll not valid. Loading of assembly skipped.
Assembly Unity.RenderPipelines.Universal.Config.Editor.Tests.dll at Library/ScriptAssemblies/Unity.RenderPipelines.Universal.Config.Editor.Tests.dll not valid. Loading of assembly skipped.
Assembly Unity.RenderPipelines.Universal.Editor.Tests.dll at Library/ScriptAssemblies/Unity.RenderPipelines.Universal.Editor.Tests.dll not valid. Loading of assembly skipped.
Assembly Unity.RenderPipelines.Universal.Runtime.Tests.dll at Library/ScriptAssemblies/Unity.RenderPipelines.Universal.Runtime.Tests.dll not valid. Loading of assembly skipped.
Assembly Unity.Searcher.EditorTests.dll at Library/ScriptAssemblies/Unity.Searcher.EditorTests.dll not valid. Loading of assembly skipped.
Assembly Unity.ShaderGraph.Editor.Tests.dll at Library/ScriptAssemblies/Unity.ShaderGraph.Editor.Tests.dll not valid. Loading of assembly skipped.
Assembly Unity.TextMeshPro.Editor.Tests.dll at Library/ScriptAssemblies/Unity.TextMeshPro.Editor.Tests.dll not valid. Loading of assembly skipped.
Assembly Unity.TextMeshPro.Tests.dll at Library/ScriptAssemblies/Unity.TextMeshPro.Tests.dll not valid. Loading of assembly skipped.
Assembly Unity.UnifiedRayTracing.Editor.Tests.dll at Library/ScriptAssemblies/Unity.UnifiedRayTracing.Editor.Tests.dll not valid. Loading of assembly skipped.
Assembly UnityEditor.UI.Common.Tests.dll at Library/ScriptAssemblies/UnityEditor.UI.Common.Tests.dll not valid. Loading of assembly skipped.
Assembly UnityEditor.UI.EditorTests.dll at Library/ScriptAssemblies/UnityEditor.UI.EditorTests.dll not valid. Loading of assembly skipped.
Assembly UnityEngine.UI.Tests.dll at Library/ScriptAssemblies/UnityEngine.UI.Tests.dll not valid. Loading of assembly skipped.
Native extension for WindowsStandalone target not found
Native extension for WebGL target not found
[Package Manager] Failed to launch server process. Reason: Unity was launched with the -noUpm command-line argument
[Package Manager] Unable to send message (not connected to server process).
[Package Manager] Cannot connect to Unity Package Manager local server
[Package Manager] Failed to launch server process. Reason: Unity was launched with the -noUpm command-line argument
[Package Manager] Unable to send message (not connected to server process).
[Package Manager] Cannot connect to Unity Package Manager local server
ScheduleIndexationOnStartup MainProcess:False IndexOnStartup:True
Mono: successfully reloaded assembly
- Finished resetting the current domain, in  0.630 seconds
Domain Reload Profiling: 1376ms
	BeginReloadAssembly (197ms)
		DisableScriptedObjects (5ms)
		CreateAndSetChildDomain (39ms)
	RebuildCommonClasses (33ms)
	RebuildNativeTypeToScriptingClass (11ms)
	initialDomainReloadingComplete (73ms)
	LoadAllAssembliesAndSetupDomain (432ms)
		LoadAssemblies (366ms)
		AnalyzeDomain (159ms)
			TypeCache.Refresh (8ms)
			BuildScriptInfoCaches (140ms)
			ResolveRequiredComponents (9ms)
	FinalizeReload (631ms)
		SetupLoadedEditorAssemblies (0ms)
			InitializePlatformSupportModulesInManaged (3ms)
			BeforeProcessingInitializeOnLoad (152ms)
			ProcessInitializeOnLoadAttributes (242ms)
			ProcessInitializeOnLoadMethodAttributes (62ms)
			AfterProcessingInitializeOnLoad (12ms)
		AwakeInstancesAfterBackupRestoration (17ms)
Unloading 36 Unused Serialized files (Serialized files now loaded: 0)
Unloading 6398 unused Assets / (7.1 MB). Loaded Objects now: 7376.
Memory consumption went from 189.4 MB to 182.4 MB.
Total: 7.205800 ms (FindLiveObjects: 0.627500 ms CreateObjectMapping: 0.327600 ms MarkObjects: 4.249700 ms  DeleteObjects: 2.000000 ms)

Prepare: number of updated asset objects reloaded= 0
========================================================================
Received Prepare
Begin MonoManager ReloadAssembly
Assembly Assembly-CSharp-Editor-firstpass.dll at Library/ScriptAssemblies/Assembly-CSharp-Editor-firstpass.dll not valid. Loading of assembly skipped.
Assembly Assembly-CSharp-firstpass.dll at Library/ScriptAssemblies/Assembly-CSharp-firstpass.dll not valid. Loading of assembly skipped.
Assembly DocCodeExamples.dll at Library/ScriptAssemblies/DocCodeExamples.dll not valid. Loading of assembly skipped.
Assembly TestNewCustomAssembly.dll at Library/ScriptAssemblies/TestNewCustomAssembly.dll not valid. Loading of assembly skipped.
Assembly Unity.Collections.BurstCompatibilityGen.dll at Library/ScriptAssemblies/Unity.Collections.BurstCompatibilityGen.dll not valid. Loading of assembly skipped.
Assembly Unity.Collections.DocCodeSamples.dll at Library/ScriptAssemblies/Unity.Collections.DocCodeSamples.dll not valid. Loading of assembly skipped.
Assembly Unity.Collections.PerformanceTests.dll at Library/ScriptAssemblies/Unity.Collections.PerformanceTests.dll not valid. Loading of assembly skipped.
Assembly Unity.Collections.Tests.dll at Library/ScriptAssemblies/Unity.Collections.Tests.dll not valid. Loading of assembly skipped.
Assembly Unity.Collections.Tests.Playmode.dll at Library/ScriptAssemblies/Unity.Collections.Tests.Playmode.dll not valid. Loading of assembly skipped.
Assembly Unity.InputSystem.IntegrationTests.dll at Library/ScriptAssemblies/Unity.InputSystem.IntegrationTests.dll not valid. Loading of assembly skipped.
Assembly Unity.Mathematics.Tests.dll at Library/ScriptAssemblies/Unity.Mathematics.Tests.dll not valid. Loading of assembly skipped.
Assembly Unity.Multiplayer.Center.Editor.Tests.dll at Library/ScriptAssemblies/Unity.Multiplayer.Center.Editor.Tests.dll not valid. Loading of assembly skipped.
Assembly Unity.Multiplayer.Center.Tests.dll at Library/ScriptAssemblies/Unity.Multiplayer.Center.Tests.dll not valid. Loading of assembly skipped.
Assembly Unity.Nuget.Mono-Cecil.dll at Library/ScriptAssemblies/Unity.Nuget.Mono-Cecil.dll not valid. Loading of assembly skipped.
Assembly Unity.PathTracing.Editor.Tests.dll at Library/ScriptAssemblies/Unity.PathTracing.Editor.Tests.dll not valid. Loading of assembly skipped.
Assembly Unity.PathTracing.Runtime.Tests.dll at Library/ScriptAssemblies/Unity.PathTracing.Runtime.Tests.dll not valid. Loading of assembly skipped.
Assembly Unity.Postprocessing.Editor.Tests.dll at Library/ScriptAssemblies/Unity.Postprocessing.Editor.Tests.dll not valid. Loading of assembly skipped.
Assembly Unity.Postprocessing.Runtime.Tests.dll at Library/ScriptAssemblies/Unity.Postprocessing.Runtime.Tests.dll not valid. Loading of assembly skipped.
Assembly Unity.RenderPipelines.Core.Editor.Tests.dll at Library/ScriptAssemblies/Unity.RenderPipelines.Core.Editor.Tests.dll not valid. Loading of assembly skipped.
Assembly Unity.RenderPipelines.Core.Runtime.Tests.dll at Library/ScriptAssemblies/Unity.RenderPipelines.Core.Runtime.Tests.dll not valid. Loading of assembly skipped.
Assembly Unity.RenderPipelines.Universal.Config.Editor.Tests.dll at Library/ScriptAssemblies/Unity.RenderPipelines.Universal.Config.Editor.Tests.dll not valid. Loading of assembly skipped.
Assembly Unity.RenderPipelines.Universal.Editor.Tests.dll at Library/ScriptAssemblies/Unity.RenderPipelines.Universal.Editor.Tests.dll not valid. Loading of assembly skipped.
Assembly Unity.RenderPipelines.Universal.Runtime.Tests.dll at Library/ScriptAssemblies/Unity.RenderPipelines.Universal.Runtime.Tests.dll not valid. Loading of assembly skipped.
Assembly Unity.Searcher.EditorTests.dll at Library/ScriptAssemblies/Unity.Searcher.EditorTests.dll not valid. Loading of assembly skipped.
Assembly Unity.ShaderGraph.Editor.Tests.dll at Library/ScriptAssemblies/Unity.ShaderGraph.Editor.Tests.dll not valid. Loading of assembly skipped.
Assembly Unity.TextMeshPro.Editor.Tests.dll at Library/ScriptAssemblies/Unity.TextMeshPro.Editor.Tests.dll not valid. Loading of assembly skipped.
Assembly Unity.TextMeshPro.Tests.dll at Library/ScriptAssemblies/Unity.TextMeshPro.Tests.dll not valid. Loading of assembly skipped.
Assembly Unity.UnifiedRayTracing.Editor.Tests.dll at Library/ScriptAssemblies/Unity.UnifiedRayTracing.Editor.Tests.dll not valid. Loading of assembly skipped.
Assembly UnityEditor.UI.Common.Tests.dll at Library/ScriptAssemblies/UnityEditor.UI.Common.Tests.dll not valid. Loading of assembly skipped.
Assembly UnityEditor.UI.EditorTests.dll at Library/ScriptAssemblies/UnityEditor.UI.EditorTests.dll not valid. Loading of assembly skipped.
Assembly UnityEngine.UI.Tests.dll at Library/ScriptAssemblies/UnityEngine.UI.Tests.dll not valid. Loading of assembly skipped.
Native extension for WindowsStandalone target not found
Native extension for WebGL target not found
[Package Manager] Failed to launch server process. Reason: Unity was launched with the -noUpm command-line argument
[Package Manager] Unable to send message (not connected to server process).
[Package Manager] Cannot connect to Unity Package Manager local server
[Package Manager] Failed to launch server process. Reason: Unity was launched with the -noUpm command-line argument
[Package Manager] Unable to send message (not connected to server process).
[Package Manager] Cannot connect to Unity Package Manager local server
ScheduleIndexationOnStartup MainProcess:False IndexOnStartup:True
Mono: successfully reloaded assembly
- Finished resetting the current domain, in  0.681 seconds
Domain Reload Profiling: 1447ms
	BeginReloadAssembly (198ms)
		DisableScriptedObjects (5ms)
		CreateAndSetChildDomain (40ms)
	RebuildCommonClasses (34ms)
	RebuildNativeTypeToScriptingClass (11ms)
	initialDomainReloadingComplete (75ms)
	LoadAllAssembliesAndSetupDomain (448ms)
		LoadAssemblies (372ms)
		AnalyzeDomain (171ms)
			TypeCache.Refresh (6ms)
			BuildScriptInfoCaches (154ms)
			ResolveRequiredComponents (9ms)
	FinalizeReload (681ms)
		SetupLoadedEditorAssemblies (0ms)
			BeforeProcessingInitializeOnLoad (146ms)
			ProcessInitializeOnLoadAttributes (268ms)
			ProcessInitializeOnLoadMethodAttributes (77ms)
			AfterProcessingInitializeOnLoad (15ms)
		AwakeInstancesAfterBackupRestoration (22ms)
Unloading 36 Unused Serialized files (Serialized files now loaded: 0)
Unloading 6398 unused Assets / (6.7 MB). Loaded Objects now: 7379.
Memory consumption went from 193.2 MB to 186.4 MB.
Total: 9.258600 ms (FindLiveObjects: 0.761500 ms CreateObjectMapping: 0.491400 ms MarkObjects: 5.073300 ms  DeleteObjects: 2.931200 ms)

Prepare: number of updated asset objects reloaded= 0
========================================================================
Received Prepare
Begin MonoManager ReloadAssembly
Assembly Assembly-CSharp-Editor-firstpass.dll at Library/ScriptAssemblies/Assembly-CSharp-Editor-firstpass.dll not valid. Loading of assembly skipped.
Assembly Assembly-CSharp-firstpass.dll at Library/ScriptAssemblies/Assembly-CSharp-firstpass.dll not valid. Loading of assembly skipped.
Assembly DocCodeExamples.dll at Library/ScriptAssemblies/DocCodeExamples.dll not valid. Loading of assembly skipped.
Assembly TestNewCustomAssembly.dll at Library/ScriptAssemblies/TestNewCustomAssembly.dll not valid. Loading of assembly skipped.
Assembly Unity.Collections.BurstCompatibilityGen.dll at Library/ScriptAssemblies/Unity.Collections.BurstCompatibilityGen.dll not valid. Loading of assembly skipped.
Assembly Unity.Collections.DocCodeSamples.dll at Library/ScriptAssemblies/Unity.Collections.DocCodeSamples.dll not valid. Loading of assembly skipped.
Assembly Unity.Collections.PerformanceTests.dll at Library/ScriptAssemblies/Unity.Collections.PerformanceTests.dll not valid. Loading of assembly skipped.
Assembly Unity.Collections.Tests.dll at Library/ScriptAssemblies/Unity.Collections.Tests.dll not valid. Loading of assembly skipped.
Assembly Unity.Collections.Tests.Playmode.dll at Library/ScriptAssemblies/Unity.Collections.Tests.Playmode.dll not valid. Loading of assembly skipped.
Assembly Unity.InputSystem.IntegrationTests.dll at Library/ScriptAssemblies/Unity.InputSystem.IntegrationTests.dll not valid. Loading of assembly skipped.
Assembly Unity.Mathematics.Tests.dll at Library/ScriptAssemblies/Unity.Mathematics.Tests.dll not valid. Loading of assembly skipped.
Assembly Unity.Multiplayer.Center.Editor.Tests.dll at Library/ScriptAssemblies/Unity.Multiplayer.Center.Editor.Tests.dll not valid. Loading of assembly skipped.
Assembly Unity.Multiplayer.Center.Tests.dll at Library/ScriptAssemblies/Unity.Multiplayer.Center.Tests.dll not valid. Loading of assembly skipped.
Assembly Unity.Nuget.Mono-Cecil.dll at Library/ScriptAssemblies/Unity.Nuget.Mono-Cecil.dll not valid. Loading of assembly skipped.
Assembly Unity.PathTracing.Editor.Tests.dll at Library/ScriptAssemblies/Unity.PathTracing.Editor.Tests.dll not valid. Loading of assembly skipped.
Assembly Unity.PathTracing.Runtime.Tests.dll at Library/ScriptAssemblies/Unity.PathTracing.Runtime.Tests.dll not valid. Loading of assembly skipped.
Assembly Unity.Postprocessing.Editor.Tests.dll at Library/ScriptAssemblies/Unity.Postprocessing.Editor.Tests.dll not valid. Loading of assembly skipped.
Assembly Unity.Postprocessing.Runtime.Tests.dll at Library/ScriptAssemblies/Unity.Postprocessing.Runtime.Tests.dll not valid. Loading of assembly skipped.
Assembly Unity.RenderPipelines.Core.Editor.Tests.dll at Library/ScriptAssemblies/Unity.RenderPipelines.Core.Editor.Tests.dll not valid. Loading of assembly skipped.
Assembly Unity.RenderPipelines.Core.Runtime.Tests.dll at Library/ScriptAssemblies/Unity.RenderPipelines.Core.Runtime.Tests.dll not valid. Loading of assembly skipped.
Assembly Unity.RenderPipelines.Universal.Config.Editor.Tests.dll at Library/ScriptAssemblies/Unity.RenderPipelines.Universal.Config.Editor.Tests.dll not valid. Loading of assembly skipped.
Assembly Unity.RenderPipelines.Universal.Editor.Tests.dll at Library/ScriptAssemblies/Unity.RenderPipelines.Universal.Editor.Tests.dll not valid. Loading of assembly skipped.
Assembly Unity.RenderPipelines.Universal.Runtime.Tests.dll at Library/ScriptAssemblies/Unity.RenderPipelines.Universal.Runtime.Tests.dll not valid. Loading of assembly skipped.
Assembly Unity.Searcher.EditorTests.dll at Library/ScriptAssemblies/Unity.Searcher.EditorTests.dll not valid. Loading of assembly skipped.
Assembly Unity.ShaderGraph.Editor.Tests.dll at Library/ScriptAssemblies/Unity.ShaderGraph.Editor.Tests.dll not valid. Loading of assembly skipped.
Assembly Unity.TextMeshPro.Editor.Tests.dll at Library/ScriptAssemblies/Unity.TextMeshPro.Editor.Tests.dll not valid. Loading of assembly skipped.
Assembly Unity.TextMeshPro.Tests.dll at Library/ScriptAssemblies/Unity.TextMeshPro.Tests.dll not valid. Loading of assembly skipped.
Assembly Unity.UnifiedRayTracing.Editor.Tests.dll at Library/ScriptAssemblies/Unity.UnifiedRayTracing.Editor.Tests.dll not valid. Loading of assembly skipped.
Assembly UnityEditor.UI.Common.Tests.dll at Library/ScriptAssemblies/UnityEditor.UI.Common.Tests.dll not valid. Loading of assembly skipped.
Assembly UnityEditor.UI.EditorTests.dll at Library/ScriptAssemblies/UnityEditor.UI.EditorTests.dll not valid. Loading of assembly skipped.
Assembly UnityEngine.UI.Tests.dll at Library/ScriptAssemblies/UnityEngine.UI.Tests.dll not valid. Loading of assembly skipped.
Native extension for WindowsStandalone target not found
Native extension for WebGL target not found
[Package Manager] Failed to launch server process. Reason: Unity was launched with the -noUpm command-line argument
[Package Manager] Unable to send message (not connected to server process).
[Package Manager] Cannot connect to Unity Package Manager local server
[Package Manager] Failed to launch server process. Reason: Unity was launched with the -noUpm command-line argument
[Package Manager] Unable to send message (not connected to server process).
[Package Manager] Cannot connect to Unity Package Manager local server
ScheduleIndexationOnStartup MainProcess:False IndexOnStartup:True
Mono: successfully reloaded assembly
- Finished resetting the current domain, in  0.650 seconds
Domain Reload Profiling: 1466ms
	BeginReloadAssembly (198ms)
		DisableScriptedObjects (5ms)
		CreateAndSetChildDomain (40ms)
	RebuildCommonClasses (33ms)
	RebuildNativeTypeToScriptingClass (11ms)
	initialDomainReloadingComplete (79ms)
	LoadAllAssembliesAndSetupDomain (494ms)
		LoadAssemblies (395ms)
		AnalyzeDomain (193ms)
			TypeCache.Refresh (9ms)
			BuildScriptInfoCaches (173ms)
			ResolveRequiredComponents (9ms)
	FinalizeReload (651ms)
		SetupLoadedEditorAssemblies (0ms)
			BeforeProcessingInitializeOnLoad (141ms)
			ProcessInitializeOnLoadAttributes (242ms)
			ProcessInitializeOnLoadMethodAttributes (61ms)
			AfterProcessingInitializeOnLoad (13ms)
		AwakeInstancesAfterBackupRestoration (18ms)
Unloading 36 Unused Serialized files (Serialized files now loaded: 0)
Unloading 6398 unused Assets / (7.2 MB). Loaded Objects now: 7382.
Memory consumption went from 196.9 MB to 189.7 MB.
Total: 7.680000 ms (FindLiveObjects: 0.631900 ms CreateObjectMapping: 0.365600 ms MarkObjects: 4.557500 ms  DeleteObjects: 2.124300 ms)

Prepare: number of updated asset objects reloaded= 0
========================================================================
Received Prepare
Begin MonoManager ReloadAssembly
Assembly Assembly-CSharp-Editor-firstpass.dll at Library/ScriptAssemblies/Assembly-CSharp-Editor-firstpass.dll not valid. Loading of assembly skipped.
Assembly Assembly-CSharp-firstpass.dll at Library/ScriptAssemblies/Assembly-CSharp-firstpass.dll not valid. Loading of assembly skipped.
Assembly DocCodeExamples.dll at Library/ScriptAssemblies/DocCodeExamples.dll not valid. Loading of assembly skipped.
Assembly TestNewCustomAssembly.dll at Library/ScriptAssemblies/TestNewCustomAssembly.dll not valid. Loading of assembly skipped.
Assembly Unity.Collections.BurstCompatibilityGen.dll at Library/ScriptAssemblies/Unity.Collections.BurstCompatibilityGen.dll not valid. Loading of assembly skipped.
Assembly Unity.Collections.DocCodeSamples.dll at Library/ScriptAssemblies/Unity.Collections.DocCodeSamples.dll not valid. Loading of assembly skipped.
Assembly Unity.Collections.PerformanceTests.dll at Library/ScriptAssemblies/Unity.Collections.PerformanceTests.dll not valid. Loading of assembly skipped.
Assembly Unity.Collections.Tests.dll at Library/ScriptAssemblies/Unity.Collections.Tests.dll not valid. Loading of assembly skipped.
Assembly Unity.Collections.Tests.Playmode.dll at Library/ScriptAssemblies/Unity.Collections.Tests.Playmode.dll not valid. Loading of assembly skipped.
Assembly Unity.InputSystem.IntegrationTests.dll at Library/ScriptAssemblies/Unity.InputSystem.IntegrationTests.dll not valid. Loading of assembly skipped.
Assembly Unity.Mathematics.Tests.dll at Library/ScriptAssemblies/Unity.Mathematics.Tests.dll not valid. Loading of assembly skipped.
Assembly Unity.Multiplayer.Center.Editor.Tests.dll at Library/ScriptAssemblies/Unity.Multiplayer.Center.Editor.Tests.dll not valid. Loading of assembly skipped.
Assembly Unity.Multiplayer.Center.Tests.dll at Library/ScriptAssemblies/Unity.Multiplayer.Center.Tests.dll not valid. Loading of assembly skipped.
Assembly Unity.Nuget.Mono-Cecil.dll at Library/ScriptAssemblies/Unity.Nuget.Mono-Cecil.dll not valid. Loading of assembly skipped.
Assembly Unity.PathTracing.Editor.Tests.dll at Library/ScriptAssemblies/Unity.PathTracing.Editor.Tests.dll not valid. Loading of assembly skipped.
Assembly Unity.PathTracing.Runtime.Tests.dll at Library/ScriptAssemblies/Unity.PathTracing.Runtime.Tests.dll not valid. Loading of assembly skipped.
Assembly Unity.Postprocessing.Editor.Tests.dll at Library/ScriptAssemblies/Unity.Postprocessing.Editor.Tests.dll not valid. Loading of assembly skipped.
Assembly Unity.Postprocessing.Runtime.Tests.dll at Library/ScriptAssemblies/Unity.Postprocessing.Runtime.Tests.dll not valid. Loading of assembly skipped.
Assembly Unity.RenderPipelines.Core.Editor.Tests.dll at Library/ScriptAssemblies/Unity.RenderPipelines.Core.Editor.Tests.dll not valid. Loading of assembly skipped.
Assembly Unity.RenderPipelines.Core.Runtime.Tests.dll at Library/ScriptAssemblies/Unity.RenderPipelines.Core.Runtime.Tests.dll not valid. Loading of assembly skipped.
Assembly Unity.RenderPipelines.Universal.Config.Editor.Tests.dll at Library/ScriptAssemblies/Unity.RenderPipelines.Universal.Config.Editor.Tests.dll not valid. Loading of assembly skipped.
Assembly Unity.RenderPipelines.Universal.Editor.Tests.dll at Library/ScriptAssemblies/Unity.RenderPipelines.Universal.Editor.Tests.dll not valid. Loading of assembly skipped.
Assembly Unity.RenderPipelines.Universal.Runtime.Tests.dll at Library/ScriptAssemblies/Unity.RenderPipelines.Universal.Runtime.Tests.dll not valid. Loading of assembly skipped.
Assembly Unity.Searcher.EditorTests.dll at Library/ScriptAssemblies/Unity.Searcher.EditorTests.dll not valid. Loading of assembly skipped.
Assembly Unity.ShaderGraph.Editor.Tests.dll at Library/ScriptAssemblies/Unity.ShaderGraph.Editor.Tests.dll not valid. Loading of assembly skipped.
Assembly Unity.TextMeshPro.Editor.Tests.dll at Library/ScriptAssemblies/Unity.TextMeshPro.Editor.Tests.dll not valid. Loading of assembly skipped.
Assembly Unity.TextMeshPro.Tests.dll at Library/ScriptAssemblies/Unity.TextMeshPro.Tests.dll not valid. Loading of assembly skipped.
Assembly Unity.UnifiedRayTracing.Editor.Tests.dll at Library/ScriptAssemblies/Unity.UnifiedRayTracing.Editor.Tests.dll not valid. Loading of assembly skipped.
Assembly UnityEditor.UI.Common.Tests.dll at Library/ScriptAssemblies/UnityEditor.UI.Common.Tests.dll not valid. Loading of assembly skipped.
Assembly UnityEditor.UI.EditorTests.dll at Library/ScriptAssemblies/UnityEditor.UI.EditorTests.dll not valid. Loading of assembly skipped.
Assembly UnityEngine.UI.Tests.dll at Library/ScriptAssemblies/UnityEngine.UI.Tests.dll not valid. Loading of assembly skipped.
Native extension for WindowsStandalone target not found
Native extension for WebGL target not found
[Package Manager] Failed to launch server process. Reason: Unity was launched with the -noUpm command-line argument
[Package Manager] Unable to send message (not connected to server process).
[Package Manager] Cannot connect to Unity Package Manager local server
[Package Manager] Failed to launch server process. Reason: Unity was launched with the -noUpm command-line argument
[Package Manager] Unable to send message (not connected to server process).
[Package Manager] Cannot connect to Unity Package Manager local server
ScheduleIndexationOnStartup MainProcess:False IndexOnStartup:True
Mono: successfully reloaded assembly
- Finished resetting the current domain, in  0.754 seconds
Domain Reload Profiling: 1512ms
	BeginReloadAssembly (204ms)
		DisableScriptedObjects (5ms)
		CreateAndSetChildDomain (41ms)
	RebuildCommonClasses (32ms)
	RebuildNativeTypeToScriptingClass (10ms)
	initialDomainReloadingComplete (75ms)
	LoadAllAssembliesAndSetupDomain (436ms)
		LoadAssemblies (374ms)
		AnalyzeDomain (157ms)
			TypeCache.Refresh (5ms)
			BuildScriptInfoCaches (141ms)
			ResolveRequiredComponents (9ms)
	FinalizeReload (754ms)
		SetupLoadedEditorAssemblies (0ms)
			InitializePlatformSupportModulesInManaged (3ms)
			BeforeProcessingInitializeOnLoad (162ms)
			ProcessInitializeOnLoadAttributes (302ms)
			ProcessInitializeOnLoadMethodAttributes (76ms)
			AfterProcessingInitializeOnLoad (14ms)
		AwakeInstancesAfterBackupRestoration (23ms)
Unloading 36 Unused Serialized files (Serialized files now loaded: 0)
Unloading 6398 unused Assets / (8.5 MB). Loaded Objects now: 7385.
Memory consumption went from 200.6 MB to 192.1 MB.
Total: 10.712600 ms (FindLiveObjects: 0.700100 ms CreateObjectMapping: 0.451900 ms MarkObjects: 5.369100 ms  DeleteObjects: 4.190200 ms)

Prepare: number of updated asset objects reloaded= 0
========================================================================
Received Prepare
Unloading 36 Unused Serialized files (Serialized files now loaded: 0)
Unloading 6392 unused Assets / (6.9 MB). Loaded Objects now: 7385.
Memory consumption went from 204.4 MB to 197.6 MB.
Total: 7.467700 ms (FindLiveObjects: 0.680200 ms CreateObjectMapping: 0.388700 ms MarkObjects: 4.390200 ms  DeleteObjects: 2.007800 ms)

Prepare: number of updated asset objects reloaded= 0
========================================================================
Received Prepare
Unloading 36 Unused Serialized files (Serialized files now loaded: 0)
Unloading 6392 unused Assets / (7.7 MB). Loaded Objects now: 7385.
Memory consumption went from 208.1 MB to 200.4 MB.
Total: 9.211300 ms (FindLiveObjects: 0.813300 ms CreateObjectMapping: 0.466200 ms MarkObjects: 4.727400 ms  DeleteObjects: 3.203200 ms)

Prepare: number of updated asset objects reloaded= 0
========================================================================
Received Prepare
Begin MonoManager ReloadAssembly
[Licensing::Client] Successfully resolved entitlement details
Assembly Assembly-CSharp-Editor-firstpass.dll at Library/ScriptAssemblies/Assembly-CSharp-Editor-firstpass.dll not valid. Loading of assembly skipped.
Assembly Assembly-CSharp-firstpass.dll at Library/ScriptAssemblies/Assembly-CSharp-firstpass.dll not valid. Loading of assembly skipped.
Assembly DocCodeExamples.dll at Library/ScriptAssemblies/DocCodeExamples.dll not valid. Loading of assembly skipped.
Assembly TestNewCustomAssembly.dll at Library/ScriptAssemblies/TestNewCustomAssembly.dll not valid. Loading of assembly skipped.
Assembly Unity.Collections.BurstCompatibilityGen.dll at Library/ScriptAssemblies/Unity.Collections.BurstCompatibilityGen.dll not valid. Loading of assembly skipped.
Assembly Unity.Collections.DocCodeSamples.dll at Library/ScriptAssemblies/Unity.Collections.DocCodeSamples.dll not valid. Loading of assembly skipped.
Assembly Unity.Collections.PerformanceTests.dll at Library/ScriptAssemblies/Unity.Collections.PerformanceTests.dll not valid. Loading of assembly skipped.
Assembly Unity.Collections.Tests.dll at Library/ScriptAssemblies/Unity.Collections.Tests.dll not valid. Loading of assembly skipped.
Assembly Unity.Collections.Tests.Playmode.dll at Library/ScriptAssemblies/Unity.Collections.Tests.Playmode.dll not valid. Loading of assembly skipped.
Assembly Unity.InputSystem.IntegrationTests.dll at Library/ScriptAssemblies/Unity.InputSystem.IntegrationTests.dll not valid. Loading of assembly skipped.
Assembly Unity.Mathematics.Tests.dll at Library/ScriptAssemblies/Unity.Mathematics.Tests.dll not valid. Loading of assembly skipped.
Assembly Unity.Multiplayer.Center.Editor.Tests.dll at Library/ScriptAssemblies/Unity.Multiplayer.Center.Editor.Tests.dll not valid. Loading of assembly skipped.
Assembly Unity.Multiplayer.Center.Tests.dll at Library/ScriptAssemblies/Unity.Multiplayer.Center.Tests.dll not valid. Loading of assembly skipped.
Assembly Unity.Nuget.Mono-Cecil.dll at Library/ScriptAssemblies/Unity.Nuget.Mono-Cecil.dll not valid. Loading of assembly skipped.
Assembly Unity.PathTracing.Editor.Tests.dll at Library/ScriptAssemblies/Unity.PathTracing.Editor.Tests.dll not valid. Loading of assembly skipped.
Assembly Unity.PathTracing.Runtime.Tests.dll at Library/ScriptAssemblies/Unity.PathTracing.Runtime.Tests.dll not valid. Loading of assembly skipped.
Assembly Unity.Postprocessing.Editor.Tests.dll at Library/ScriptAssemblies/Unity.Postprocessing.Editor.Tests.dll not valid. Loading of assembly skipped.
Assembly Unity.Postprocessing.Runtime.Tests.dll at Library/ScriptAssemblies/Unity.Postprocessing.Runtime.Tests.dll not valid. Loading of assembly skipped.
Assembly Unity.RenderPipelines.Core.Editor.Tests.dll at Library/ScriptAssemblies/Unity.RenderPipelines.Core.Editor.Tests.dll not valid. Loading of assembly skipped.
Assembly Unity.RenderPipelines.Core.Runtime.Tests.dll at Library/ScriptAssemblies/Unity.RenderPipelines.Core.Runtime.Tests.dll not valid. Loading of assembly skipped.
Assembly Unity.RenderPipelines.Universal.Config.Editor.Tests.dll at Library/ScriptAssemblies/Unity.RenderPipelines.Universal.Config.Editor.Tests.dll not valid. Loading of assembly skipped.
Assembly Unity.RenderPipelines.Universal.Editor.Tests.dll at Library/ScriptAssemblies/Unity.RenderPipelines.Universal.Editor.Tests.dll not valid. Loading of assembly skipped.
Assembly Unity.RenderPipelines.Universal.Runtime.Tests.dll at Library/ScriptAssemblies/Unity.RenderPipelines.Universal.Runtime.Tests.dll not valid. Loading of assembly skipped.
Assembly Unity.Searcher.EditorTests.dll at Library/ScriptAssemblies/Unity.Searcher.EditorTests.dll not valid. Loading of assembly skipped.
Assembly Unity.ShaderGraph.Editor.Tests.dll at Library/ScriptAssemblies/Unity.ShaderGraph.Editor.Tests.dll not valid. Loading of assembly skipped.
Assembly Unity.TextMeshPro.Editor.Tests.dll at Library/ScriptAssemblies/Unity.TextMeshPro.Editor.Tests.dll not valid. Loading of assembly skipped.
Assembly Unity.TextMeshPro.Tests.dll at Library/ScriptAssemblies/Unity.TextMeshPro.Tests.dll not valid. Loading of assembly skipped.
Assembly Unity.UnifiedRayTracing.Editor.Tests.dll at Library/ScriptAssemblies/Unity.UnifiedRayTracing.Editor.Tests.dll not valid. Loading of assembly skipped.
Assembly UnityEditor.UI.Common.Tests.dll at Library/ScriptAssemblies/UnityEditor.UI.Common.Tests.dll not valid. Loading of assembly skipped.
Assembly UnityEditor.UI.EditorTests.dll at Library/ScriptAssemblies/UnityEditor.UI.EditorTests.dll not valid. Loading of assembly skipped.
Assembly UnityEngine.UI.Tests.dll at Library/ScriptAssemblies/UnityEngine.UI.Tests.dll not valid. Loading of assembly skipped.
Native extension for WindowsStandalone target not found
Native extension for WebGL target not found
[Package Manager] Failed to launch server process. Reason: Unity was launched with the -noUpm command-line argument
[Package Manager] Unable to send message (not connected to server process).
[Package Manager] Cannot connect to Unity Package Manager local server
[Package Manager] Failed to launch server process. Reason: Unity was launched with the -noUpm command-line argument
[Package Manager] Unable to send message (not connected to server process).
[Package Manager] Cannot connect to Unity Package Manager local server
ScheduleIndexationOnStartup MainProcess:False IndexOnStartup:True
Mono: successfully reloaded assembly
- Finished resetting the current domain, in  0.618 seconds
Domain Reload Profiling: 1368ms
	BeginReloadAssembly (202ms)
		DisableScriptedObjects (5ms)
		CreateAndSetChildDomain (44ms)
	RebuildCommonClasses (32ms)
	RebuildNativeTypeToScriptingClass (10ms)
	initialDomainReloadingComplete (72ms)
	LoadAllAssembliesAndSetupDomain (433ms)
		LoadAssemblies (367ms)
		AnalyzeDomain (157ms)
			TypeCache.Refresh (8ms)
			BuildScriptInfoCaches (138ms)
			ResolveRequiredComponents (9ms)
	FinalizeReload (618ms)
		SetupLoadedEditorAssemblies (0ms)
			BeforeProcessingInitializeOnLoad (144ms)
			ProcessInitializeOnLoadAttributes (247ms)
			ProcessInitializeOnLoadMethodAttributes (58ms)
			AfterProcessingInitializeOnLoad (12ms)
		AwakeInstancesAfterBackupRestoration (17ms)
Unloading 36 Unused Serialized files (Serialized files now loaded: 0)
Unloading 6398 unused Assets / (7.1 MB). Loaded Objects now: 7388.
Memory consumption went from 211.7 MB to 204.6 MB.
Total: 6.954300 ms (FindLiveObjects: 0.592200 ms CreateObjectMapping: 0.322500 ms MarkObjects: 4.061200 ms  DeleteObjects: 1.977700 ms)

Prepare: number of updated asset objects reloaded= 0
========================================================================
Received Prepare
Unloading 36 Unused Serialized files (Serialized files now loaded: 0)
Unloading 6392 unused Assets / (7.4 MB). Loaded Objects now: 7388.
Memory consumption went from 215.6 MB to 208.2 MB.
Total: 9.756600 ms (FindLiveObjects: 0.669500 ms CreateObjectMapping: 0.418300 ms MarkObjects: 5.790500 ms  DeleteObjects: 2.877400 ms)

Prepare: number of updated asset objects reloaded= 0
========================================================================
Received Prepare
Unloading 36 Unused Serialized files (Serialized files now loaded: 0)
Unloading 6392 unused Assets / (7.2 MB). Loaded Objects now: 7388.
Memory consumption went from 219.3 MB to 212.1 MB.
Total: 7.176900 ms (FindLiveObjects: 0.603700 ms CreateObjectMapping: 0.353400 ms MarkObjects: 4.076700 ms  DeleteObjects: 2.142400 ms)

Prepare: number of updated asset objects reloaded= 0
========================================================================
Received Prepare
Begin MonoManager ReloadAssembly
[Licensing::Client] Successfully resolved entitlement details
Assembly Assembly-CSharp-Editor-firstpass.dll at Library/ScriptAssemblies/Assembly-CSharp-Editor-firstpass.dll not valid. Loading of assembly skipped.
Assembly Assembly-CSharp-firstpass.dll at Library/ScriptAssemblies/Assembly-CSharp-firstpass.dll not valid. Loading of assembly skipped.
Assembly DocCodeExamples.dll at Library/ScriptAssemblies/DocCodeExamples.dll not valid. Loading of assembly skipped.
Assembly TestNewCustomAssembly.dll at Library/ScriptAssemblies/TestNewCustomAssembly.dll not valid. Loading of assembly skipped.
Assembly Unity.Collections.BurstCompatibilityGen.dll at Library/ScriptAssemblies/Unity.Collections.BurstCompatibilityGen.dll not valid. Loading of assembly skipped.
Assembly Unity.Collections.DocCodeSamples.dll at Library/ScriptAssemblies/Unity.Collections.DocCodeSamples.dll not valid. Loading of assembly skipped.
Assembly Unity.Collections.PerformanceTests.dll at Library/ScriptAssemblies/Unity.Collections.PerformanceTests.dll not valid. Loading of assembly skipped.
Assembly Unity.Collections.Tests.dll at Library/ScriptAssemblies/Unity.Collections.Tests.dll not valid. Loading of assembly skipped.
Assembly Unity.Collections.Tests.Playmode.dll at Library/ScriptAssemblies/Unity.Collections.Tests.Playmode.dll not valid. Loading of assembly skipped.
Assembly Unity.InputSystem.IntegrationTests.dll at Library/ScriptAssemblies/Unity.InputSystem.IntegrationTests.dll not valid. Loading of assembly skipped.
Assembly Unity.Mathematics.Tests.dll at Library/ScriptAssemblies/Unity.Mathematics.Tests.dll not valid. Loading of assembly skipped.
Assembly Unity.Multiplayer.Center.Editor.Tests.dll at Library/ScriptAssemblies/Unity.Multiplayer.Center.Editor.Tests.dll not valid. Loading of assembly skipped.
Assembly Unity.Multiplayer.Center.Tests.dll at Library/ScriptAssemblies/Unity.Multiplayer.Center.Tests.dll not valid. Loading of assembly skipped.
Assembly Unity.Nuget.Mono-Cecil.dll at Library/ScriptAssemblies/Unity.Nuget.Mono-Cecil.dll not valid. Loading of assembly skipped.
Assembly Unity.PathTracing.Editor.Tests.dll at Library/ScriptAssemblies/Unity.PathTracing.Editor.Tests.dll not valid. Loading of assembly skipped.
Assembly Unity.PathTracing.Runtime.Tests.dll at Library/ScriptAssemblies/Unity.PathTracing.Runtime.Tests.dll not valid. Loading of assembly skipped.
Assembly Unity.Postprocessing.Editor.Tests.dll at Library/ScriptAssemblies/Unity.Postprocessing.Editor.Tests.dll not valid. Loading of assembly skipped.
Assembly Unity.Postprocessing.Runtime.Tests.dll at Library/ScriptAssemblies/Unity.Postprocessing.Runtime.Tests.dll not valid. Loading of assembly skipped.
Assembly Unity.RenderPipelines.Core.Editor.Tests.dll at Library/ScriptAssemblies/Unity.RenderPipelines.Core.Editor.Tests.dll not valid. Loading of assembly skipped.
Assembly Unity.RenderPipelines.Core.Runtime.Tests.dll at Library/ScriptAssemblies/Unity.RenderPipelines.Core.Runtime.Tests.dll not valid. Loading of assembly skipped.
Assembly Unity.RenderPipelines.Universal.Config.Editor.Tests.dll at Library/ScriptAssemblies/Unity.RenderPipelines.Universal.Config.Editor.Tests.dll not valid. Loading of assembly skipped.
Assembly Unity.RenderPipelines.Universal.Editor.Tests.dll at Library/ScriptAssemblies/Unity.RenderPipelines.Universal.Editor.Tests.dll not valid. Loading of assembly skipped.
Assembly Unity.RenderPipelines.Universal.Runtime.Tests.dll at Library/ScriptAssemblies/Unity.RenderPipelines.Universal.Runtime.Tests.dll not valid. Loading of assembly skipped.
Assembly Unity.Searcher.EditorTests.dll at Library/ScriptAssemblies/Unity.Searcher.EditorTests.dll not valid. Loading of assembly skipped.
Assembly Unity.ShaderGraph.Editor.Tests.dll at Library/ScriptAssemblies/Unity.ShaderGraph.Editor.Tests.dll not valid. Loading of assembly skipped.
Assembly Unity.TextMeshPro.Editor.Tests.dll at Library/ScriptAssemblies/Unity.TextMeshPro.Editor.Tests.dll not valid. Loading of assembly skipped.
Assembly Unity.TextMeshPro.Tests.dll at Library/ScriptAssemblies/Unity.TextMeshPro.Tests.dll not valid. Loading of assembly skipped.
Assembly Unity.UnifiedRayTracing.Editor.Tests.dll at Library/ScriptAssemblies/Unity.UnifiedRayTracing.Editor.Tests.dll not valid. Loading of assembly skipped.
Assembly UnityEditor.UI.Common.Tests.dll at Library/ScriptAssemblies/UnityEditor.UI.Common.Tests.dll not valid. Loading of assembly skipped.
Assembly UnityEditor.UI.EditorTests.dll at Library/ScriptAssemblies/UnityEditor.UI.EditorTests.dll not valid. Loading of assembly skipped.
Assembly UnityEngine.UI.Tests.dll at Library/ScriptAssemblies/UnityEngine.UI.Tests.dll not valid. Loading of assembly skipped.
Native extension for WindowsStandalone target not found
Native extension for WebGL target not found
[Package Manager] Failed to launch server process. Reason: Unity was launched with the -noUpm command-line argument
[Package Manager] Unable to send message (not connected to server process).
[Package Manager] Cannot connect to Unity Package Manager local server
[Package Manager] Failed to launch server process. Reason: Unity was launched with the -noUpm command-line argument
[Package Manager] Unable to send message (not connected to server process).
[Package Manager] Cannot connect to Unity Package Manager local server
ScheduleIndexationOnStartup MainProcess:False IndexOnStartup:True
Mono: successfully reloaded assembly
- Finished resetting the current domain, in  0.639 seconds
Domain Reload Profiling: 1379ms
	BeginReloadAssembly (202ms)
		DisableScriptedObjects (5ms)
		CreateAndSetChildDomain (43ms)
	RebuildCommonClasses (32ms)
	RebuildNativeTypeToScriptingClass (10ms)
	initialDomainReloadingComplete (71ms)
	LoadAllAssembliesAndSetupDomain (425ms)
		LoadAssemblies (364ms)
		AnalyzeDomain (154ms)
			TypeCache.Refresh (5ms)
			BuildScriptInfoCaches (138ms)
			ResolveRequiredComponents (9ms)
	FinalizeReload (639ms)
		SetupLoadedEditorAssemblies (0ms)
			BeforeProcessingInitializeOnLoad (145ms)
			ProcessInitializeOnLoadAttributes (250ms)
			ProcessInitializeOnLoadMethodAttributes (67ms)
			AfterProcessingInitializeOnLoad (12ms)
		AwakeInstancesAfterBackupRestoration (18ms)
Refreshing native plugins compatible for Editor in 2.21 ms, found 3 plugins.
Unloading 36 Unused Serialized files (Serialized files now loaded: 0)
Unloading 6398 unused Assets / (7.4 MB). Loaded Objects now: 7391.
Memory consumption went from 222.8 MB to 215.4 MB.
Total: 7.435000 ms (FindLiveObjects: 0.762000 ms CreateObjectMapping: 0.400800 ms MarkObjects: 4.062800 ms  DeleteObjects: 2.208600 ms)

Prepare: number of updated asset objects reloaded= 0
========================================================================
Received Prepare
Begin MonoManager ReloadAssembly
Assembly Assembly-CSharp-Editor-firstpass.dll at Library/ScriptAssemblies/Assembly-CSharp-Editor-firstpass.dll not valid. Loading of assembly skipped.
Assembly Assembly-CSharp-firstpass.dll at Library/ScriptAssemblies/Assembly-CSharp-firstpass.dll not valid. Loading of assembly skipped.
Assembly DocCodeExamples.dll at Library/ScriptAssemblies/DocCodeExamples.dll not valid. Loading of assembly skipped.
Assembly TestNewCustomAssembly.dll at Library/ScriptAssemblies/TestNewCustomAssembly.dll not valid. Loading of assembly skipped.
Assembly Unity.Collections.BurstCompatibilityGen.dll at Library/ScriptAssemblies/Unity.Collections.BurstCompatibilityGen.dll not valid. Loading of assembly skipped.
Assembly Unity.Collections.DocCodeSamples.dll at Library/ScriptAssemblies/Unity.Collections.DocCodeSamples.dll not valid. Loading of assembly skipped.
Assembly Unity.Collections.PerformanceTests.dll at Library/ScriptAssemblies/Unity.Collections.PerformanceTests.dll not valid. Loading of assembly skipped.
Assembly Unity.Collections.Tests.dll at Library/ScriptAssemblies/Unity.Collections.Tests.dll not valid. Loading of assembly skipped.
Assembly Unity.Collections.Tests.Playmode.dll at Library/ScriptAssemblies/Unity.Collections.Tests.Playmode.dll not valid. Loading of assembly skipped.
Assembly Unity.InputSystem.IntegrationTests.dll at Library/ScriptAssemblies/Unity.InputSystem.IntegrationTests.dll not valid. Loading of assembly skipped.
Assembly Unity.Mathematics.Tests.dll at Library/ScriptAssemblies/Unity.Mathematics.Tests.dll not valid. Loading of assembly skipped.
Assembly Unity.Multiplayer.Center.Editor.Tests.dll at Library/ScriptAssemblies/Unity.Multiplayer.Center.Editor.Tests.dll not valid. Loading of assembly skipped.
Assembly Unity.Multiplayer.Center.Tests.dll at Library/ScriptAssemblies/Unity.Multiplayer.Center.Tests.dll not valid. Loading of assembly skipped.
Assembly Unity.Nuget.Mono-Cecil.dll at Library/ScriptAssemblies/Unity.Nuget.Mono-Cecil.dll not valid. Loading of assembly skipped.
Assembly Unity.PathTracing.Editor.Tests.dll at Library/ScriptAssemblies/Unity.PathTracing.Editor.Tests.dll not valid. Loading of assembly skipped.
Assembly Unity.PathTracing.Runtime.Tests.dll at Library/ScriptAssemblies/Unity.PathTracing.Runtime.Tests.dll not valid. Loading of assembly skipped.
Assembly Unity.Postprocessing.Editor.Tests.dll at Library/ScriptAssemblies/Unity.Postprocessing.Editor.Tests.dll not valid. Loading of assembly skipped.
Assembly Unity.Postprocessing.Runtime.Tests.dll at Library/ScriptAssemblies/Unity.Postprocessing.Runtime.Tests.dll not valid. Loading of assembly skipped.
Assembly Unity.RenderPipelines.Core.Editor.Tests.dll at Library/ScriptAssemblies/Unity.RenderPipelines.Core.Editor.Tests.dll not valid. Loading of assembly skipped.
Assembly Unity.RenderPipelines.Core.Runtime.Tests.dll at Library/ScriptAssemblies/Unity.RenderPipelines.Core.Runtime.Tests.dll not valid. Loading of assembly skipped.
Assembly Unity.RenderPipelines.Universal.Config.Editor.Tests.dll at Library/ScriptAssemblies/Unity.RenderPipelines.Universal.Config.Editor.Tests.dll not valid. Loading of assembly skipped.
Assembly Unity.RenderPipelines.Universal.Editor.Tests.dll at Library/ScriptAssemblies/Unity.RenderPipelines.Universal.Editor.Tests.dll not valid. Loading of assembly skipped.
Assembly Unity.RenderPipelines.Universal.Runtime.Tests.dll at Library/ScriptAssemblies/Unity.RenderPipelines.Universal.Runtime.Tests.dll not valid. Loading of assembly skipped.
Assembly Unity.Searcher.EditorTests.dll at Library/ScriptAssemblies/Unity.Searcher.EditorTests.dll not valid. Loading of assembly skipped.
Assembly Unity.ShaderGraph.Editor.Tests.dll at Library/ScriptAssemblies/Unity.ShaderGraph.Editor.Tests.dll not valid. Loading of assembly skipped.
Assembly Unity.TextMeshPro.Editor.Tests.dll at Library/ScriptAssemblies/Unity.TextMeshPro.Editor.Tests.dll not valid. Loading of assembly skipped.
Assembly Unity.TextMeshPro.Tests.dll at Library/ScriptAssemblies/Unity.TextMeshPro.Tests.dll not valid. Loading of assembly skipped.
Assembly Unity.UnifiedRayTracing.Editor.Tests.dll at Library/ScriptAssemblies/Unity.UnifiedRayTracing.Editor.Tests.dll not valid. Loading of assembly skipped.
Assembly UnityEditor.UI.Common.Tests.dll at Library/ScriptAssemblies/UnityEditor.UI.Common.Tests.dll not valid. Loading of assembly skipped.
Assembly UnityEditor.UI.EditorTests.dll at Library/ScriptAssemblies/UnityEditor.UI.EditorTests.dll not valid. Loading of assembly skipped.
Assembly UnityEngine.UI.Tests.dll at Library/ScriptAssemblies/UnityEngine.UI.Tests.dll not valid. Loading of assembly skipped.
Native extension for WindowsStandalone target not found
Native extension for WebGL target not found
[Package Manager] Failed to launch server process. Reason: Unity was launched with the -noUpm command-line argument
[Package Manager] Unable to send message (not connected to server process).
[Package Manager] Cannot connect to Unity Package Manager local server
[Package Manager] Failed to launch server process. Reason: Unity was launched with the -noUpm command-line argument
[Package Manager] Unable to send message (not connected to server process).
[Package Manager] Cannot connect to Unity Package Manager local server
ScheduleIndexationOnStartup MainProcess:False IndexOnStartup:True
Mono: successfully reloaded assembly
- Finished resetting the current domain, in  0.669 seconds
Domain Reload Profiling: 1417ms
	BeginReloadAssembly (199ms)
		DisableScriptedObjects (5ms)
		CreateAndSetChildDomain (39ms)
	RebuildCommonClasses (34ms)
	RebuildNativeTypeToScriptingClass (11ms)
	initialDomainReloadingComplete (71ms)
	LoadAllAssembliesAndSetupDomain (434ms)
		LoadAssemblies (372ms)
		AnalyzeDomain (157ms)
			TypeCache.Refresh (6ms)
			BuildScriptInfoCaches (141ms)
			ResolveRequiredComponents (9ms)
	FinalizeReload (669ms)
		SetupLoadedEditorAssemblies (0ms)
			InitializePlatformSupportModulesInManaged (3ms)
			BeforeProcessingInitializeOnLoad (148ms)
			ProcessInitializeOnLoadAttributes (273ms)
			ProcessInitializeOnLoadMethodAttributes (69ms)
			AfterProcessingInitializeOnLoad (14ms)
		AwakeInstancesAfterBackupRestoration (20ms)
Unloading 36 Unused Serialized files (Serialized files now loaded: 0)
Unloading 6398 unused Assets / (7.3 MB). Loaded Objects now: 7394.
Memory consumption went from 226.6 MB to 219.2 MB.
Total: 9.362700 ms (FindLiveObjects: 0.909000 ms CreateObjectMapping: 0.636600 ms MarkObjects: 5.055500 ms  DeleteObjects: 2.760100 ms)

Prepare: number of updated asset objects reloaded= 0
========================================================================
Received Import Request.
  Time since last request: 714.875587 seconds.
  path: Assets/Prefabs/Obstacle 1.prefab
  importAddress: Guid(b1eff7f5e24e2f74e989a7d7b47c4710) Importer(815301076,1909f56bfc062723c751e8b465ee728b)
Start importing Assets/Prefabs/Obstacle 1.prefab using Guid(b1eff7f5e24e2f74e989a7d7b47c4710) Importer(815301076,1909f56bfc062723c751e8b465ee728b) (PreviewImporter) -> (Import Result ID: '92decc2d86e3e344e8c0700f2d5c3ada') in 0.4171715 seconds [static and dynamic dependencies]. Details - ImportResultOutputID=c26e817cc6b8e25a2a6e7a14a1b1a955 DependenciesID=a78e148e3e555d32a7629d3cecd5522b StaticDependenciesID=dcc22a16d7196a8ec0e222c47834be30 
Number of updated asset objects reloaded before import = 0Number of asset objects unloaded after import = 21

========================================================================
Received Import Request.
  Time since last request: 2.823024 seconds.
  path: Assets/Prefabs/Obstacle 1.prefab
  importAddress: Guid(b1eff7f5e24e2f74e989a7d7b47c4710) Importer(815301076,1909f56bfc062723c751e8b465ee728b)
Start importing Assets/Prefabs/Obstacle 1.prefab using Guid(b1eff7f5e24e2f74e989a7d7b47c4710) Importer(815301076,1909f56bfc062723c751e8b465ee728b) (PreviewImporter) -> (Import Result ID: '0028eab5ee83b726926379b3a2734116') in 0.0017204 seconds [static and dynamic dependencies]. Details - ImportResultOutputID=094bfe24bec1f3cd1f864c36c3361d41 DependenciesID=2f3d08e245b40ddb51f46a3b1cb9ee66 StaticDependenciesID=dcc22a16d7196a8ec0e222c47834be30 
Number of updated asset objects reloaded before import = 0Number of asset objects unloaded after import = 6

========================================================================
Received Import Request.
  Time since last request: 19.495797 seconds.
  path: Assets/Prefabs/Obstacle.prefab
  importAddress: Guid(383ae7706609c6643b9cfd0572a7c58e) Importer(815301076,1909f56bfc062723c751e8b465ee728b)
Start importing Assets/Prefabs/Obstacle.prefab using Guid(383ae7706609c6643b9cfd0572a7c58e) Importer(815301076,1909f56bfc062723c751e8b465ee728b) (PreviewImporter) -> (Import Result ID: '02cd198e21be84bb029b3718c39d95c1') in 0.015302 seconds [static and dynamic dependencies]. Details - ImportResultOutputID=e4cc47e8485d8584655fb67fc5bc7446 DependenciesID=97df33075d1702368c33a60b3ee1fc3c StaticDependenciesID=6647bf030319a59119ea4053dd0d135f 
Number of updated asset objects reloaded before import = 0Number of asset objects unloaded after import = 13

========================================================================
Received Import Request.
  Time since last request: 16.251160 seconds.
  path: Assets/Prefabs/Obstacle.prefab
  importAddress: Guid(383ae7706609c6643b9cfd0572a7c58e) Importer(815301076,1909f56bfc062723c751e8b465ee728b)
Start importing Assets/Prefabs/Obstacle.prefab using Guid(383ae7706609c6643b9cfd0572a7c58e) Importer(815301076,1909f56bfc062723c751e8b465ee728b) (PreviewImporter) -> (Import Result ID: '3f1c577dd5647f8aa268e8a420f36b61') in 0.0156177 seconds [static and dynamic dependencies]. Details - ImportResultOutputID=e90f6b09e14a1b2b366ca6daf5edc912 DependenciesID=04f58c846101bd96681c717f4d48f8d9 StaticDependenciesID=aa0ef2b8043a068af75552d03226012c 
Number of updated asset objects reloaded before import = 0Number of asset objects unloaded after import = 13

========================================================================
Received Prepare
Begin MonoManager ReloadAssembly
[Licensing::Client] Successfully resolved entitlement details
Assembly Assembly-CSharp-Editor-firstpass.dll at Library/ScriptAssemblies/Assembly-CSharp-Editor-firstpass.dll not valid. Loading of assembly skipped.
Assembly Assembly-CSharp-firstpass.dll at Library/ScriptAssemblies/Assembly-CSharp-firstpass.dll not valid. Loading of assembly skipped.
Assembly DocCodeExamples.dll at Library/ScriptAssemblies/DocCodeExamples.dll not valid. Loading of assembly skipped.
Assembly TestNewCustomAssembly.dll at Library/ScriptAssemblies/TestNewCustomAssembly.dll not valid. Loading of assembly skipped.
Assembly Unity.Collections.BurstCompatibilityGen.dll at Library/ScriptAssemblies/Unity.Collections.BurstCompatibilityGen.dll not valid. Loading of assembly skipped.
Assembly Unity.Collections.DocCodeSamples.dll at Library/ScriptAssemblies/Unity.Collections.DocCodeSamples.dll not valid. Loading of assembly skipped.
Assembly Unity.Collections.PerformanceTests.dll at Library/ScriptAssemblies/Unity.Collections.PerformanceTests.dll not valid. Loading of assembly skipped.
Assembly Unity.Collections.Tests.dll at Library/ScriptAssemblies/Unity.Collections.Tests.dll not valid. Loading of assembly skipped.
Assembly Unity.Collections.Tests.Playmode.dll at Library/ScriptAssemblies/Unity.Collections.Tests.Playmode.dll not valid. Loading of assembly skipped.
Assembly Unity.InputSystem.IntegrationTests.dll at Library/ScriptAssemblies/Unity.InputSystem.IntegrationTests.dll not valid. Loading of assembly skipped.
Assembly Unity.Mathematics.Tests.dll at Library/ScriptAssemblies/Unity.Mathematics.Tests.dll not valid. Loading of assembly skipped.
Assembly Unity.Multiplayer.Center.Editor.Tests.dll at Library/ScriptAssemblies/Unity.Multiplayer.Center.Editor.Tests.dll not valid. Loading of assembly skipped.
Assembly Unity.Multiplayer.Center.Tests.dll at Library/ScriptAssemblies/Unity.Multiplayer.Center.Tests.dll not valid. Loading of assembly skipped.
Assembly Unity.Nuget.Mono-Cecil.dll at Library/ScriptAssemblies/Unity.Nuget.Mono-Cecil.dll not valid. Loading of assembly skipped.
Assembly Unity.PathTracing.Editor.Tests.dll at Library/ScriptAssemblies/Unity.PathTracing.Editor.Tests.dll not valid. Loading of assembly skipped.
Assembly Unity.PathTracing.Runtime.Tests.dll at Library/ScriptAssemblies/Unity.PathTracing.Runtime.Tests.dll not valid. Loading of assembly skipped.
Assembly Unity.Postprocessing.Editor.Tests.dll at Library/ScriptAssemblies/Unity.Postprocessing.Editor.Tests.dll not valid. Loading of assembly skipped.
Assembly Unity.Postprocessing.Runtime.Tests.dll at Library/ScriptAssemblies/Unity.Postprocessing.Runtime.Tests.dll not valid. Loading of assembly skipped.
Assembly Unity.RenderPipelines.Core.Editor.Tests.dll at Library/ScriptAssemblies/Unity.RenderPipelines.Core.Editor.Tests.dll not valid. Loading of assembly skipped.
Assembly Unity.RenderPipelines.Core.Runtime.Tests.dll at Library/ScriptAssemblies/Unity.RenderPipelines.Core.Runtime.Tests.dll not valid. Loading of assembly skipped.
Assembly Unity.RenderPipelines.Universal.Config.Editor.Tests.dll at Library/ScriptAssemblies/Unity.RenderPipelines.Universal.Config.Editor.Tests.dll not valid. Loading of assembly skipped.
Assembly Unity.RenderPipelines.Universal.Editor.Tests.dll at Library/ScriptAssemblies/Unity.RenderPipelines.Universal.Editor.Tests.dll not valid. Loading of assembly skipped.
Assembly Unity.RenderPipelines.Universal.Runtime.Tests.dll at Library/ScriptAssemblies/Unity.RenderPipelines.Universal.Runtime.Tests.dll not valid. Loading of assembly skipped.
Assembly Unity.Searcher.EditorTests.dll at Library/ScriptAssemblies/Unity.Searcher.EditorTests.dll not valid. Loading of assembly skipped.
Assembly Unity.ShaderGraph.Editor.Tests.dll at Library/ScriptAssemblies/Unity.ShaderGraph.Editor.Tests.dll not valid. Loading of assembly skipped.
Assembly Unity.TextMeshPro.Editor.Tests.dll at Library/ScriptAssemblies/Unity.TextMeshPro.Editor.Tests.dll not valid. Loading of assembly skipped.
Assembly Unity.TextMeshPro.Tests.dll at Library/ScriptAssemblies/Unity.TextMeshPro.Tests.dll not valid. Loading of assembly skipped.
Assembly Unity.UnifiedRayTracing.Editor.Tests.dll at Library/ScriptAssemblies/Unity.UnifiedRayTracing.Editor.Tests.dll not valid. Loading of assembly skipped.
Assembly UnityEditor.UI.Common.Tests.dll at Library/ScriptAssemblies/UnityEditor.UI.Common.Tests.dll not valid. Loading of assembly skipped.
Assembly UnityEditor.UI.EditorTests.dll at Library/ScriptAssemblies/UnityEditor.UI.EditorTests.dll not valid. Loading of assembly skipped.
Assembly UnityEngine.UI.Tests.dll at Library/ScriptAssemblies/UnityEngine.UI.Tests.dll not valid. Loading of assembly skipped.
Native extension for WindowsStandalone target not found
Native extension for WebGL target not found
[Package Manager] Failed to launch server process. Reason: Unity was launched with the -noUpm command-line argument
[Package Manager] Unable to send message (not connected to server process).
[Package Manager] Cannot connect to Unity Package Manager local server
[Package Manager] Failed to launch server process. Reason: Unity was launched with the -noUpm command-line argument
[Package Manager] Unable to send message (not connected to server process).
[Package Manager] Cannot connect to Unity Package Manager local server
ScheduleIndexationOnStartup MainProcess:False IndexOnStartup:True
Mono: successfully reloaded assembly
- Finished resetting the current domain, in  0.697 seconds
Domain Reload Profiling: 1468ms
	BeginReloadAssembly (217ms)
		DisableScriptedObjects (20ms)
		CreateAndSetChildDomain (48ms)
	RebuildCommonClasses (32ms)
	RebuildNativeTypeToScriptingClass (11ms)
	initialDomainReloadingComplete (68ms)
	LoadAllAssembliesAndSetupDomain (442ms)
		LoadAssemblies (371ms)
		AnalyzeDomain (161ms)
			TypeCache.Refresh (5ms)
			BuildScriptInfoCaches (142ms)
			ResolveRequiredComponents (13ms)
	FinalizeReload (698ms)
		SetupLoadedEditorAssemblies (0ms)
			BeforeProcessingInitializeOnLoad (147ms)
			ProcessInitializeOnLoadAttributes (285ms)
			ProcessInitializeOnLoadMethodAttributes (80ms)
			AfterProcessingInitializeOnLoad (15ms)
		AwakeInstancesAfterBackupRestoration (22ms)
Unloading 36 Unused Serialized files (Serialized files now loaded: 0)
Unloading 6399 unused Assets / (7.4 MB). Loaded Objects now: 7417.
Memory consumption went from 179.3 MB to 172.0 MB.
Total: 9.835400 ms (FindLiveObjects: 0.949400 ms CreateObjectMapping: 0.709500 ms MarkObjects: 5.133800 ms  DeleteObjects: 3.041800 ms)

Prepare: number of updated asset objects reloaded= 0
========================================================================
Received Prepare
Begin MonoManager ReloadAssembly
[Licensing::Client] Successfully resolved entitlement details
Assembly Assembly-CSharp-Editor-firstpass.dll at Library/ScriptAssemblies/Assembly-CSharp-Editor-firstpass.dll not valid. Loading of assembly skipped.
Assembly Assembly-CSharp-firstpass.dll at Library/ScriptAssemblies/Assembly-CSharp-firstpass.dll not valid. Loading of assembly skipped.
Assembly DocCodeExamples.dll at Library/ScriptAssemblies/DocCodeExamples.dll not valid. Loading of assembly skipped.
Assembly TestNewCustomAssembly.dll at Library/ScriptAssemblies/TestNewCustomAssembly.dll not valid. Loading of assembly skipped.
Assembly Unity.Collections.BurstCompatibilityGen.dll at Library/ScriptAssemblies/Unity.Collections.BurstCompatibilityGen.dll not valid. Loading of assembly skipped.
Assembly Unity.Collections.DocCodeSamples.dll at Library/ScriptAssemblies/Unity.Collections.DocCodeSamples.dll not valid. Loading of assembly skipped.
Assembly Unity.Collections.PerformanceTests.dll at Library/ScriptAssemblies/Unity.Collections.PerformanceTests.dll not valid. Loading of assembly skipped.
Assembly Unity.Collections.Tests.dll at Library/ScriptAssemblies/Unity.Collections.Tests.dll not valid. Loading of assembly skipped.
Assembly Unity.Collections.Tests.Playmode.dll at Library/ScriptAssemblies/Unity.Collections.Tests.Playmode.dll not valid. Loading of assembly skipped.
Assembly Unity.InputSystem.IntegrationTests.dll at Library/ScriptAssemblies/Unity.InputSystem.IntegrationTests.dll not valid. Loading of assembly skipped.
Assembly Unity.Mathematics.Tests.dll at Library/ScriptAssemblies/Unity.Mathematics.Tests.dll not valid. Loading of assembly skipped.
Assembly Unity.Multiplayer.Center.Editor.Tests.dll at Library/ScriptAssemblies/Unity.Multiplayer.Center.Editor.Tests.dll not valid. Loading of assembly skipped.
Assembly Unity.Multiplayer.Center.Tests.dll at Library/ScriptAssemblies/Unity.Multiplayer.Center.Tests.dll not valid. Loading of assembly skipped.
Assembly Unity.Nuget.Mono-Cecil.dll at Library/ScriptAssemblies/Unity.Nuget.Mono-Cecil.dll not valid. Loading of assembly skipped.
Assembly Unity.PathTracing.Editor.Tests.dll at Library/ScriptAssemblies/Unity.PathTracing.Editor.Tests.dll not valid. Loading of assembly skipped.
Assembly Unity.PathTracing.Runtime.Tests.dll at Library/ScriptAssemblies/Unity.PathTracing.Runtime.Tests.dll not valid. Loading of assembly skipped.
Assembly Unity.Postprocessing.Editor.Tests.dll at Library/ScriptAssemblies/Unity.Postprocessing.Editor.Tests.dll not valid. Loading of assembly skipped.
Assembly Unity.Postprocessing.Runtime.Tests.dll at Library/ScriptAssemblies/Unity.Postprocessing.Runtime.Tests.dll not valid. Loading of assembly skipped.
Assembly Unity.RenderPipelines.Core.Editor.Tests.dll at Library/ScriptAssemblies/Unity.RenderPipelines.Core.Editor.Tests.dll not valid. Loading of assembly skipped.
Assembly Unity.RenderPipelines.Core.Runtime.Tests.dll at Library/ScriptAssemblies/Unity.RenderPipelines.Core.Runtime.Tests.dll not valid. Loading of assembly skipped.
Assembly Unity.RenderPipelines.Universal.Config.Editor.Tests.dll at Library/ScriptAssemblies/Unity.RenderPipelines.Universal.Config.Editor.Tests.dll not valid. Loading of assembly skipped.
Assembly Unity.RenderPipelines.Universal.Editor.Tests.dll at Library/ScriptAssemblies/Unity.RenderPipelines.Universal.Editor.Tests.dll not valid. Loading of assembly skipped.
Assembly Unity.RenderPipelines.Universal.Runtime.Tests.dll at Library/ScriptAssemblies/Unity.RenderPipelines.Universal.Runtime.Tests.dll not valid. Loading of assembly skipped.
Assembly Unity.Searcher.EditorTests.dll at Library/ScriptAssemblies/Unity.Searcher.EditorTests.dll not valid. Loading of assembly skipped.
Assembly Unity.ShaderGraph.Editor.Tests.dll at Library/ScriptAssemblies/Unity.ShaderGraph.Editor.Tests.dll not valid. Loading of assembly skipped.
Assembly Unity.TextMeshPro.Editor.Tests.dll at Library/ScriptAssemblies/Unity.TextMeshPro.Editor.Tests.dll not valid. Loading of assembly skipped.
Assembly Unity.TextMeshPro.Tests.dll at Library/ScriptAssemblies/Unity.TextMeshPro.Tests.dll not valid. Loading of assembly skipped.
Assembly Unity.UnifiedRayTracing.Editor.Tests.dll at Library/ScriptAssemblies/Unity.UnifiedRayTracing.Editor.Tests.dll not valid. Loading of assembly skipped.
Assembly UnityEditor.UI.Common.Tests.dll at Library/ScriptAssemblies/UnityEditor.UI.Common.Tests.dll not valid. Loading of assembly skipped.
Assembly UnityEditor.UI.EditorTests.dll at Library/ScriptAssemblies/UnityEditor.UI.EditorTests.dll not valid. Loading of assembly skipped.
Assembly UnityEngine.UI.Tests.dll at Library/ScriptAssemblies/UnityEngine.UI.Tests.dll not valid. Loading of assembly skipped.
Native extension for WindowsStandalone target not found
Native extension for WebGL target not found
[Package Manager] Failed to launch server process. Reason: Unity was launched with the -noUpm command-line argument
[Package Manager] Unable to send message (not connected to server process).
[Package Manager] Cannot connect to Unity Package Manager local server
[Package Manager] Failed to launch server process. Reason: Unity was launched with the -noUpm command-line argument
[Package Manager] Unable to send message (not connected to server process).
[Package Manager] Cannot connect to Unity Package Manager local server
ScheduleIndexationOnStartup MainProcess:False IndexOnStartup:True
Mono: successfully reloaded assembly
- Finished resetting the current domain, in  0.688 seconds
Domain Reload Profiling: 1452ms
	BeginReloadAssembly (204ms)
		DisableScriptedObjects (6ms)
		CreateAndSetChildDomain (41ms)
	RebuildCommonClasses (32ms)
	RebuildNativeTypeToScriptingClass (11ms)
	initialDomainReloadingComplete (71ms)
	LoadAllAssembliesAndSetupDomain (447ms)
		LoadAssemblies (371ms)
		AnalyzeDomain (169ms)
			TypeCache.Refresh (6ms)
			BuildScriptInfoCaches (152ms)
			ResolveRequiredComponents (9ms)
	FinalizeReload (688ms)
		SetupLoadedEditorAssemblies (0ms)
			InitializePlatformSupportModulesInManaged (3ms)
			BeforeProcessingInitializeOnLoad (152ms)
			ProcessInitializeOnLoadAttributes (271ms)
			ProcessInitializeOnLoadMethodAttributes (76ms)
			AfterProcessingInitializeOnLoad (16ms)
		AwakeInstancesAfterBackupRestoration (21ms)
Unloading 36 Unused Serialized files (Serialized files now loaded: 0)
Unloading 6398 unused Assets / (7.3 MB). Loaded Objects now: 7420.
Memory consumption went from 182.8 MB to 175.4 MB.
Total: 9.866700 ms (FindLiveObjects: 0.717000 ms CreateObjectMapping: 0.590800 ms MarkObjects: 5.439800 ms  DeleteObjects: 3.118000 ms)

Prepare: number of updated asset objects reloaded= 0
========================================================================
Received Import Request.
  Time since last request: 121.479516 seconds.
  path: Assets/Prefabs/Obstacle.prefab
  importAddress: Guid(383ae7706609c6643b9cfd0572a7c58e) Importer(815301076,1909f56bfc062723c751e8b465ee728b)
Start importing Assets/Prefabs/Obstacle.prefab using Guid(383ae7706609c6643b9cfd0572a7c58e) Importer(815301076,1909f56bfc062723c751e8b465ee728b) (PreviewImporter) -> (Import Result ID: '14c15e2ca6d370bb5eb5effe760ad631') in 0.4020557 seconds [static and dynamic dependencies]. Details - ImportResultOutputID=91f3fc49cf5cff882fa698f6b0f4404d DependenciesID=3f9bef5831b545e8e7e7bc367ce2e939 StaticDependenciesID=24b8660ab7aa0b8f80a853abb6fdd59d 
Number of updated asset objects reloaded before import = 0Number of asset objects unloaded after import = 11

========================================================================
Received Prepare
Begin MonoManager ReloadAssembly
Assembly Assembly-CSharp-Editor-firstpass.dll at Library/ScriptAssemblies/Assembly-CSharp-Editor-firstpass.dll not valid. Loading of assembly skipped.
Assembly Assembly-CSharp-firstpass.dll at Library/ScriptAssemblies/Assembly-CSharp-firstpass.dll not valid. Loading of assembly skipped.
Assembly DocCodeExamples.dll at Library/ScriptAssemblies/DocCodeExamples.dll not valid. Loading of assembly skipped.
Assembly TestNewCustomAssembly.dll at Library/ScriptAssemblies/TestNewCustomAssembly.dll not valid. Loading of assembly skipped.
Assembly Unity.Collections.BurstCompatibilityGen.dll at Library/ScriptAssemblies/Unity.Collections.BurstCompatibilityGen.dll not valid. Loading of assembly skipped.
Assembly Unity.Collections.DocCodeSamples.dll at Library/ScriptAssemblies/Unity.Collections.DocCodeSamples.dll not valid. Loading of assembly skipped.
Assembly Unity.Collections.PerformanceTests.dll at Library/ScriptAssemblies/Unity.Collections.PerformanceTests.dll not valid. Loading of assembly skipped.
Assembly Unity.Collections.Tests.dll at Library/ScriptAssemblies/Unity.Collections.Tests.dll not valid. Loading of assembly skipped.
Assembly Unity.Collections.Tests.Playmode.dll at Library/ScriptAssemblies/Unity.Collections.Tests.Playmode.dll not valid. Loading of assembly skipped.
Assembly Unity.InputSystem.IntegrationTests.dll at Library/ScriptAssemblies/Unity.InputSystem.IntegrationTests.dll not valid. Loading of assembly skipped.
Assembly Unity.Mathematics.Tests.dll at Library/ScriptAssemblies/Unity.Mathematics.Tests.dll not valid. Loading of assembly skipped.
Assembly Unity.Multiplayer.Center.Editor.Tests.dll at Library/ScriptAssemblies/Unity.Multiplayer.Center.Editor.Tests.dll not valid. Loading of assembly skipped.
Assembly Unity.Multiplayer.Center.Tests.dll at Library/ScriptAssemblies/Unity.Multiplayer.Center.Tests.dll not valid. Loading of assembly skipped.
Assembly Unity.Nuget.Mono-Cecil.dll at Library/ScriptAssemblies/Unity.Nuget.Mono-Cecil.dll not valid. Loading of assembly skipped.
Assembly Unity.PathTracing.Editor.Tests.dll at Library/ScriptAssemblies/Unity.PathTracing.Editor.Tests.dll not valid. Loading of assembly skipped.
Assembly Unity.PathTracing.Runtime.Tests.dll at Library/ScriptAssemblies/Unity.PathTracing.Runtime.Tests.dll not valid. Loading of assembly skipped.
Assembly Unity.Postprocessing.Editor.Tests.dll at Library/ScriptAssemblies/Unity.Postprocessing.Editor.Tests.dll not valid. Loading of assembly skipped.
Assembly Unity.Postprocessing.Runtime.Tests.dll at Library/ScriptAssemblies/Unity.Postprocessing.Runtime.Tests.dll not valid. Loading of assembly skipped.
Assembly Unity.RenderPipelines.Core.Editor.Tests.dll at Library/ScriptAssemblies/Unity.RenderPipelines.Core.Editor.Tests.dll not valid. Loading of assembly skipped.
Assembly Unity.RenderPipelines.Core.Runtime.Tests.dll at Library/ScriptAssemblies/Unity.RenderPipelines.Core.Runtime.Tests.dll not valid. Loading of assembly skipped.
Assembly Unity.RenderPipelines.Universal.Config.Editor.Tests.dll at Library/ScriptAssemblies/Unity.RenderPipelines.Universal.Config.Editor.Tests.dll not valid. Loading of assembly skipped.
Assembly Unity.RenderPipelines.Universal.Editor.Tests.dll at Library/ScriptAssemblies/Unity.RenderPipelines.Universal.Editor.Tests.dll not valid. Loading of assembly skipped.
Assembly Unity.RenderPipelines.Universal.Runtime.Tests.dll at Library/ScriptAssemblies/Unity.RenderPipelines.Universal.Runtime.Tests.dll not valid. Loading of assembly skipped.
Assembly Unity.Searcher.EditorTests.dll at Library/ScriptAssemblies/Unity.Searcher.EditorTests.dll not valid. Loading of assembly skipped.
Assembly Unity.ShaderGraph.Editor.Tests.dll at Library/ScriptAssemblies/Unity.ShaderGraph.Editor.Tests.dll not valid. Loading of assembly skipped.
Assembly Unity.TextMeshPro.Editor.Tests.dll at Library/ScriptAssemblies/Unity.TextMeshPro.Editor.Tests.dll not valid. Loading of assembly skipped.
Assembly Unity.TextMeshPro.Tests.dll at Library/ScriptAssemblies/Unity.TextMeshPro.Tests.dll not valid. Loading of assembly skipped.
Assembly Unity.UnifiedRayTracing.Editor.Tests.dll at Library/ScriptAssemblies/Unity.UnifiedRayTracing.Editor.Tests.dll not valid. Loading of assembly skipped.
Assembly UnityEditor.UI.Common.Tests.dll at Library/ScriptAssemblies/UnityEditor.UI.Common.Tests.dll not valid. Loading of assembly skipped.
Assembly UnityEditor.UI.EditorTests.dll at Library/ScriptAssemblies/UnityEditor.UI.EditorTests.dll not valid. Loading of assembly skipped.
Assembly UnityEngine.UI.Tests.dll at Library/ScriptAssemblies/UnityEngine.UI.Tests.dll not valid. Loading of assembly skipped.
Native extension for WindowsStandalone target not found
Native extension for WebGL target not found
[Package Manager] Failed to launch server process. Reason: Unity was launched with the -noUpm command-line argument
[Package Manager] Unable to send message (not connected to server process).
[Package Manager] Cannot connect to Unity Package Manager local server
[Package Manager] Failed to launch server process. Reason: Unity was launched with the -noUpm command-line argument
[Package Manager] Unable to send message (not connected to server process).
[Package Manager] Cannot connect to Unity Package Manager local server
ScheduleIndexationOnStartup MainProcess:False IndexOnStartup:True
Mono: successfully reloaded assembly
- Finished resetting the current domain, in  0.661 seconds
Domain Reload Profiling: 1412ms
	BeginReloadAssembly (206ms)
		DisableScriptedObjects (19ms)
		CreateAndSetChildDomain (44ms)
	RebuildCommonClasses (33ms)
	RebuildNativeTypeToScriptingClass (11ms)
	initialDomainReloadingComplete (70ms)
	LoadAllAssembliesAndSetupDomain (431ms)
		LoadAssemblies (358ms)
		AnalyzeDomain (159ms)
			TypeCache.Refresh (6ms)
			BuildScriptInfoCaches (143ms)
			ResolveRequiredComponents (9ms)
	FinalizeReload (661ms)
		SetupLoadedEditorAssemblies (0ms)
			BeforeProcessingInitializeOnLoad (141ms)
			ProcessInitializeOnLoadAttributes (275ms)
			ProcessInitializeOnLoadMethodAttributes (70ms)
			AfterProcessingInitializeOnLoad (12ms)
		AwakeInstancesAfterBackupRestoration (18ms)
Unloading 36 Unused Serialized files (Serialized files now loaded: 0)
Unloading 6399 unused Assets / (7.1 MB). Loaded Objects now: 7443.
Memory consumption went from 179.4 MB to 172.4 MB.
Total: 6.998400 ms (FindLiveObjects: 0.668000 ms CreateObjectMapping: 0.323700 ms MarkObjects: 4.160900 ms  DeleteObjects: 1.845100 ms)

Prepare: number of updated asset objects reloaded= 0
========================================================================
Received Prepare
Begin MonoManager ReloadAssembly
[Licensing::Client] Successfully resolved entitlement details
Assembly Assembly-CSharp-Editor-firstpass.dll at Library/ScriptAssemblies/Assembly-CSharp-Editor-firstpass.dll not valid. Loading of assembly skipped.
Assembly Assembly-CSharp-firstpass.dll at Library/ScriptAssemblies/Assembly-CSharp-firstpass.dll not valid. Loading of assembly skipped.
Assembly DocCodeExamples.dll at Library/ScriptAssemblies/DocCodeExamples.dll not valid. Loading of assembly skipped.
Assembly TestNewCustomAssembly.dll at Library/ScriptAssemblies/TestNewCustomAssembly.dll not valid. Loading of assembly skipped.
Assembly Unity.Collections.BurstCompatibilityGen.dll at Library/ScriptAssemblies/Unity.Collections.BurstCompatibilityGen.dll not valid. Loading of assembly skipped.
Assembly Unity.Collections.DocCodeSamples.dll at Library/ScriptAssemblies/Unity.Collections.DocCodeSamples.dll not valid. Loading of assembly skipped.
Assembly Unity.Collections.PerformanceTests.dll at Library/ScriptAssemblies/Unity.Collections.PerformanceTests.dll not valid. Loading of assembly skipped.
Assembly Unity.Collections.Tests.dll at Library/ScriptAssemblies/Unity.Collections.Tests.dll not valid. Loading of assembly skipped.
Assembly Unity.Collections.Tests.Playmode.dll at Library/ScriptAssemblies/Unity.Collections.Tests.Playmode.dll not valid. Loading of assembly skipped.
Assembly Unity.InputSystem.IntegrationTests.dll at Library/ScriptAssemblies/Unity.InputSystem.IntegrationTests.dll not valid. Loading of assembly skipped.
Assembly Unity.Mathematics.Tests.dll at Library/ScriptAssemblies/Unity.Mathematics.Tests.dll not valid. Loading of assembly skipped.
Assembly Unity.Multiplayer.Center.Editor.Tests.dll at Library/ScriptAssemblies/Unity.Multiplayer.Center.Editor.Tests.dll not valid. Loading of assembly skipped.
Assembly Unity.Multiplayer.Center.Tests.dll at Library/ScriptAssemblies/Unity.Multiplayer.Center.Tests.dll not valid. Loading of assembly skipped.
Assembly Unity.Nuget.Mono-Cecil.dll at Library/ScriptAssemblies/Unity.Nuget.Mono-Cecil.dll not valid. Loading of assembly skipped.
Assembly Unity.PathTracing.Editor.Tests.dll at Library/ScriptAssemblies/Unity.PathTracing.Editor.Tests.dll not valid. Loading of assembly skipped.
Assembly Unity.PathTracing.Runtime.Tests.dll at Library/ScriptAssemblies/Unity.PathTracing.Runtime.Tests.dll not valid. Loading of assembly skipped.
Assembly Unity.Postprocessing.Editor.Tests.dll at Library/ScriptAssemblies/Unity.Postprocessing.Editor.Tests.dll not valid. Loading of assembly skipped.
Assembly Unity.Postprocessing.Runtime.Tests.dll at Library/ScriptAssemblies/Unity.Postprocessing.Runtime.Tests.dll not valid. Loading of assembly skipped.
Assembly Unity.RenderPipelines.Core.Editor.Tests.dll at Library/ScriptAssemblies/Unity.RenderPipelines.Core.Editor.Tests.dll not valid. Loading of assembly skipped.
Assembly Unity.RenderPipelines.Core.Runtime.Tests.dll at Library/ScriptAssemblies/Unity.RenderPipelines.Core.Runtime.Tests.dll not valid. Loading of assembly skipped.
Assembly Unity.RenderPipelines.Universal.Config.Editor.Tests.dll at Library/ScriptAssemblies/Unity.RenderPipelines.Universal.Config.Editor.Tests.dll not valid. Loading of assembly skipped.
Assembly Unity.RenderPipelines.Universal.Editor.Tests.dll at Library/ScriptAssemblies/Unity.RenderPipelines.Universal.Editor.Tests.dll not valid. Loading of assembly skipped.
Assembly Unity.RenderPipelines.Universal.Runtime.Tests.dll at Library/ScriptAssemblies/Unity.RenderPipelines.Universal.Runtime.Tests.dll not valid. Loading of assembly skipped.
Assembly Unity.Searcher.EditorTests.dll at Library/ScriptAssemblies/Unity.Searcher.EditorTests.dll not valid. Loading of assembly skipped.
Assembly Unity.ShaderGraph.Editor.Tests.dll at Library/ScriptAssemblies/Unity.ShaderGraph.Editor.Tests.dll not valid. Loading of assembly skipped.
Assembly Unity.TextMeshPro.Editor.Tests.dll at Library/ScriptAssemblies/Unity.TextMeshPro.Editor.Tests.dll not valid. Loading of assembly skipped.
Assembly Unity.TextMeshPro.Tests.dll at Library/ScriptAssemblies/Unity.TextMeshPro.Tests.dll not valid. Loading of assembly skipped.
Assembly Unity.UnifiedRayTracing.Editor.Tests.dll at Library/ScriptAssemblies/Unity.UnifiedRayTracing.Editor.Tests.dll not valid. Loading of assembly skipped.
Assembly UnityEditor.UI.Common.Tests.dll at Library/ScriptAssemblies/UnityEditor.UI.Common.Tests.dll not valid. Loading of assembly skipped.
Assembly UnityEditor.UI.EditorTests.dll at Library/ScriptAssemblies/UnityEditor.UI.EditorTests.dll not valid. Loading of assembly skipped.
Assembly UnityEngine.UI.Tests.dll at Library/ScriptAssemblies/UnityEngine.UI.Tests.dll not valid. Loading of assembly skipped.
Native extension for WindowsStandalone target not found
Native extension for WebGL target not found
[Package Manager] Failed to launch server process. Reason: Unity was launched with the -noUpm command-line argument
[Package Manager] Unable to send message (not connected to server process).
[Package Manager] Cannot connect to Unity Package Manager local server
[Package Manager] Failed to launch server process. Reason: Unity was launched with the -noUpm command-line argument
[Package Manager] Unable to send message (not connected to server process).
[Package Manager] Cannot connect to Unity Package Manager local server
ScheduleIndexationOnStartup MainProcess:False IndexOnStartup:True
Mono: successfully reloaded assembly
- Finished resetting the current domain, in  0.703 seconds
Domain Reload Profiling: 1477ms
	BeginReloadAssembly (198ms)
		DisableScriptedObjects (5ms)
		CreateAndSetChildDomain (41ms)
	RebuildCommonClasses (33ms)
	RebuildNativeTypeToScriptingClass (11ms)
	initialDomainReloadingComplete (74ms)
	LoadAllAssembliesAndSetupDomain (458ms)
		LoadAssemblies (372ms)
		AnalyzeDomain (178ms)
			TypeCache.Refresh (6ms)
			BuildScriptInfoCaches (160ms)
			ResolveRequiredComponents (10ms)
	FinalizeReload (703ms)
		SetupLoadedEditorAssemblies (0ms)
			BeforeProcessingInitializeOnLoad (158ms)
			ProcessInitializeOnLoadAttributes (281ms)
			ProcessInitializeOnLoadMethodAttributes (71ms)
			AfterProcessingInitializeOnLoad (12ms)
		AwakeInstancesAfterBackupRestoration (21ms)
Unloading 36 Unused Serialized files (Serialized files now loaded: 0)
Unloading 6398 unused Assets / (7.7 MB). Loaded Objects now: 7446.
Memory consumption went from 182.9 MB to 175.2 MB.
Total: 9.427500 ms (FindLiveObjects: 0.787600 ms CreateObjectMapping: 0.582500 ms MarkObjects: 4.874200 ms  DeleteObjects: 3.181900 ms)

Prepare: number of updated asset objects reloaded= 0
========================================================================
Received Prepare
Begin MonoManager ReloadAssembly
[Licensing::Client] Successfully resolved entitlement details
Assembly Assembly-CSharp-Editor-firstpass.dll at Library/ScriptAssemblies/Assembly-CSharp-Editor-firstpass.dll not valid. Loading of assembly skipped.
Assembly Assembly-CSharp-firstpass.dll at Library/ScriptAssemblies/Assembly-CSharp-firstpass.dll not valid. Loading of assembly skipped.
Assembly DocCodeExamples.dll at Library/ScriptAssemblies/DocCodeExamples.dll not valid. Loading of assembly skipped.
Assembly TestNewCustomAssembly.dll at Library/ScriptAssemblies/TestNewCustomAssembly.dll not valid. Loading of assembly skipped.
Assembly Unity.Collections.BurstCompatibilityGen.dll at Library/ScriptAssemblies/Unity.Collections.BurstCompatibilityGen.dll not valid. Loading of assembly skipped.
Assembly Unity.Collections.DocCodeSamples.dll at Library/ScriptAssemblies/Unity.Collections.DocCodeSamples.dll not valid. Loading of assembly skipped.
Assembly Unity.Collections.PerformanceTests.dll at Library/ScriptAssemblies/Unity.Collections.PerformanceTests.dll not valid. Loading of assembly skipped.
Assembly Unity.Collections.Tests.dll at Library/ScriptAssemblies/Unity.Collections.Tests.dll not valid. Loading of assembly skipped.
Assembly Unity.Collections.Tests.Playmode.dll at Library/ScriptAssemblies/Unity.Collections.Tests.Playmode.dll not valid. Loading of assembly skipped.
Assembly Unity.InputSystem.IntegrationTests.dll at Library/ScriptAssemblies/Unity.InputSystem.IntegrationTests.dll not valid. Loading of assembly skipped.
Assembly Unity.Mathematics.Tests.dll at Library/ScriptAssemblies/Unity.Mathematics.Tests.dll not valid. Loading of assembly skipped.
Assembly Unity.Multiplayer.Center.Editor.Tests.dll at Library/ScriptAssemblies/Unity.Multiplayer.Center.Editor.Tests.dll not valid. Loading of assembly skipped.
Assembly Unity.Multiplayer.Center.Tests.dll at Library/ScriptAssemblies/Unity.Multiplayer.Center.Tests.dll not valid. Loading of assembly skipped.
Assembly Unity.Nuget.Mono-Cecil.dll at Library/ScriptAssemblies/Unity.Nuget.Mono-Cecil.dll not valid. Loading of assembly skipped.
Assembly Unity.PathTracing.Editor.Tests.dll at Library/ScriptAssemblies/Unity.PathTracing.Editor.Tests.dll not valid. Loading of assembly skipped.
Assembly Unity.PathTracing.Runtime.Tests.dll at Library/ScriptAssemblies/Unity.PathTracing.Runtime.Tests.dll not valid. Loading of assembly skipped.
Assembly Unity.Postprocessing.Editor.Tests.dll at Library/ScriptAssemblies/Unity.Postprocessing.Editor.Tests.dll not valid. Loading of assembly skipped.
Assembly Unity.Postprocessing.Runtime.Tests.dll at Library/ScriptAssemblies/Unity.Postprocessing.Runtime.Tests.dll not valid. Loading of assembly skipped.
Assembly Unity.RenderPipelines.Core.Editor.Tests.dll at Library/ScriptAssemblies/Unity.RenderPipelines.Core.Editor.Tests.dll not valid. Loading of assembly skipped.
Assembly Unity.RenderPipelines.Core.Runtime.Tests.dll at Library/ScriptAssemblies/Unity.RenderPipelines.Core.Runtime.Tests.dll not valid. Loading of assembly skipped.
Assembly Unity.RenderPipelines.Universal.Config.Editor.Tests.dll at Library/ScriptAssemblies/Unity.RenderPipelines.Universal.Config.Editor.Tests.dll not valid. Loading of assembly skipped.
Assembly Unity.RenderPipelines.Universal.Editor.Tests.dll at Library/ScriptAssemblies/Unity.RenderPipelines.Universal.Editor.Tests.dll not valid. Loading of assembly skipped.
Assembly Unity.RenderPipelines.Universal.Runtime.Tests.dll at Library/ScriptAssemblies/Unity.RenderPipelines.Universal.Runtime.Tests.dll not valid. Loading of assembly skipped.
Assembly Unity.Searcher.EditorTests.dll at Library/ScriptAssemblies/Unity.Searcher.EditorTests.dll not valid. Loading of assembly skipped.
Assembly Unity.ShaderGraph.Editor.Tests.dll at Library/ScriptAssemblies/Unity.ShaderGraph.Editor.Tests.dll not valid. Loading of assembly skipped.
Assembly Unity.TextMeshPro.Editor.Tests.dll at Library/ScriptAssemblies/Unity.TextMeshPro.Editor.Tests.dll not valid. Loading of assembly skipped.
Assembly Unity.TextMeshPro.Tests.dll at Library/ScriptAssemblies/Unity.TextMeshPro.Tests.dll not valid. Loading of assembly skipped.
Assembly Unity.UnifiedRayTracing.Editor.Tests.dll at Library/ScriptAssemblies/Unity.UnifiedRayTracing.Editor.Tests.dll not valid. Loading of assembly skipped.
Assembly UnityEditor.UI.Common.Tests.dll at Library/ScriptAssemblies/UnityEditor.UI.Common.Tests.dll not valid. Loading of assembly skipped.
Assembly UnityEditor.UI.EditorTests.dll at Library/ScriptAssemblies/UnityEditor.UI.EditorTests.dll not valid. Loading of assembly skipped.
Assembly UnityEngine.UI.Tests.dll at Library/ScriptAssemblies/UnityEngine.UI.Tests.dll not valid. Loading of assembly skipped.
Native extension for WindowsStandalone target not found
Native extension for WebGL target not found
[Package Manager] Failed to launch server process. Reason: Unity was launched with the -noUpm command-line argument
[Package Manager] Unable to send message (not connected to server process).
[Package Manager] Cannot connect to Unity Package Manager local server
[Package Manager] Failed to launch server process. Reason: Unity was launched with the -noUpm command-line argument
[Package Manager] Unable to send message (not connected to server process).
[Package Manager] Cannot connect to Unity Package Manager local server
ScheduleIndexationOnStartup MainProcess:False IndexOnStartup:True
Mono: successfully reloaded assembly
- Finished resetting the current domain, in  0.727 seconds
Domain Reload Profiling: 1486ms
	BeginReloadAssembly (197ms)
		DisableScriptedObjects (6ms)
		CreateAndSetChildDomain (38ms)
	RebuildCommonClasses (33ms)
	RebuildNativeTypeToScriptingClass (15ms)
	initialDomainReloadingComplete (73ms)
	LoadAllAssembliesAndSetupDomain (440ms)
		LoadAssemblies (372ms)
		AnalyzeDomain (160ms)
			TypeCache.Refresh (6ms)
			BuildScriptInfoCaches (143ms)
			ResolveRequiredComponents (9ms)
	FinalizeReload (728ms)
		SetupLoadedEditorAssemblies (0ms)
			BeforeProcessingInitializeOnLoad (158ms)
			ProcessInitializeOnLoadAttributes (304ms)
			ProcessInitializeOnLoadMethodAttributes (75ms)
			AfterProcessingInitializeOnLoad (14ms)
		AwakeInstancesAfterBackupRestoration (22ms)
Unloading 36 Unused Serialized files (Serialized files now loaded: 0)
Unloading 6398 unused Assets / (7.5 MB). Loaded Objects now: 7449.
Memory consumption went from 186.6 MB to 179.1 MB.
Total: 9.964500 ms (FindLiveObjects: 0.850000 ms CreateObjectMapping: 0.522900 ms MarkObjects: 5.147400 ms  DeleteObjects: 3.442800 ms)

Prepare: number of updated asset objects reloaded= 0
========================================================================
Received Prepare
Begin MonoManager ReloadAssembly
Assembly Assembly-CSharp-Editor-firstpass.dll at Library/ScriptAssemblies/Assembly-CSharp-Editor-firstpass.dll not valid. Loading of assembly skipped.
Assembly Assembly-CSharp-firstpass.dll at Library/ScriptAssemblies/Assembly-CSharp-firstpass.dll not valid. Loading of assembly skipped.
Assembly DocCodeExamples.dll at Library/ScriptAssemblies/DocCodeExamples.dll not valid. Loading of assembly skipped.
Assembly TestNewCustomAssembly.dll at Library/ScriptAssemblies/TestNewCustomAssembly.dll not valid. Loading of assembly skipped.
Assembly Unity.Collections.BurstCompatibilityGen.dll at Library/ScriptAssemblies/Unity.Collections.BurstCompatibilityGen.dll not valid. Loading of assembly skipped.
Assembly Unity.Collections.DocCodeSamples.dll at Library/ScriptAssemblies/Unity.Collections.DocCodeSamples.dll not valid. Loading of assembly skipped.
Assembly Unity.Collections.PerformanceTests.dll at Library/ScriptAssemblies/Unity.Collections.PerformanceTests.dll not valid. Loading of assembly skipped.
Assembly Unity.Collections.Tests.dll at Library/ScriptAssemblies/Unity.Collections.Tests.dll not valid. Loading of assembly skipped.
Assembly Unity.Collections.Tests.Playmode.dll at Library/ScriptAssemblies/Unity.Collections.Tests.Playmode.dll not valid. Loading of assembly skipped.
Assembly Unity.InputSystem.IntegrationTests.dll at Library/ScriptAssemblies/Unity.InputSystem.IntegrationTests.dll not valid. Loading of assembly skipped.
Assembly Unity.Mathematics.Tests.dll at Library/ScriptAssemblies/Unity.Mathematics.Tests.dll not valid. Loading of assembly skipped.
Assembly Unity.Multiplayer.Center.Editor.Tests.dll at Library/ScriptAssemblies/Unity.Multiplayer.Center.Editor.Tests.dll not valid. Loading of assembly skipped.
Assembly Unity.Multiplayer.Center.Tests.dll at Library/ScriptAssemblies/Unity.Multiplayer.Center.Tests.dll not valid. Loading of assembly skipped.
Assembly Unity.Nuget.Mono-Cecil.dll at Library/ScriptAssemblies/Unity.Nuget.Mono-Cecil.dll not valid. Loading of assembly skipped.
Assembly Unity.PathTracing.Editor.Tests.dll at Library/ScriptAssemblies/Unity.PathTracing.Editor.Tests.dll not valid. Loading of assembly skipped.
Assembly Unity.PathTracing.Runtime.Tests.dll at Library/ScriptAssemblies/Unity.PathTracing.Runtime.Tests.dll not valid. Loading of assembly skipped.
Assembly Unity.Postprocessing.Editor.Tests.dll at Library/ScriptAssemblies/Unity.Postprocessing.Editor.Tests.dll not valid. Loading of assembly skipped.
Assembly Unity.Postprocessing.Runtime.Tests.dll at Library/ScriptAssemblies/Unity.Postprocessing.Runtime.Tests.dll not valid. Loading of assembly skipped.
Assembly Unity.RenderPipelines.Core.Editor.Tests.dll at Library/ScriptAssemblies/Unity.RenderPipelines.Core.Editor.Tests.dll not valid. Loading of assembly skipped.
Assembly Unity.RenderPipelines.Core.Runtime.Tests.dll at Library/ScriptAssemblies/Unity.RenderPipelines.Core.Runtime.Tests.dll not valid. Loading of assembly skipped.
Assembly Unity.RenderPipelines.Universal.Config.Editor.Tests.dll at Library/ScriptAssemblies/Unity.RenderPipelines.Universal.Config.Editor.Tests.dll not valid. Loading of assembly skipped.
Assembly Unity.RenderPipelines.Universal.Editor.Tests.dll at Library/ScriptAssemblies/Unity.RenderPipelines.Universal.Editor.Tests.dll not valid. Loading of assembly skipped.
Assembly Unity.RenderPipelines.Universal.Runtime.Tests.dll at Library/ScriptAssemblies/Unity.RenderPipelines.Universal.Runtime.Tests.dll not valid. Loading of assembly skipped.
Assembly Unity.Searcher.EditorTests.dll at Library/ScriptAssemblies/Unity.Searcher.EditorTests.dll not valid. Loading of assembly skipped.
Assembly Unity.ShaderGraph.Editor.Tests.dll at Library/ScriptAssemblies/Unity.ShaderGraph.Editor.Tests.dll not valid. Loading of assembly skipped.
Assembly Unity.TextMeshPro.Editor.Tests.dll at Library/ScriptAssemblies/Unity.TextMeshPro.Editor.Tests.dll not valid. Loading of assembly skipped.
Assembly Unity.TextMeshPro.Tests.dll at Library/ScriptAssemblies/Unity.TextMeshPro.Tests.dll not valid. Loading of assembly skipped.
Assembly Unity.UnifiedRayTracing.Editor.Tests.dll at Library/ScriptAssemblies/Unity.UnifiedRayTracing.Editor.Tests.dll not valid. Loading of assembly skipped.
Assembly UnityEditor.UI.Common.Tests.dll at Library/ScriptAssemblies/UnityEditor.UI.Common.Tests.dll not valid. Loading of assembly skipped.
Assembly UnityEditor.UI.EditorTests.dll at Library/ScriptAssemblies/UnityEditor.UI.EditorTests.dll not valid. Loading of assembly skipped.
Assembly UnityEngine.UI.Tests.dll at Library/ScriptAssemblies/UnityEngine.UI.Tests.dll not valid. Loading of assembly skipped.
Native extension for WindowsStandalone target not found
Native extension for WebGL target not found
[Package Manager] Failed to launch server process. Reason: Unity was launched with the -noUpm command-line argument
[Package Manager] Unable to send message (not connected to server process).
[Package Manager] Cannot connect to Unity Package Manager local server
[Package Manager] Failed to launch server process. Reason: Unity was launched with the -noUpm command-line argument
[Package Manager] Unable to send message (not connected to server process).
[Package Manager] Cannot connect to Unity Package Manager local server
ScheduleIndexationOnStartup MainProcess:False IndexOnStartup:True
Mono: successfully reloaded assembly
- Finished resetting the current domain, in  0.692 seconds
Domain Reload Profiling: 1447ms
	BeginReloadAssembly (195ms)
		DisableScriptedObjects (5ms)
		CreateAndSetChildDomain (35ms)
	RebuildCommonClasses (34ms)
	RebuildNativeTypeToScriptingClass (11ms)
	initialDomainReloadingComplete (73ms)
	LoadAllAssembliesAndSetupDomain (442ms)
		LoadAssemblies (376ms)
		AnalyzeDomain (162ms)
			TypeCache.Refresh (6ms)
			BuildScriptInfoCaches (145ms)
			ResolveRequiredComponents (9ms)
	FinalizeReload (693ms)
		SetupLoadedEditorAssemblies (0ms)
			BeforeProcessingInitializeOnLoad (151ms)
			ProcessInitializeOnLoadAttributes (271ms)
			ProcessInitializeOnLoadMethodAttributes (78ms)
			AfterProcessingInitializeOnLoad (16ms)
		AwakeInstancesAfterBackupRestoration (23ms)
Refreshing native plugins compatible for Editor in 2.04 ms, found 3 plugins.
Unloading 36 Unused Serialized files (Serialized files now loaded: 0)
Unloading 6398 unused Assets / (7.1 MB). Loaded Objects now: 7452.
Memory consumption went from 190.3 MB to 183.2 MB.
Total: 9.792500 ms (FindLiveObjects: 1.109300 ms CreateObjectMapping: 0.590400 ms MarkObjects: 5.116600 ms  DeleteObjects: 2.975300 ms)

Prepare: number of updated asset objects reloaded= 0
========================================================================
Received Prepare
Begin MonoManager ReloadAssembly
Assembly Assembly-CSharp-Editor-firstpass.dll at Library/ScriptAssemblies/Assembly-CSharp-Editor-firstpass.dll not valid. Loading of assembly skipped.
Assembly Assembly-CSharp-firstpass.dll at Library/ScriptAssemblies/Assembly-CSharp-firstpass.dll not valid. Loading of assembly skipped.
Assembly DocCodeExamples.dll at Library/ScriptAssemblies/DocCodeExamples.dll not valid. Loading of assembly skipped.
Assembly TestNewCustomAssembly.dll at Library/ScriptAssemblies/TestNewCustomAssembly.dll not valid. Loading of assembly skipped.
Assembly Unity.Collections.BurstCompatibilityGen.dll at Library/ScriptAssemblies/Unity.Collections.BurstCompatibilityGen.dll not valid. Loading of assembly skipped.
Assembly Unity.Collections.DocCodeSamples.dll at Library/ScriptAssemblies/Unity.Collections.DocCodeSamples.dll not valid. Loading of assembly skipped.
Assembly Unity.Collections.PerformanceTests.dll at Library/ScriptAssemblies/Unity.Collections.PerformanceTests.dll not valid. Loading of assembly skipped.
Assembly Unity.Collections.Tests.dll at Library/ScriptAssemblies/Unity.Collections.Tests.dll not valid. Loading of assembly skipped.
Assembly Unity.Collections.Tests.Playmode.dll at Library/ScriptAssemblies/Unity.Collections.Tests.Playmode.dll not valid. Loading of assembly skipped.
Assembly Unity.InputSystem.IntegrationTests.dll at Library/ScriptAssemblies/Unity.InputSystem.IntegrationTests.dll not valid. Loading of assembly skipped.
Assembly Unity.Mathematics.Tests.dll at Library/ScriptAssemblies/Unity.Mathematics.Tests.dll not valid. Loading of assembly skipped.
Assembly Unity.Multiplayer.Center.Editor.Tests.dll at Library/ScriptAssemblies/Unity.Multiplayer.Center.Editor.Tests.dll not valid. Loading of assembly skipped.
Assembly Unity.Multiplayer.Center.Tests.dll at Library/ScriptAssemblies/Unity.Multiplayer.Center.Tests.dll not valid. Loading of assembly skipped.
Assembly Unity.Nuget.Mono-Cecil.dll at Library/ScriptAssemblies/Unity.Nuget.Mono-Cecil.dll not valid. Loading of assembly skipped.
Assembly Unity.PathTracing.Editor.Tests.dll at Library/ScriptAssemblies/Unity.PathTracing.Editor.Tests.dll not valid. Loading of assembly skipped.
Assembly Unity.PathTracing.Runtime.Tests.dll at Library/ScriptAssemblies/Unity.PathTracing.Runtime.Tests.dll not valid. Loading of assembly skipped.
Assembly Unity.Postprocessing.Editor.Tests.dll at Library/ScriptAssemblies/Unity.Postprocessing.Editor.Tests.dll not valid. Loading of assembly skipped.
Assembly Unity.Postprocessing.Runtime.Tests.dll at Library/ScriptAssemblies/Unity.Postprocessing.Runtime.Tests.dll not valid. Loading of assembly skipped.
Assembly Unity.RenderPipelines.Core.Editor.Tests.dll at Library/ScriptAssemblies/Unity.RenderPipelines.Core.Editor.Tests.dll not valid. Loading of assembly skipped.
Assembly Unity.RenderPipelines.Core.Runtime.Tests.dll at Library/ScriptAssemblies/Unity.RenderPipelines.Core.Runtime.Tests.dll not valid. Loading of assembly skipped.
Assembly Unity.RenderPipelines.Universal.Config.Editor.Tests.dll at Library/ScriptAssemblies/Unity.RenderPipelines.Universal.Config.Editor.Tests.dll not valid. Loading of assembly skipped.
Assembly Unity.RenderPipelines.Universal.Editor.Tests.dll at Library/ScriptAssemblies/Unity.RenderPipelines.Universal.Editor.Tests.dll not valid. Loading of assembly skipped.
Assembly Unity.RenderPipelines.Universal.Runtime.Tests.dll at Library/ScriptAssemblies/Unity.RenderPipelines.Universal.Runtime.Tests.dll not valid. Loading of assembly skipped.
Assembly Unity.Searcher.EditorTests.dll at Library/ScriptAssemblies/Unity.Searcher.EditorTests.dll not valid. Loading of assembly skipped.
Assembly Unity.ShaderGraph.Editor.Tests.dll at Library/ScriptAssemblies/Unity.ShaderGraph.Editor.Tests.dll not valid. Loading of assembly skipped.
Assembly Unity.TextMeshPro.Editor.Tests.dll at Library/ScriptAssemblies/Unity.TextMeshPro.Editor.Tests.dll not valid. Loading of assembly skipped.
Assembly Unity.TextMeshPro.Tests.dll at Library/ScriptAssemblies/Unity.TextMeshPro.Tests.dll not valid. Loading of assembly skipped.
Assembly Unity.UnifiedRayTracing.Editor.Tests.dll at Library/ScriptAssemblies/Unity.UnifiedRayTracing.Editor.Tests.dll not valid. Loading of assembly skipped.
Assembly UnityEditor.UI.Common.Tests.dll at Library/ScriptAssemblies/UnityEditor.UI.Common.Tests.dll not valid. Loading of assembly skipped.
Assembly UnityEditor.UI.EditorTests.dll at Library/ScriptAssemblies/UnityEditor.UI.EditorTests.dll not valid. Loading of assembly skipped.
Assembly UnityEngine.UI.Tests.dll at Library/ScriptAssemblies/UnityEngine.UI.Tests.dll not valid. Loading of assembly skipped.
Native extension for WindowsStandalone target not found
Native extension for WebGL target not found
[Package Manager] Failed to launch server process. Reason: Unity was launched with the -noUpm command-line argument
[Package Manager] Unable to send message (not connected to server process).
[Package Manager] Cannot connect to Unity Package Manager local server
[Package Manager] Failed to launch server process. Reason: Unity was launched with the -noUpm command-line argument
[Package Manager] Unable to send message (not connected to server process).
[Package Manager] Cannot connect to Unity Package Manager local server
ScheduleIndexationOnStartup MainProcess:False IndexOnStartup:True
Mono: successfully reloaded assembly
- Finished resetting the current domain, in  0.732 seconds
Domain Reload Profiling: 1486ms
	BeginReloadAssembly (190ms)
		DisableScriptedObjects (5ms)
		CreateAndSetChildDomain (35ms)
	RebuildCommonClasses (32ms)
	RebuildNativeTypeToScriptingClass (10ms)
	initialDomainReloadingComplete (71ms)
	LoadAllAssembliesAndSetupDomain (449ms)
		LoadAssemblies (374ms)
		AnalyzeDomain (166ms)
			TypeCache.Refresh (6ms)
			BuildScriptInfoCaches (150ms)
			ResolveRequiredComponents (9ms)
	FinalizeReload (733ms)
		SetupLoadedEditorAssemblies (0ms)
			BeforeProcessingInitializeOnLoad (162ms)
			ProcessInitializeOnLoadAttributes (296ms)
			ProcessInitializeOnLoadMethodAttributes (78ms)
			AfterProcessingInitializeOnLoad (15ms)
		AwakeInstancesAfterBackupRestoration (22ms)
Unloading 36 Unused Serialized files (Serialized files now loaded: 0)
Unloading 6398 unused Assets / (7.0 MB). Loaded Objects now: 7455.
Memory consumption went from 194.0 MB to 187.0 MB.
Total: 8.846900 ms (FindLiveObjects: 0.698900 ms CreateObjectMapping: 0.497200 ms MarkObjects: 5.024800 ms  DeleteObjects: 2.624900 ms)

Prepare: number of updated asset objects reloaded= 0
========================================================================
Received Prepare
Begin MonoManager ReloadAssembly
Assembly Assembly-CSharp-Editor-firstpass.dll at Library/ScriptAssemblies/Assembly-CSharp-Editor-firstpass.dll not valid. Loading of assembly skipped.
Assembly Assembly-CSharp-firstpass.dll at Library/ScriptAssemblies/Assembly-CSharp-firstpass.dll not valid. Loading of assembly skipped.
Assembly DocCodeExamples.dll at Library/ScriptAssemblies/DocCodeExamples.dll not valid. Loading of assembly skipped.
Assembly TestNewCustomAssembly.dll at Library/ScriptAssemblies/TestNewCustomAssembly.dll not valid. Loading of assembly skipped.
Assembly Unity.Collections.BurstCompatibilityGen.dll at Library/ScriptAssemblies/Unity.Collections.BurstCompatibilityGen.dll not valid. Loading of assembly skipped.
Assembly Unity.Collections.DocCodeSamples.dll at Library/ScriptAssemblies/Unity.Collections.DocCodeSamples.dll not valid. Loading of assembly skipped.
Assembly Unity.Collections.PerformanceTests.dll at Library/ScriptAssemblies/Unity.Collections.PerformanceTests.dll not valid. Loading of assembly skipped.
Assembly Unity.Collections.Tests.dll at Library/ScriptAssemblies/Unity.Collections.Tests.dll not valid. Loading of assembly skipped.
Assembly Unity.Collections.Tests.Playmode.dll at Library/ScriptAssemblies/Unity.Collections.Tests.Playmode.dll not valid. Loading of assembly skipped.
Assembly Unity.InputSystem.IntegrationTests.dll at Library/ScriptAssemblies/Unity.InputSystem.IntegrationTests.dll not valid. Loading of assembly skipped.
Assembly Unity.Mathematics.Tests.dll at Library/ScriptAssemblies/Unity.Mathematics.Tests.dll not valid. Loading of assembly skipped.
Assembly Unity.Multiplayer.Center.Editor.Tests.dll at Library/ScriptAssemblies/Unity.Multiplayer.Center.Editor.Tests.dll not valid. Loading of assembly skipped.
Assembly Unity.Multiplayer.Center.Tests.dll at Library/ScriptAssemblies/Unity.Multiplayer.Center.Tests.dll not valid. Loading of assembly skipped.
Assembly Unity.Nuget.Mono-Cecil.dll at Library/ScriptAssemblies/Unity.Nuget.Mono-Cecil.dll not valid. Loading of assembly skipped.
Assembly Unity.PathTracing.Editor.Tests.dll at Library/ScriptAssemblies/Unity.PathTracing.Editor.Tests.dll not valid. Loading of assembly skipped.
Assembly Unity.PathTracing.Runtime.Tests.dll at Library/ScriptAssemblies/Unity.PathTracing.Runtime.Tests.dll not valid. Loading of assembly skipped.
Assembly Unity.Postprocessing.Editor.Tests.dll at Library/ScriptAssemblies/Unity.Postprocessing.Editor.Tests.dll not valid. Loading of assembly skipped.
Assembly Unity.Postprocessing.Runtime.Tests.dll at Library/ScriptAssemblies/Unity.Postprocessing.Runtime.Tests.dll not valid. Loading of assembly skipped.
Assembly Unity.RenderPipelines.Core.Editor.Tests.dll at Library/ScriptAssemblies/Unity.RenderPipelines.Core.Editor.Tests.dll not valid. Loading of assembly skipped.
Assembly Unity.RenderPipelines.Core.Runtime.Tests.dll at Library/ScriptAssemblies/Unity.RenderPipelines.Core.Runtime.Tests.dll not valid. Loading of assembly skipped.
Assembly Unity.RenderPipelines.Universal.Config.Editor.Tests.dll at Library/ScriptAssemblies/Unity.RenderPipelines.Universal.Config.Editor.Tests.dll not valid. Loading of assembly skipped.
Assembly Unity.RenderPipelines.Universal.Editor.Tests.dll at Library/ScriptAssemblies/Unity.RenderPipelines.Universal.Editor.Tests.dll not valid. Loading of assembly skipped.
Assembly Unity.RenderPipelines.Universal.Runtime.Tests.dll at Library/ScriptAssemblies/Unity.RenderPipelines.Universal.Runtime.Tests.dll not valid. Loading of assembly skipped.
Assembly Unity.Searcher.EditorTests.dll at Library/ScriptAssemblies/Unity.Searcher.EditorTests.dll not valid. Loading of assembly skipped.
Assembly Unity.ShaderGraph.Editor.Tests.dll at Library/ScriptAssemblies/Unity.ShaderGraph.Editor.Tests.dll not valid. Loading of assembly skipped.
Assembly Unity.TextMeshPro.Editor.Tests.dll at Library/ScriptAssemblies/Unity.TextMeshPro.Editor.Tests.dll not valid. Loading of assembly skipped.
Assembly Unity.TextMeshPro.Tests.dll at Library/ScriptAssemblies/Unity.TextMeshPro.Tests.dll not valid. Loading of assembly skipped.
Assembly Unity.UnifiedRayTracing.Editor.Tests.dll at Library/ScriptAssemblies/Unity.UnifiedRayTracing.Editor.Tests.dll not valid. Loading of assembly skipped.
Assembly UnityEditor.UI.Common.Tests.dll at Library/ScriptAssemblies/UnityEditor.UI.Common.Tests.dll not valid. Loading of assembly skipped.
Assembly UnityEditor.UI.EditorTests.dll at Library/ScriptAssemblies/UnityEditor.UI.EditorTests.dll not valid. Loading of assembly skipped.
Assembly UnityEngine.UI.Tests.dll at Library/ScriptAssemblies/UnityEngine.UI.Tests.dll not valid. Loading of assembly skipped.
Native extension for WindowsStandalone target not found
Native extension for WebGL target not found
[Package Manager] Failed to launch server process. Reason: Unity was launched with the -noUpm command-line argument
[Package Manager] Unable to send message (not connected to server process).
[Package Manager] Cannot connect to Unity Package Manager local server
[Package Manager] Failed to launch server process. Reason: Unity was launched with the -noUpm command-line argument
[Package Manager] Unable to send message (not connected to server process).
[Package Manager] Cannot connect to Unity Package Manager local server
ScheduleIndexationOnStartup MainProcess:False IndexOnStartup:True
Mono: successfully reloaded assembly
- Finished resetting the current domain, in  0.738 seconds
Domain Reload Profiling: 1486ms
	BeginReloadAssembly (196ms)
		DisableScriptedObjects (5ms)
		CreateAndSetChildDomain (39ms)
	RebuildCommonClasses (33ms)
	RebuildNativeTypeToScriptingClass (11ms)
	initialDomainReloadingComplete (71ms)
	LoadAllAssembliesAndSetupDomain (436ms)
		LoadAssemblies (369ms)
		AnalyzeDomain (160ms)
			TypeCache.Refresh (6ms)
			BuildScriptInfoCaches (144ms)
			ResolveRequiredComponents (9ms)
	FinalizeReload (739ms)
		SetupLoadedEditorAssemblies (0ms)
			BeforeProcessingInitializeOnLoad (167ms)
			ProcessInitializeOnLoadAttributes (311ms)
			ProcessInitializeOnLoadMethodAttributes (76ms)
			AfterProcessingInitializeOnLoad (15ms)
		AwakeInstancesAfterBackupRestoration (20ms)
Unloading 36 Unused Serialized files (Serialized files now loaded: 0)
Unloading 6398 unused Assets / (7.9 MB). Loaded Objects now: 7458.
Memory consumption went from 197.7 MB to 189.9 MB.
Total: 9.172500 ms (FindLiveObjects: 0.746800 ms CreateObjectMapping: 0.459500 ms MarkObjects: 4.850800 ms  DeleteObjects: 3.114000 ms)

Prepare: number of updated asset objects reloaded= 0
========================================================================
Received Prepare
Begin MonoManager ReloadAssembly
[Licensing::Client] Successfully resolved entitlement details
Assembly Assembly-CSharp-Editor-firstpass.dll at Library/ScriptAssemblies/Assembly-CSharp-Editor-firstpass.dll not valid. Loading of assembly skipped.
Assembly Assembly-CSharp-firstpass.dll at Library/ScriptAssemblies/Assembly-CSharp-firstpass.dll not valid. Loading of assembly skipped.
Assembly DocCodeExamples.dll at Library/ScriptAssemblies/DocCodeExamples.dll not valid. Loading of assembly skipped.
Assembly TestNewCustomAssembly.dll at Library/ScriptAssemblies/TestNewCustomAssembly.dll not valid. Loading of assembly skipped.
Assembly Unity.Collections.BurstCompatibilityGen.dll at Library/ScriptAssemblies/Unity.Collections.BurstCompatibilityGen.dll not valid. Loading of assembly skipped.
Assembly Unity.Collections.DocCodeSamples.dll at Library/ScriptAssemblies/Unity.Collections.DocCodeSamples.dll not valid. Loading of assembly skipped.
Assembly Unity.Collections.PerformanceTests.dll at Library/ScriptAssemblies/Unity.Collections.PerformanceTests.dll not valid. Loading of assembly skipped.
Assembly Unity.Collections.Tests.dll at Library/ScriptAssemblies/Unity.Collections.Tests.dll not valid. Loading of assembly skipped.
Assembly Unity.Collections.Tests.Playmode.dll at Library/ScriptAssemblies/Unity.Collections.Tests.Playmode.dll not valid. Loading of assembly skipped.
Assembly Unity.InputSystem.IntegrationTests.dll at Library/ScriptAssemblies/Unity.InputSystem.IntegrationTests.dll not valid. Loading of assembly skipped.
Assembly Unity.Mathematics.Tests.dll at Library/ScriptAssemblies/Unity.Mathematics.Tests.dll not valid. Loading of assembly skipped.
Assembly Unity.Multiplayer.Center.Editor.Tests.dll at Library/ScriptAssemblies/Unity.Multiplayer.Center.Editor.Tests.dll not valid. Loading of assembly skipped.
Assembly Unity.Multiplayer.Center.Tests.dll at Library/ScriptAssemblies/Unity.Multiplayer.Center.Tests.dll not valid. Loading of assembly skipped.
Assembly Unity.Nuget.Mono-Cecil.dll at Library/ScriptAssemblies/Unity.Nuget.Mono-Cecil.dll not valid. Loading of assembly skipped.
Assembly Unity.PathTracing.Editor.Tests.dll at Library/ScriptAssemblies/Unity.PathTracing.Editor.Tests.dll not valid. Loading of assembly skipped.
Assembly Unity.PathTracing.Runtime.Tests.dll at Library/ScriptAssemblies/Unity.PathTracing.Runtime.Tests.dll not valid. Loading of assembly skipped.
Assembly Unity.Postprocessing.Editor.Tests.dll at Library/ScriptAssemblies/Unity.Postprocessing.Editor.Tests.dll not valid. Loading of assembly skipped.
Assembly Unity.Postprocessing.Runtime.Tests.dll at Library/ScriptAssemblies/Unity.Postprocessing.Runtime.Tests.dll not valid. Loading of assembly skipped.
Assembly Unity.RenderPipelines.Core.Editor.Tests.dll at Library/ScriptAssemblies/Unity.RenderPipelines.Core.Editor.Tests.dll not valid. Loading of assembly skipped.
Assembly Unity.RenderPipelines.Core.Runtime.Tests.dll at Library/ScriptAssemblies/Unity.RenderPipelines.Core.Runtime.Tests.dll not valid. Loading of assembly skipped.
Assembly Unity.RenderPipelines.Universal.Config.Editor.Tests.dll at Library/ScriptAssemblies/Unity.RenderPipelines.Universal.Config.Editor.Tests.dll not valid. Loading of assembly skipped.
Assembly Unity.RenderPipelines.Universal.Editor.Tests.dll at Library/ScriptAssemblies/Unity.RenderPipelines.Universal.Editor.Tests.dll not valid. Loading of assembly skipped.
Assembly Unity.RenderPipelines.Universal.Runtime.Tests.dll at Library/ScriptAssemblies/Unity.RenderPipelines.Universal.Runtime.Tests.dll not valid. Loading of assembly skipped.
Assembly Unity.Searcher.EditorTests.dll at Library/ScriptAssemblies/Unity.Searcher.EditorTests.dll not valid. Loading of assembly skipped.
Assembly Unity.ShaderGraph.Editor.Tests.dll at Library/ScriptAssemblies/Unity.ShaderGraph.Editor.Tests.dll not valid. Loading of assembly skipped.
Assembly Unity.TextMeshPro.Editor.Tests.dll at Library/ScriptAssemblies/Unity.TextMeshPro.Editor.Tests.dll not valid. Loading of assembly skipped.
Assembly Unity.TextMeshPro.Tests.dll at Library/ScriptAssemblies/Unity.TextMeshPro.Tests.dll not valid. Loading of assembly skipped.
Assembly Unity.UnifiedRayTracing.Editor.Tests.dll at Library/ScriptAssemblies/Unity.UnifiedRayTracing.Editor.Tests.dll not valid. Loading of assembly skipped.
Assembly UnityEditor.UI.Common.Tests.dll at Library/ScriptAssemblies/UnityEditor.UI.Common.Tests.dll not valid. Loading of assembly skipped.
Assembly UnityEditor.UI.EditorTests.dll at Library/ScriptAssemblies/UnityEditor.UI.EditorTests.dll not valid. Loading of assembly skipped.
Assembly UnityEngine.UI.Tests.dll at Library/ScriptAssemblies/UnityEngine.UI.Tests.dll not valid. Loading of assembly skipped.
Native extension for WindowsStandalone target not found
Native extension for WebGL target not found
[Package Manager] Failed to launch server process. Reason: Unity was launched with the -noUpm command-line argument
[Package Manager] Unable to send message (not connected to server process).
[Package Manager] Cannot connect to Unity Package Manager local server
[Package Manager] Failed to launch server process. Reason: Unity was launched with the -noUpm command-line argument
[Package Manager] Unable to send message (not connected to server process).
[Package Manager] Cannot connect to Unity Package Manager local server
ScheduleIndexationOnStartup MainProcess:False IndexOnStartup:True
Mono: successfully reloaded assembly
- Finished resetting the current domain, in  0.649 seconds
Domain Reload Profiling: 1409ms
	BeginReloadAssembly (199ms)
		DisableScriptedObjects (5ms)
		CreateAndSetChildDomain (39ms)
	RebuildCommonClasses (32ms)
	RebuildNativeTypeToScriptingClass (11ms)
	initialDomainReloadingComplete (73ms)
	LoadAllAssembliesAndSetupDomain (444ms)
		LoadAssemblies (373ms)
		AnalyzeDomain (165ms)
			TypeCache.Refresh (6ms)
			BuildScriptInfoCaches (149ms)
			ResolveRequiredComponents (9ms)
	FinalizeReload (650ms)
		SetupLoadedEditorAssemblies (0ms)
			BeforeProcessingInitializeOnLoad (144ms)
			ProcessInitializeOnLoadAttributes (261ms)
			ProcessInitializeOnLoadMethodAttributes (69ms)
			AfterProcessingInitializeOnLoad (13ms)
		AwakeInstancesAfterBackupRestoration (18ms)
Unloading 36 Unused Serialized files (Serialized files now loaded: 0)
Unloading 6398 unused Assets / (7.7 MB). Loaded Objects now: 7461.
Memory consumption went from 201.4 MB to 193.7 MB.
Total: 9.404000 ms (FindLiveObjects: 0.615600 ms CreateObjectMapping: 0.305100 ms MarkObjects: 5.344900 ms  DeleteObjects: 3.137200 ms)

Prepare: number of updated asset objects reloaded= 0
========================================================================
Received Prepare
Begin MonoManager ReloadAssembly
[Licensing::Client] Successfully resolved entitlement details
Assembly Assembly-CSharp-Editor-firstpass.dll at Library/ScriptAssemblies/Assembly-CSharp-Editor-firstpass.dll not valid. Loading of assembly skipped.
Assembly Assembly-CSharp-firstpass.dll at Library/ScriptAssemblies/Assembly-CSharp-firstpass.dll not valid. Loading of assembly skipped.
Assembly DocCodeExamples.dll at Library/ScriptAssemblies/DocCodeExamples.dll not valid. Loading of assembly skipped.
Assembly TestNewCustomAssembly.dll at Library/ScriptAssemblies/TestNewCustomAssembly.dll not valid. Loading of assembly skipped.
Assembly Unity.Collections.BurstCompatibilityGen.dll at Library/ScriptAssemblies/Unity.Collections.BurstCompatibilityGen.dll not valid. Loading of assembly skipped.
Assembly Unity.Collections.DocCodeSamples.dll at Library/ScriptAssemblies/Unity.Collections.DocCodeSamples.dll not valid. Loading of assembly skipped.
Assembly Unity.Collections.PerformanceTests.dll at Library/ScriptAssemblies/Unity.Collections.PerformanceTests.dll not valid. Loading of assembly skipped.
Assembly Unity.Collections.Tests.dll at Library/ScriptAssemblies/Unity.Collections.Tests.dll not valid. Loading of assembly skipped.
Assembly Unity.Collections.Tests.Playmode.dll at Library/ScriptAssemblies/Unity.Collections.Tests.Playmode.dll not valid. Loading of assembly skipped.
Assembly Unity.InputSystem.IntegrationTests.dll at Library/ScriptAssemblies/Unity.InputSystem.IntegrationTests.dll not valid. Loading of assembly skipped.
Assembly Unity.Mathematics.Tests.dll at Library/ScriptAssemblies/Unity.Mathematics.Tests.dll not valid. Loading of assembly skipped.
Assembly Unity.Multiplayer.Center.Editor.Tests.dll at Library/ScriptAssemblies/Unity.Multiplayer.Center.Editor.Tests.dll not valid. Loading of assembly skipped.
Assembly Unity.Multiplayer.Center.Tests.dll at Library/ScriptAssemblies/Unity.Multiplayer.Center.Tests.dll not valid. Loading of assembly skipped.
Assembly Unity.Nuget.Mono-Cecil.dll at Library/ScriptAssemblies/Unity.Nuget.Mono-Cecil.dll not valid. Loading of assembly skipped.
Assembly Unity.PathTracing.Editor.Tests.dll at Library/ScriptAssemblies/Unity.PathTracing.Editor.Tests.dll not valid. Loading of assembly skipped.
Assembly Unity.PathTracing.Runtime.Tests.dll at Library/ScriptAssemblies/Unity.PathTracing.Runtime.Tests.dll not valid. Loading of assembly skipped.
Assembly Unity.Postprocessing.Editor.Tests.dll at Library/ScriptAssemblies/Unity.Postprocessing.Editor.Tests.dll not valid. Loading of assembly skipped.
Assembly Unity.Postprocessing.Runtime.Tests.dll at Library/ScriptAssemblies/Unity.Postprocessing.Runtime.Tests.dll not valid. Loading of assembly skipped.
Assembly Unity.RenderPipelines.Core.Editor.Tests.dll at Library/ScriptAssemblies/Unity.RenderPipelines.Core.Editor.Tests.dll not valid. Loading of assembly skipped.
Assembly Unity.RenderPipelines.Core.Runtime.Tests.dll at Library/ScriptAssemblies/Unity.RenderPipelines.Core.Runtime.Tests.dll not valid. Loading of assembly skipped.
Assembly Unity.RenderPipelines.Universal.Config.Editor.Tests.dll at Library/ScriptAssemblies/Unity.RenderPipelines.Universal.Config.Editor.Tests.dll not valid. Loading of assembly skipped.
Assembly Unity.RenderPipelines.Universal.Editor.Tests.dll at Library/ScriptAssemblies/Unity.RenderPipelines.Universal.Editor.Tests.dll not valid. Loading of assembly skipped.
Assembly Unity.RenderPipelines.Universal.Runtime.Tests.dll at Library/ScriptAssemblies/Unity.RenderPipelines.Universal.Runtime.Tests.dll not valid. Loading of assembly skipped.
Assembly Unity.Searcher.EditorTests.dll at Library/ScriptAssemblies/Unity.Searcher.EditorTests.dll not valid. Loading of assembly skipped.
Assembly Unity.ShaderGraph.Editor.Tests.dll at Library/ScriptAssemblies/Unity.ShaderGraph.Editor.Tests.dll not valid. Loading of assembly skipped.
Assembly Unity.TextMeshPro.Editor.Tests.dll at Library/ScriptAssemblies/Unity.TextMeshPro.Editor.Tests.dll not valid. Loading of assembly skipped.
Assembly Unity.TextMeshPro.Tests.dll at Library/ScriptAssemblies/Unity.TextMeshPro.Tests.dll not valid. Loading of assembly skipped.
Assembly Unity.UnifiedRayTracing.Editor.Tests.dll at Library/ScriptAssemblies/Unity.UnifiedRayTracing.Editor.Tests.dll not valid. Loading of assembly skipped.
Assembly UnityEditor.UI.Common.Tests.dll at Library/ScriptAssemblies/UnityEditor.UI.Common.Tests.dll not valid. Loading of assembly skipped.
Assembly UnityEditor.UI.EditorTests.dll at Library/ScriptAssemblies/UnityEditor.UI.EditorTests.dll not valid. Loading of assembly skipped.
Assembly UnityEngine.UI.Tests.dll at Library/ScriptAssemblies/UnityEngine.UI.Tests.dll not valid. Loading of assembly skipped.
Native extension for WindowsStandalone target not found
Native extension for WebGL target not found
[Package Manager] Failed to launch server process. Reason: Unity was launched with the -noUpm command-line argument
[Package Manager] Unable to send message (not connected to server process).
[Package Manager] Cannot connect to Unity Package Manager local server
[Package Manager] Failed to launch server process. Reason: Unity was launched with the -noUpm command-line argument
[Package Manager] Unable to send message (not connected to server process).
[Package Manager] Cannot connect to Unity Package Manager local server
ScheduleIndexationOnStartup MainProcess:False IndexOnStartup:True
Mono: successfully reloaded assembly
- Finished resetting the current domain, in  0.749 seconds
Domain Reload Profiling: 1565ms
	BeginReloadAssembly (204ms)
		DisableScriptedObjects (6ms)
		CreateAndSetChildDomain (40ms)
	RebuildCommonClasses (35ms)
	RebuildNativeTypeToScriptingClass (11ms)
	initialDomainReloadingComplete (79ms)
	LoadAllAssembliesAndSetupDomain (487ms)
		LoadAssemblies (411ms)
		AnalyzeDomain (171ms)
			TypeCache.Refresh (6ms)
			BuildScriptInfoCaches (155ms)
			ResolveRequiredComponents (9ms)
	FinalizeReload (749ms)
		SetupLoadedEditorAssemblies (0ms)
			BeforeProcessingInitializeOnLoad (163ms)
			ProcessInitializeOnLoadAttributes (304ms)
			ProcessInitializeOnLoadMethodAttributes (83ms)
			AfterProcessingInitializeOnLoad (15ms)
		AwakeInstancesAfterBackupRestoration (25ms)
Unloading 36 Unused Serialized files (Serialized files now loaded: 0)
Unloading 6398 unused Assets / (7.4 MB). Loaded Objects now: 7464.
Memory consumption went from 205.1 MB to 197.8 MB.
Total: 10.622300 ms (FindLiveObjects: 0.858100 ms CreateObjectMapping: 1.007500 ms MarkObjects: 5.120000 ms  DeleteObjects: 3.635600 ms)

Prepare: number of updated asset objects reloaded= 0
========================================================================
Received Prepare
Begin MonoManager ReloadAssembly
Assembly Assembly-CSharp-Editor-firstpass.dll at Library/ScriptAssemblies/Assembly-CSharp-Editor-firstpass.dll not valid. Loading of assembly skipped.
Assembly Assembly-CSharp-firstpass.dll at Library/ScriptAssemblies/Assembly-CSharp-firstpass.dll not valid. Loading of assembly skipped.
Assembly DocCodeExamples.dll at Library/ScriptAssemblies/DocCodeExamples.dll not valid. Loading of assembly skipped.
Assembly TestNewCustomAssembly.dll at Library/ScriptAssemblies/TestNewCustomAssembly.dll not valid. Loading of assembly skipped.
Assembly Unity.Collections.BurstCompatibilityGen.dll at Library/ScriptAssemblies/Unity.Collections.BurstCompatibilityGen.dll not valid. Loading of assembly skipped.
Assembly Unity.Collections.DocCodeSamples.dll at Library/ScriptAssemblies/Unity.Collections.DocCodeSamples.dll not valid. Loading of assembly skipped.
Assembly Unity.Collections.PerformanceTests.dll at Library/ScriptAssemblies/Unity.Collections.PerformanceTests.dll not valid. Loading of assembly skipped.
Assembly Unity.Collections.Tests.dll at Library/ScriptAssemblies/Unity.Collections.Tests.dll not valid. Loading of assembly skipped.
Assembly Unity.Collections.Tests.Playmode.dll at Library/ScriptAssemblies/Unity.Collections.Tests.Playmode.dll not valid. Loading of assembly skipped.
Assembly Unity.InputSystem.IntegrationTests.dll at Library/ScriptAssemblies/Unity.InputSystem.IntegrationTests.dll not valid. Loading of assembly skipped.
Assembly Unity.Mathematics.Tests.dll at Library/ScriptAssemblies/Unity.Mathematics.Tests.dll not valid. Loading of assembly skipped.
Assembly Unity.Multiplayer.Center.Editor.Tests.dll at Library/ScriptAssemblies/Unity.Multiplayer.Center.Editor.Tests.dll not valid. Loading of assembly skipped.
Assembly Unity.Multiplayer.Center.Tests.dll at Library/ScriptAssemblies/Unity.Multiplayer.Center.Tests.dll not valid. Loading of assembly skipped.
Assembly Unity.Nuget.Mono-Cecil.dll at Library/ScriptAssemblies/Unity.Nuget.Mono-Cecil.dll not valid. Loading of assembly skipped.
Assembly Unity.PathTracing.Editor.Tests.dll at Library/ScriptAssemblies/Unity.PathTracing.Editor.Tests.dll not valid. Loading of assembly skipped.
Assembly Unity.PathTracing.Runtime.Tests.dll at Library/ScriptAssemblies/Unity.PathTracing.Runtime.Tests.dll not valid. Loading of assembly skipped.
Assembly Unity.Postprocessing.Editor.Tests.dll at Library/ScriptAssemblies/Unity.Postprocessing.Editor.Tests.dll not valid. Loading of assembly skipped.
Assembly Unity.Postprocessing.Runtime.Tests.dll at Library/ScriptAssemblies/Unity.Postprocessing.Runtime.Tests.dll not valid. Loading of assembly skipped.
Assembly Unity.RenderPipelines.Core.Editor.Tests.dll at Library/ScriptAssemblies/Unity.RenderPipelines.Core.Editor.Tests.dll not valid. Loading of assembly skipped.
Assembly Unity.RenderPipelines.Core.Runtime.Tests.dll at Library/ScriptAssemblies/Unity.RenderPipelines.Core.Runtime.Tests.dll not valid. Loading of assembly skipped.
Assembly Unity.RenderPipelines.Universal.Config.Editor.Tests.dll at Library/ScriptAssemblies/Unity.RenderPipelines.Universal.Config.Editor.Tests.dll not valid. Loading of assembly skipped.
Assembly Unity.RenderPipelines.Universal.Editor.Tests.dll at Library/ScriptAssemblies/Unity.RenderPipelines.Universal.Editor.Tests.dll not valid. Loading of assembly skipped.
Assembly Unity.RenderPipelines.Universal.Runtime.Tests.dll at Library/ScriptAssemblies/Unity.RenderPipelines.Universal.Runtime.Tests.dll not valid. Loading of assembly skipped.
Assembly Unity.Searcher.EditorTests.dll at Library/ScriptAssemblies/Unity.Searcher.EditorTests.dll not valid. Loading of assembly skipped.
Assembly Unity.ShaderGraph.Editor.Tests.dll at Library/ScriptAssemblies/Unity.ShaderGraph.Editor.Tests.dll not valid. Loading of assembly skipped.
Assembly Unity.TextMeshPro.Editor.Tests.dll at Library/ScriptAssemblies/Unity.TextMeshPro.Editor.Tests.dll not valid. Loading of assembly skipped.
Assembly Unity.TextMeshPro.Tests.dll at Library/ScriptAssemblies/Unity.TextMeshPro.Tests.dll not valid. Loading of assembly skipped.
Assembly Unity.UnifiedRayTracing.Editor.Tests.dll at Library/ScriptAssemblies/Unity.UnifiedRayTracing.Editor.Tests.dll not valid. Loading of assembly skipped.
Assembly UnityEditor.UI.Common.Tests.dll at Library/ScriptAssemblies/UnityEditor.UI.Common.Tests.dll not valid. Loading of assembly skipped.
Assembly UnityEditor.UI.EditorTests.dll at Library/ScriptAssemblies/UnityEditor.UI.EditorTests.dll not valid. Loading of assembly skipped.
Assembly UnityEngine.UI.Tests.dll at Library/ScriptAssemblies/UnityEngine.UI.Tests.dll not valid. Loading of assembly skipped.
Native extension for WindowsStandalone target not found
Native extension for WebGL target not found
[Package Manager] Failed to launch server process. Reason: Unity was launched with the -noUpm command-line argument
[Package Manager] Unable to send message (not connected to server process).
[Package Manager] Cannot connect to Unity Package Manager local server
[Package Manager] Failed to launch server process. Reason: Unity was launched with the -noUpm command-line argument
[Package Manager] Unable to send message (not connected to server process).
[Package Manager] Cannot connect to Unity Package Manager local server
ScheduleIndexationOnStartup MainProcess:False IndexOnStartup:True
Mono: successfully reloaded assembly
- Finished resetting the current domain, in  0.768 seconds
Domain Reload Profiling: 1558ms
	BeginReloadAssembly (209ms)
		DisableScriptedObjects (5ms)
		CreateAndSetChildDomain (44ms)
	RebuildCommonClasses (35ms)
	RebuildNativeTypeToScriptingClass (11ms)
	initialDomainReloadingComplete (75ms)
	LoadAllAssembliesAndSetupDomain (458ms)
		LoadAssemblies (392ms)
		AnalyzeDomain (163ms)
			TypeCache.Refresh (5ms)
			BuildScriptInfoCaches (147ms)
			ResolveRequiredComponents (10ms)
	FinalizeReload (769ms)
		SetupLoadedEditorAssemblies (0ms)
			BeforeProcessingInitializeOnLoad (168ms)
			ProcessInitializeOnLoadAttributes (309ms)
			ProcessInitializeOnLoadMethodAttributes (82ms)
			AfterProcessingInitializeOnLoad (14ms)
		AwakeInstancesAfterBackupRestoration (24ms)
Refreshing native plugins compatible for Editor in 2.01 ms, found 3 plugins.
Unloading 36 Unused Serialized files (Serialized files now loaded: 0)
Unloading 6398 unused Assets / (7.1 MB). Loaded Objects now: 7467.
Memory consumption went from 208.8 MB to 201.8 MB.
Total: 10.077300 ms (FindLiveObjects: 1.292200 ms CreateObjectMapping: 0.830300 ms MarkObjects: 5.114400 ms  DeleteObjects: 2.839300 ms)

Prepare: number of updated asset objects reloaded= 0
========================================================================
Received Import Request.
  Time since last request: 775.101077 seconds.
  path: Assets/Scripts/ObstacleSpawner.cs
  importAddress: Guid(b6df5cedd6e88d440bbb263392e8e1f8) Importer(815301076,1909f56bfc062723c751e8b465ee728b)
Start importing Assets/Scripts/ObstacleSpawner.cs using Guid(b6df5cedd6e88d440bbb263392e8e1f8) Importer(815301076,1909f56bfc062723c751e8b465ee728b) (PreviewImporter) -> (Import Result ID: '9c417e4799dd344afe7f13acdff76477') in 0.0036065 seconds [static and dynamic dependencies]. Details - ImportResultOutputID=5614ed83e5532e9ba6da87f61caac5cd DependenciesID=3c11c565165fa0a520d06974991ba948 StaticDependenciesID=070b404b8de3c1299f0179903612eb80 
Number of updated asset objects reloaded before import = 0Number of asset objects unloaded after import = 0

========================================================================
Received Prepare
Unloading 36 Unused Serialized files (Serialized files now loaded: 0)
Unloading 6392 unused Assets / (7.7 MB). Loaded Objects now: 7467.
Memory consumption went from 179.8 MB to 172.2 MB.
Total: 11.401300 ms (FindLiveObjects: 1.005400 ms CreateObjectMapping: 0.884400 ms MarkObjects: 6.015700 ms  DeleteObjects: 3.494400 ms)

Prepare: number of updated asset objects reloaded= 0
========================================================================
Received Import Request.
  Time since last request: 104.624573 seconds.
  path: Assets/Scripts/ObstacleSpawner.cs
  importAddress: Guid(b6df5cedd6e88d440bbb263392e8e1f8) Importer(815301076,1909f56bfc062723c751e8b465ee728b)
Start importing Assets/Scripts/ObstacleSpawner.cs using Guid(b6df5cedd6e88d440bbb263392e8e1f8) Importer(815301076,1909f56bfc062723c751e8b465ee728b) (PreviewImporter) -> (Import Result ID: '7de7e6a6030b66c77a3aad1d49463926') in 0.0008743 seconds [static and dynamic dependencies]. Details - ImportResultOutputID=5614ed83e5532e9ba6da87f61caac5cd DependenciesID=34eea131c1e4d62b84a8f299c03d358e StaticDependenciesID=1b95235b280a2583d0f9aaf7e4cc11be 
Number of updated asset objects reloaded before import = 0Number of asset objects unloaded after import = 0

========================================================================
Received Prepare
Refreshing native plugins compatible for Editor in 2.04 ms, found 3 plugins.
Unloading 36 Unused Serialized files (Serialized files now loaded: 0)
Unloading 6392 unused Assets / (6.7 MB). Loaded Objects now: 7467.
Memory consumption went from 179.8 MB to 173.2 MB.
Total: 7.598500 ms (FindLiveObjects: 0.668900 ms CreateObjectMapping: 0.390400 ms MarkObjects: 4.419900 ms  DeleteObjects: 2.118500 ms)

Prepare: number of updated asset objects reloaded= 0
========================================================================
Received Prepare
Unloading 36 Unused Serialized files (Serialized files now loaded: 0)
Unloading 6392 unused Assets / (8.1 MB). Loaded Objects now: 7467.
Memory consumption went from 183.5 MB to 175.4 MB.
Total: 9.858800 ms (FindLiveObjects: 0.890300 ms CreateObjectMapping: 0.669800 ms MarkObjects: 4.945800 ms  DeleteObjects: 3.351500 ms)

Prepare: number of updated asset objects reloaded= 0
========================================================================
Received Prepare
Unloading 36 Unused Serialized files (Serialized files now loaded: 0)
Unloading 6392 unused Assets / (7.7 MB). Loaded Objects now: 7467.
Memory consumption went from 187.1 MB to 179.4 MB.
Total: 7.677900 ms (FindLiveObjects: 0.634900 ms CreateObjectMapping: 0.297800 ms MarkObjects: 4.210600 ms  DeleteObjects: 2.533700 ms)

Prepare: number of updated asset objects reloaded= 0
========================================================================
Received Prepare
Unloading 36 Unused Serialized files (Serialized files now loaded: 0)
Unloading 6392 unused Assets / (7.0 MB). Loaded Objects now: 7467.
Memory consumption went from 190.8 MB to 183.8 MB.
Total: 7.152700 ms (FindLiveObjects: 0.641200 ms CreateObjectMapping: 0.303700 ms MarkObjects: 4.097700 ms  DeleteObjects: 2.109100 ms)

Prepare: number of updated asset objects reloaded= 0
========================================================================
Received Prepare
Unloading 36 Unused Serialized files (Serialized files now loaded: 0)
Unloading 6392 unused Assets / (7.3 MB). Loaded Objects now: 7467.
Memory consumption went from 194.4 MB to 187.2 MB.
Total: 8.311000 ms (FindLiveObjects: 0.660300 ms CreateObjectMapping: 0.409800 ms MarkObjects: 4.715000 ms  DeleteObjects: 2.524900 ms)

Prepare: number of updated asset objects reloaded= 0
========================================================================
Received Prepare
Unloading 36 Unused Serialized files (Serialized files now loaded: 0)
Unloading 6392 unused Assets / (7.2 MB). Loaded Objects now: 7467.
Memory consumption went from 198.1 MB to 190.9 MB.
Total: 7.657800 ms (FindLiveObjects: 0.609400 ms CreateObjectMapping: 0.316700 ms MarkObjects: 4.210600 ms  DeleteObjects: 2.520300 ms)

Prepare: number of updated asset objects reloaded= 0
========================================================================
Received Prepare
Begin MonoManager ReloadAssembly
[Licensing::Client] Successfully resolved entitlement details
Assembly Assembly-CSharp-Editor-firstpass.dll at Library/ScriptAssemblies/Assembly-CSharp-Editor-firstpass.dll not valid. Loading of assembly skipped.
Assembly Assembly-CSharp-firstpass.dll at Library/ScriptAssemblies/Assembly-CSharp-firstpass.dll not valid. Loading of assembly skipped.
Assembly DocCodeExamples.dll at Library/ScriptAssemblies/DocCodeExamples.dll not valid. Loading of assembly skipped.
Assembly TestNewCustomAssembly.dll at Library/ScriptAssemblies/TestNewCustomAssembly.dll not valid. Loading of assembly skipped.
Assembly Unity.Collections.BurstCompatibilityGen.dll at Library/ScriptAssemblies/Unity.Collections.BurstCompatibilityGen.dll not valid. Loading of assembly skipped.
Assembly Unity.Collections.DocCodeSamples.dll at Library/ScriptAssemblies/Unity.Collections.DocCodeSamples.dll not valid. Loading of assembly skipped.
Assembly Unity.Collections.PerformanceTests.dll at Library/ScriptAssemblies/Unity.Collections.PerformanceTests.dll not valid. Loading of assembly skipped.
Assembly Unity.Collections.Tests.dll at Library/ScriptAssemblies/Unity.Collections.Tests.dll not valid. Loading of assembly skipped.
Assembly Unity.Collections.Tests.Playmode.dll at Library/ScriptAssemblies/Unity.Collections.Tests.Playmode.dll not valid. Loading of assembly skipped.
Assembly Unity.InputSystem.IntegrationTests.dll at Library/ScriptAssemblies/Unity.InputSystem.IntegrationTests.dll not valid. Loading of assembly skipped.
Assembly Unity.Mathematics.Tests.dll at Library/ScriptAssemblies/Unity.Mathematics.Tests.dll not valid. Loading of assembly skipped.
Assembly Unity.Multiplayer.Center.Editor.Tests.dll at Library/ScriptAssemblies/Unity.Multiplayer.Center.Editor.Tests.dll not valid. Loading of assembly skipped.
Assembly Unity.Multiplayer.Center.Tests.dll at Library/ScriptAssemblies/Unity.Multiplayer.Center.Tests.dll not valid. Loading of assembly skipped.
Assembly Unity.Nuget.Mono-Cecil.dll at Library/ScriptAssemblies/Unity.Nuget.Mono-Cecil.dll not valid. Loading of assembly skipped.
Assembly Unity.PathTracing.Editor.Tests.dll at Library/ScriptAssemblies/Unity.PathTracing.Editor.Tests.dll not valid. Loading of assembly skipped.
Assembly Unity.PathTracing.Runtime.Tests.dll at Library/ScriptAssemblies/Unity.PathTracing.Runtime.Tests.dll not valid. Loading of assembly skipped.
Assembly Unity.Postprocessing.Editor.Tests.dll at Library/ScriptAssemblies/Unity.Postprocessing.Editor.Tests.dll not valid. Loading of assembly skipped.
Assembly Unity.Postprocessing.Runtime.Tests.dll at Library/ScriptAssemblies/Unity.Postprocessing.Runtime.Tests.dll not valid. Loading of assembly skipped.
Assembly Unity.RenderPipelines.Core.Editor.Tests.dll at Library/ScriptAssemblies/Unity.RenderPipelines.Core.Editor.Tests.dll not valid. Loading of assembly skipped.
Assembly Unity.RenderPipelines.Core.Runtime.Tests.dll at Library/ScriptAssemblies/Unity.RenderPipelines.Core.Runtime.Tests.dll not valid. Loading of assembly skipped.
Assembly Unity.RenderPipelines.Universal.Config.Editor.Tests.dll at Library/ScriptAssemblies/Unity.RenderPipelines.Universal.Config.Editor.Tests.dll not valid. Loading of assembly skipped.
Assembly Unity.RenderPipelines.Universal.Editor.Tests.dll at Library/ScriptAssemblies/Unity.RenderPipelines.Universal.Editor.Tests.dll not valid. Loading of assembly skipped.
Assembly Unity.RenderPipelines.Universal.Runtime.Tests.dll at Library/ScriptAssemblies/Unity.RenderPipelines.Universal.Runtime.Tests.dll not valid. Loading of assembly skipped.
Assembly Unity.Searcher.EditorTests.dll at Library/ScriptAssemblies/Unity.Searcher.EditorTests.dll not valid. Loading of assembly skipped.
Assembly Unity.ShaderGraph.Editor.Tests.dll at Library/ScriptAssemblies/Unity.ShaderGraph.Editor.Tests.dll not valid. Loading of assembly skipped.
Assembly Unity.TextMeshPro.Editor.Tests.dll at Library/ScriptAssemblies/Unity.TextMeshPro.Editor.Tests.dll not valid. Loading of assembly skipped.
Assembly Unity.TextMeshPro.Tests.dll at Library/ScriptAssemblies/Unity.TextMeshPro.Tests.dll not valid. Loading of assembly skipped.
Assembly Unity.UnifiedRayTracing.Editor.Tests.dll at Library/ScriptAssemblies/Unity.UnifiedRayTracing.Editor.Tests.dll not valid. Loading of assembly skipped.
Assembly UnityEditor.UI.Common.Tests.dll at Library/ScriptAssemblies/UnityEditor.UI.Common.Tests.dll not valid. Loading of assembly skipped.
Assembly UnityEditor.UI.EditorTests.dll at Library/ScriptAssemblies/UnityEditor.UI.EditorTests.dll not valid. Loading of assembly skipped.
Assembly UnityEngine.UI.Tests.dll at Library/ScriptAssemblies/UnityEngine.UI.Tests.dll not valid. Loading of assembly skipped.
Native extension for WindowsStandalone target not found
Native extension for WebGL target not found
[Package Manager] Failed to launch server process. Reason: Unity was launched with the -noUpm command-line argument
[Package Manager] Unable to send message (not connected to server process).
[Package Manager] Cannot connect to Unity Package Manager local server
[Package Manager] Failed to launch server process. Reason: Unity was launched with the -noUpm command-line argument
[Package Manager] Unable to send message (not connected to server process).
[Package Manager] Cannot connect to Unity Package Manager local server
ScheduleIndexationOnStartup MainProcess:False IndexOnStartup:True
Mono: successfully reloaded assembly
- Finished resetting the current domain, in  0.699 seconds
Domain Reload Profiling: 1487ms
	BeginReloadAssembly (205ms)
		DisableScriptedObjects (6ms)
		CreateAndSetChildDomain (44ms)
	RebuildCommonClasses (34ms)
	RebuildNativeTypeToScriptingClass (11ms)
	initialDomainReloadingComplete (75ms)
	LoadAllAssembliesAndSetupDomain (464ms)
		LoadAssemblies (383ms)
		AnalyzeDomain (174ms)
			TypeCache.Refresh (8ms)
			BuildScriptInfoCaches (154ms)
			ResolveRequiredComponents (10ms)
	FinalizeReload (699ms)
		SetupLoadedEditorAssemblies (0ms)
			BeforeProcessingInitializeOnLoad (171ms)
			ProcessInitializeOnLoadAttributes (248ms)
			ProcessInitializeOnLoadMethodAttributes (66ms)
			AfterProcessingInitializeOnLoad (13ms)
		AwakeInstancesAfterBackupRestoration (20ms)
Refreshing native plugins compatible for Editor in 2.25 ms, found 3 plugins.
Unloading 36 Unused Serialized files (Serialized files now loaded: 0)
Unloading 6398 unused Assets / (7.7 MB). Loaded Objects now: 7470.
Memory consumption went from 201.5 MB to 193.8 MB.
Total: 9.993100 ms (FindLiveObjects: 0.715000 ms CreateObjectMapping: 0.463500 ms MarkObjects: 5.808100 ms  DeleteObjects: 3.004700 ms)

Prepare: number of updated asset objects reloaded= 0
========================================================================
Received Prepare
Begin MonoManager ReloadAssembly
Assembly Assembly-CSharp-Editor-firstpass.dll at Library/ScriptAssemblies/Assembly-CSharp-Editor-firstpass.dll not valid. Loading of assembly skipped.
Assembly Assembly-CSharp-firstpass.dll at Library/ScriptAssemblies/Assembly-CSharp-firstpass.dll not valid. Loading of assembly skipped.
Assembly DocCodeExamples.dll at Library/ScriptAssemblies/DocCodeExamples.dll not valid. Loading of assembly skipped.
Assembly TestNewCustomAssembly.dll at Library/ScriptAssemblies/TestNewCustomAssembly.dll not valid. Loading of assembly skipped.
Assembly Unity.Collections.BurstCompatibilityGen.dll at Library/ScriptAssemblies/Unity.Collections.BurstCompatibilityGen.dll not valid. Loading of assembly skipped.
Assembly Unity.Collections.DocCodeSamples.dll at Library/ScriptAssemblies/Unity.Collections.DocCodeSamples.dll not valid. Loading of assembly skipped.
Assembly Unity.Collections.PerformanceTests.dll at Library/ScriptAssemblies/Unity.Collections.PerformanceTests.dll not valid. Loading of assembly skipped.
Assembly Unity.Collections.Tests.dll at Library/ScriptAssemblies/Unity.Collections.Tests.dll not valid. Loading of assembly skipped.
Assembly Unity.Collections.Tests.Playmode.dll at Library/ScriptAssemblies/Unity.Collections.Tests.Playmode.dll not valid. Loading of assembly skipped.
Assembly Unity.InputSystem.IntegrationTests.dll at Library/ScriptAssemblies/Unity.InputSystem.IntegrationTests.dll not valid. Loading of assembly skipped.
Assembly Unity.Mathematics.Tests.dll at Library/ScriptAssemblies/Unity.Mathematics.Tests.dll not valid. Loading of assembly skipped.
Assembly Unity.Multiplayer.Center.Editor.Tests.dll at Library/ScriptAssemblies/Unity.Multiplayer.Center.Editor.Tests.dll not valid. Loading of assembly skipped.
Assembly Unity.Multiplayer.Center.Tests.dll at Library/ScriptAssemblies/Unity.Multiplayer.Center.Tests.dll not valid. Loading of assembly skipped.
Assembly Unity.Nuget.Mono-Cecil.dll at Library/ScriptAssemblies/Unity.Nuget.Mono-Cecil.dll not valid. Loading of assembly skipped.
Assembly Unity.PathTracing.Editor.Tests.dll at Library/ScriptAssemblies/Unity.PathTracing.Editor.Tests.dll not valid. Loading of assembly skipped.
Assembly Unity.PathTracing.Runtime.Tests.dll at Library/ScriptAssemblies/Unity.PathTracing.Runtime.Tests.dll not valid. Loading of assembly skipped.
Assembly Unity.Postprocessing.Editor.Tests.dll at Library/ScriptAssemblies/Unity.Postprocessing.Editor.Tests.dll not valid. Loading of assembly skipped.
Assembly Unity.Postprocessing.Runtime.Tests.dll at Library/ScriptAssemblies/Unity.Postprocessing.Runtime.Tests.dll not valid. Loading of assembly skipped.
Assembly Unity.RenderPipelines.Core.Editor.Tests.dll at Library/ScriptAssemblies/Unity.RenderPipelines.Core.Editor.Tests.dll not valid. Loading of assembly skipped.
Assembly Unity.RenderPipelines.Core.Runtime.Tests.dll at Library/ScriptAssemblies/Unity.RenderPipelines.Core.Runtime.Tests.dll not valid. Loading of assembly skipped.
Assembly Unity.RenderPipelines.Universal.Config.Editor.Tests.dll at Library/ScriptAssemblies/Unity.RenderPipelines.Universal.Config.Editor.Tests.dll not valid. Loading of assembly skipped.
Assembly Unity.RenderPipelines.Universal.Editor.Tests.dll at Library/ScriptAssemblies/Unity.RenderPipelines.Universal.Editor.Tests.dll not valid. Loading of assembly skipped.
Assembly Unity.RenderPipelines.Universal.Runtime.Tests.dll at Library/ScriptAssemblies/Unity.RenderPipelines.Universal.Runtime.Tests.dll not valid. Loading of assembly skipped.
Assembly Unity.Searcher.EditorTests.dll at Library/ScriptAssemblies/Unity.Searcher.EditorTests.dll not valid. Loading of assembly skipped.
Assembly Unity.ShaderGraph.Editor.Tests.dll at Library/ScriptAssemblies/Unity.ShaderGraph.Editor.Tests.dll not valid. Loading of assembly skipped.
Assembly Unity.TextMeshPro.Editor.Tests.dll at Library/ScriptAssemblies/Unity.TextMeshPro.Editor.Tests.dll not valid. Loading of assembly skipped.
Assembly Unity.TextMeshPro.Tests.dll at Library/ScriptAssemblies/Unity.TextMeshPro.Tests.dll not valid. Loading of assembly skipped.
Assembly Unity.UnifiedRayTracing.Editor.Tests.dll at Library/ScriptAssemblies/Unity.UnifiedRayTracing.Editor.Tests.dll not valid. Loading of assembly skipped.
Assembly UnityEditor.UI.Common.Tests.dll at Library/ScriptAssemblies/UnityEditor.UI.Common.Tests.dll not valid. Loading of assembly skipped.
Assembly UnityEditor.UI.EditorTests.dll at Library/ScriptAssemblies/UnityEditor.UI.EditorTests.dll not valid. Loading of assembly skipped.
Assembly UnityEngine.UI.Tests.dll at Library/ScriptAssemblies/UnityEngine.UI.Tests.dll not valid. Loading of assembly skipped.
Native extension for WindowsStandalone target not found
Native extension for WebGL target not found
[Package Manager] Failed to launch server process. Reason: Unity was launched with the -noUpm command-line argument
[Package Manager] Unable to send message (not connected to server process).
[Package Manager] Cannot connect to Unity Package Manager local server
[Package Manager] Failed to launch server process. Reason: Unity was launched with the -noUpm command-line argument
[Package Manager] Unable to send message (not connected to server process).
[Package Manager] Cannot connect to Unity Package Manager local server
ScheduleIndexationOnStartup MainProcess:False IndexOnStartup:True
Mono: successfully reloaded assembly
- Finished resetting the current domain, in  0.763 seconds
Domain Reload Profiling: 1542ms
	BeginReloadAssembly (195ms)
		DisableScriptedObjects (5ms)
		CreateAndSetChildDomain (38ms)
	RebuildCommonClasses (34ms)
	RebuildNativeTypeToScriptingClass (11ms)
	initialDomainReloadingComplete (78ms)
	LoadAllAssembliesAndSetupDomain (460ms)
		LoadAssemblies (382ms)
		AnalyzeDomain (169ms)
			TypeCache.Refresh (6ms)
			BuildScriptInfoCaches (152ms)
			ResolveRequiredComponents (10ms)
	FinalizeReload (764ms)
		SetupLoadedEditorAssemblies (0ms)
			InitializePlatformSupportModulesInManaged (3ms)
			BeforeProcessingInitializeOnLoad (170ms)
			ProcessInitializeOnLoadAttributes (309ms)
			ProcessInitializeOnLoadMethodAttributes (82ms)
			AfterProcessingInitializeOnLoad (15ms)
		AwakeInstancesAfterBackupRestoration (23ms)
Unloading 36 Unused Serialized files (Serialized files now loaded: 0)
Unloading 6398 unused Assets / (6.7 MB). Loaded Objects now: 7473.
Memory consumption went from 205.3 MB to 198.6 MB.
Total: 9.399300 ms (FindLiveObjects: 0.701000 ms CreateObjectMapping: 0.371100 ms MarkObjects: 5.451900 ms  DeleteObjects: 2.873800 ms)

Prepare: number of updated asset objects reloaded= 0
========================================================================
Received Prepare
Begin MonoManager ReloadAssembly
[Licensing::Client] Successfully resolved entitlement details
Assembly Assembly-CSharp-Editor-firstpass.dll at Library/ScriptAssemblies/Assembly-CSharp-Editor-firstpass.dll not valid. Loading of assembly skipped.
Assembly Assembly-CSharp-firstpass.dll at Library/ScriptAssemblies/Assembly-CSharp-firstpass.dll not valid. Loading of assembly skipped.
Assembly DocCodeExamples.dll at Library/ScriptAssemblies/DocCodeExamples.dll not valid. Loading of assembly skipped.
Assembly TestNewCustomAssembly.dll at Library/ScriptAssemblies/TestNewCustomAssembly.dll not valid. Loading of assembly skipped.
Assembly Unity.Collections.BurstCompatibilityGen.dll at Library/ScriptAssemblies/Unity.Collections.BurstCompatibilityGen.dll not valid. Loading of assembly skipped.
Assembly Unity.Collections.DocCodeSamples.dll at Library/ScriptAssemblies/Unity.Collections.DocCodeSamples.dll not valid. Loading of assembly skipped.
Assembly Unity.Collections.PerformanceTests.dll at Library/ScriptAssemblies/Unity.Collections.PerformanceTests.dll not valid. Loading of assembly skipped.
Assembly Unity.Collections.Tests.dll at Library/ScriptAssemblies/Unity.Collections.Tests.dll not valid. Loading of assembly skipped.
Assembly Unity.Collections.Tests.Playmode.dll at Library/ScriptAssemblies/Unity.Collections.Tests.Playmode.dll not valid. Loading of assembly skipped.
Assembly Unity.InputSystem.IntegrationTests.dll at Library/ScriptAssemblies/Unity.InputSystem.IntegrationTests.dll not valid. Loading of assembly skipped.
Assembly Unity.Mathematics.Tests.dll at Library/ScriptAssemblies/Unity.Mathematics.Tests.dll not valid. Loading of assembly skipped.
Assembly Unity.Multiplayer.Center.Editor.Tests.dll at Library/ScriptAssemblies/Unity.Multiplayer.Center.Editor.Tests.dll not valid. Loading of assembly skipped.
Assembly Unity.Multiplayer.Center.Tests.dll at Library/ScriptAssemblies/Unity.Multiplayer.Center.Tests.dll not valid. Loading of assembly skipped.
Assembly Unity.Nuget.Mono-Cecil.dll at Library/ScriptAssemblies/Unity.Nuget.Mono-Cecil.dll not valid. Loading of assembly skipped.
Assembly Unity.PathTracing.Editor.Tests.dll at Library/ScriptAssemblies/Unity.PathTracing.Editor.Tests.dll not valid. Loading of assembly skipped.
Assembly Unity.PathTracing.Runtime.Tests.dll at Library/ScriptAssemblies/Unity.PathTracing.Runtime.Tests.dll not valid. Loading of assembly skipped.
Assembly Unity.Postprocessing.Editor.Tests.dll at Library/ScriptAssemblies/Unity.Postprocessing.Editor.Tests.dll not valid. Loading of assembly skipped.
Assembly Unity.Postprocessing.Runtime.Tests.dll at Library/ScriptAssemblies/Unity.Postprocessing.Runtime.Tests.dll not valid. Loading of assembly skipped.
Assembly Unity.RenderPipelines.Core.Editor.Tests.dll at Library/ScriptAssemblies/Unity.RenderPipelines.Core.Editor.Tests.dll not valid. Loading of assembly skipped.
Assembly Unity.RenderPipelines.Core.Runtime.Tests.dll at Library/ScriptAssemblies/Unity.RenderPipelines.Core.Runtime.Tests.dll not valid. Loading of assembly skipped.
Assembly Unity.RenderPipelines.Universal.Config.Editor.Tests.dll at Library/ScriptAssemblies/Unity.RenderPipelines.Universal.Config.Editor.Tests.dll not valid. Loading of assembly skipped.
Assembly Unity.RenderPipelines.Universal.Editor.Tests.dll at Library/ScriptAssemblies/Unity.RenderPipelines.Universal.Editor.Tests.dll not valid. Loading of assembly skipped.
Assembly Unity.RenderPipelines.Universal.Runtime.Tests.dll at Library/ScriptAssemblies/Unity.RenderPipelines.Universal.Runtime.Tests.dll not valid. Loading of assembly skipped.
Assembly Unity.Searcher.EditorTests.dll at Library/ScriptAssemblies/Unity.Searcher.EditorTests.dll not valid. Loading of assembly skipped.
Assembly Unity.ShaderGraph.Editor.Tests.dll at Library/ScriptAssemblies/Unity.ShaderGraph.Editor.Tests.dll not valid. Loading of assembly skipped.
Assembly Unity.TextMeshPro.Editor.Tests.dll at Library/ScriptAssemblies/Unity.TextMeshPro.Editor.Tests.dll not valid. Loading of assembly skipped.
Assembly Unity.TextMeshPro.Tests.dll at Library/ScriptAssemblies/Unity.TextMeshPro.Tests.dll not valid. Loading of assembly skipped.
Assembly Unity.UnifiedRayTracing.Editor.Tests.dll at Library/ScriptAssemblies/Unity.UnifiedRayTracing.Editor.Tests.dll not valid. Loading of assembly skipped.
Assembly UnityEditor.UI.Common.Tests.dll at Library/ScriptAssemblies/UnityEditor.UI.Common.Tests.dll not valid. Loading of assembly skipped.
Assembly UnityEditor.UI.EditorTests.dll at Library/ScriptAssemblies/UnityEditor.UI.EditorTests.dll not valid. Loading of assembly skipped.
Assembly UnityEngine.UI.Tests.dll at Library/ScriptAssemblies/UnityEngine.UI.Tests.dll not valid. Loading of assembly skipped.
Native extension for WindowsStandalone target not found
Native extension for WebGL target not found
[Package Manager] Failed to launch server process. Reason: Unity was launched with the -noUpm command-line argument
[Package Manager] Unable to send message (not connected to server process).
[Package Manager] Cannot connect to Unity Package Manager local server
[Package Manager] Failed to launch server process. Reason: Unity was launched with the -noUpm command-line argument
[Package Manager] Unable to send message (not connected to server process).
[Package Manager] Cannot connect to Unity Package Manager local server
ScheduleIndexationOnStartup MainProcess:False IndexOnStartup:True
Mono: successfully reloaded assembly
- Finished resetting the current domain, in  0.704 seconds
Domain Reload Profiling: 1490ms
	BeginReloadAssembly (208ms)
		DisableScriptedObjects (8ms)
		CreateAndSetChildDomain (39ms)
	RebuildCommonClasses (35ms)
	RebuildNativeTypeToScriptingClass (11ms)
	initialDomainReloadingComplete (76ms)
	LoadAllAssembliesAndSetupDomain (456ms)
		LoadAssemblies (389ms)
		AnalyzeDomain (160ms)
			TypeCache.Refresh (5ms)
			BuildScriptInfoCaches (144ms)
			ResolveRequiredComponents (9ms)
	FinalizeReload (704ms)
		SetupLoadedEditorAssemblies (0ms)
			BeforeProcessingInitializeOnLoad (151ms)
			ProcessInitializeOnLoadAttributes (283ms)
			ProcessInitializeOnLoadMethodAttributes (75ms)
			AfterProcessingInitializeOnLoad (14ms)
		AwakeInstancesAfterBackupRestoration (25ms)
Unloading 36 Unused Serialized files (Serialized files now loaded: 0)
Unloading 6398 unused Assets / (7.5 MB). Loaded Objects now: 7476.
Memory consumption went from 209.0 MB to 201.5 MB.
Total: 9.853300 ms (FindLiveObjects: 1.019600 ms CreateObjectMapping: 0.619900 ms MarkObjects: 5.072600 ms  DeleteObjects: 3.139800 ms)

Prepare: number of updated asset objects reloaded= 0
========================================================================
Received Import Request.
  Time since last request: 477.699551 seconds.
  path: Assets/Scripts/ObstacleSpawner.cs
  importAddress: Guid(b6df5cedd6e88d440bbb263392e8e1f8) Importer(815301076,1909f56bfc062723c751e8b465ee728b)
Start importing Assets/Scripts/ObstacleSpawner.cs using Guid(b6df5cedd6e88d440bbb263392e8e1f8) Importer(815301076,1909f56bfc062723c751e8b465ee728b) (PreviewImporter) -> (Import Result ID: '7329138dcd473c1ef53d4b74bb6e7005') in 0.0016336 seconds [static and dynamic dependencies]. Details - ImportResultOutputID=5614ed83e5532e9ba6da87f61caac5cd DependenciesID=38acf72c4c5793b9f7da22616d57b7da StaticDependenciesID=662febeda6d36e0c3e4b1b8eaec4e059 
Number of updated asset objects reloaded before import = 0Number of asset objects unloaded after import = 0

========================================================================
Received Import Request.
  Time since last request: 1.227872 seconds.
  path: Assets/Scripts/LevelGenerator.cs
  importAddress: Guid(7635b59957a676342ba6d7ec7e9d8d7c) Importer(815301076,1909f56bfc062723c751e8b465ee728b)
Start importing Assets/Scripts/LevelGenerator.cs using Guid(7635b59957a676342ba6d7ec7e9d8d7c) Importer(815301076,1909f56bfc062723c751e8b465ee728b) (PreviewImporter) -> (Import Result ID: '709c62f96515254493c72b63a61df345') in 0.0006167 seconds [static and dynamic dependencies]. Details - ImportResultOutputID=555dbb124a4aed5bf98ed04bf84d12b9 DependenciesID=46dd0a9bdf9f632a2dcb45e7c98783c9 StaticDependenciesID=40369d25517219e631d7e88ea3770d8d 
Number of updated asset objects reloaded before import = 0Number of asset objects unloaded after import = 0

========================================================================
Received Import Request.
  Time since last request: 245.310427 seconds.
  path: Assets/Prefabs/RoadSection_Straight.prefab
  importAddress: Guid(5ad286af60a957c4ea6d5d37f4a55dca) Importer(815301076,1909f56bfc062723c751e8b465ee728b)
Start importing Assets/Prefabs/RoadSection_Straight.prefab using Guid(5ad286af60a957c4ea6d5d37f4a55dca) Importer(815301076,1909f56bfc062723c751e8b465ee728b) (PreviewImporter) -> (Import Result ID: '80ba59779ef4c949a59555a4665b7ceb') in 0.4254705 seconds [static and dynamic dependencies]. Details - ImportResultOutputID=52b4d63a670708576095657dd81f0f0d DependenciesID=b84bc85185b207aaddd11c53a82b4cea StaticDependenciesID=ee4c44fe3d708b10fb62364598a33939 
Number of updated asset objects reloaded before import = 0Number of asset objects unloaded after import = 338

========================================================================
Received Import Request.
  Time since last request: 283.685000 seconds.
  path: Assets/Prefabs/RoadSection_Straight.prefab
  importAddress: Guid(5ad286af60a957c4ea6d5d37f4a55dca) Importer(815301076,1909f56bfc062723c751e8b465ee728b)
Start importing Assets/Prefabs/RoadSection_Straight.prefab using Guid(5ad286af60a957c4ea6d5d37f4a55dca) Importer(815301076,1909f56bfc062723c751e8b465ee728b) (PreviewImporter) -> (Import Result ID: '4c89a1994bfc997a4c3dd2616121b011') in 0.0256447 seconds [static and dynamic dependencies]. Details - ImportResultOutputID=52b4d63a670708576095657dd81f0f0d DependenciesID=29a906101214f9ae17c2ef95cb9d66dc StaticDependenciesID=b88eac13e077ffad03fa2d4393f6f910 
Number of updated asset objects reloaded before import = 0Number of asset objects unloaded after import = 338

========================================================================
Received Import Request.
  Time since last request: 29.565582 seconds.
  path: Assets/Scripts/ObstacleSpawner.cs
  importAddress: Guid(b6df5cedd6e88d440bbb263392e8e1f8) Importer(2089858483,b0f066a214c2f5e87bad3c948f4d605d)
Start importing Assets/Scripts/ObstacleSpawner.cs using Guid(b6df5cedd6e88d440bbb263392e8e1f8) Importer(2089858483,b0f066a214c2f5e87bad3c948f4d605d) (ScriptedImporter) -> (Import Result ID: '297850aa24773e58a2df3db8af4ea00b') in 0.082378 seconds [static and dynamic dependencies]. Details - ImportResultOutputID=6be2b0513998cfc779c5bbdacee60adb DependenciesID=402cacb6054f67bc472e8831f0567c23 StaticDependenciesID=3ac20cb02ed0a74470551e3b9216b372 
Number of updated asset objects reloaded before import = 0Number of asset objects unloaded after import = 0

========================================================================
Received Import Request.
  Time since last request: 0.000021 seconds.
  path: Assets/Scenes/SampleScene.unity
  importAddress: Guid(99c9720ab356a0642a771bea13969a05) Importer(2089858483,b0f066a214c2f5e87bad3c948f4d605d)
Start importing Assets/Scenes/SampleScene.unity using Guid(99c9720ab356a0642a771bea13969a05) Importer(2089858483,b0f066a214c2f5e87bad3c948f4d605d) (ScriptedImporter) -> (Import Result ID: 'ff882551f761379c553fa4c6028c32bf') in 0.0205012 seconds [static and dynamic dependencies]. Details - ImportResultOutputID=aee068c33815936ab796082c7ce7a600 DependenciesID=2bfd98d58b877123405ecf5c935245b6 StaticDependenciesID=dcd08255c2657c14f99d299a38387dcd 
Number of updated asset objects reloaded before import = 0Number of asset objects unloaded after import = 1

========================================================================
Received Import Request.
  Time since last request: 0.000069 seconds.
  path: Assets/Palmov Island/Low Poly Atmospheric Locations Pack/Materials/texture main 165.mat
  importAddress: Guid(4131a66c29d838d41b791e4bdffb190f) Importer(2089858483,b0f066a214c2f5e87bad3c948f4d605d)
Start importing Assets/Palmov Island/Low Poly Atmospheric Locations Pack/Materials/texture main 165.mat using Guid(4131a66c29d838d41b791e4bdffb190f) Importer(2089858483,b0f066a214c2f5e87bad3c948f4d605d) (ScriptedImporter) -> (Import Result ID: '5abf500c8d4ea44b3030bab3fefbb5bc') in 0.0216408 seconds [static and dynamic dependencies]. Details - ImportResultOutputID=b450e52d313a795f8cd32e1b574d5c52 DependenciesID=2efa5466065b9582c5d7fce791303217 StaticDependenciesID=82d202676dceb32ffd4c4e6518e80dd7 
Number of updated asset objects reloaded before import = 0Number of asset objects unloaded after import = 2

========================================================================
Received Import Request.
  Time since last request: 0.000040 seconds.
  path: Assets/Palmov Island/Low Poly Atmospheric Locations Pack/Materials/texture main 164.mat
  importAddress: Guid(3f7ff39ee02a65944a93eaab6752215a) Importer(2089858483,b0f066a214c2f5e87bad3c948f4d605d)
Start importing Assets/Palmov Island/Low Poly Atmospheric Locations Pack/Materials/texture main 164.mat using Guid(3f7ff39ee02a65944a93eaab6752215a) Importer(2089858483,b0f066a214c2f5e87bad3c948f4d605d) (ScriptedImporter) -> (Import Result ID: 'bc075eb6e8bbab76a50bbd7eb53f1d14') in 0.0142548 seconds [static and dynamic dependencies]. Details - ImportResultOutputID=c8a9267c77546cc809a4a5632881585c DependenciesID=427edeec076f5cbc0fa12252f9bbf91d StaticDependenciesID=5dc9467a205cfa86951ed40fc80cb61a 
Number of updated asset objects reloaded before import = 0Number of asset objects unloaded after import = 2

========================================================================
Received Prepare
Unloading 36 Unused Serialized files (Serialized files now loaded: 0)
Unloading 6394 unused Assets / (7.3 MB). Loaded Objects now: 7590.
Memory consumption went from 185.1 MB to 177.7 MB.
Total: 9.572300 ms (FindLiveObjects: 0.751100 ms CreateObjectMapping: 0.513500 ms MarkObjects: 5.869800 ms  DeleteObjects: 2.436600 ms)

Prepare: number of updated asset objects reloaded= 0
========================================================================
Received Import Request.
  Time since last request: 16.531497 seconds.
  path: Assets/Scripts/RoadEndTrigger.cs
  importAddress: Guid(9e788640bee8b984a9f3a36b25939c40) Importer(815301076,1909f56bfc062723c751e8b465ee728b)
Start importing Assets/Scripts/RoadEndTrigger.cs using Guid(9e788640bee8b984a9f3a36b25939c40) Importer(815301076,1909f56bfc062723c751e8b465ee728b) (PreviewImporter) -> (Import Result ID: '423c0b0d2d4e3121b1e17a4a07841e0d') in 0.000639 seconds [static and dynamic dependencies]. Details - ImportResultOutputID=9a01311bfa21eb8c06a72d2c99704c46 DependenciesID=f9310e26e3e02cb902e91f78d125461c StaticDependenciesID=196da6a981ba920c5c0fdc32137c401f 
Number of updated asset objects reloaded before import = 0Number of asset objects unloaded after import = 0

========================================================================
Received Import Request.
  Time since last request: 0.322814 seconds.
  path: Assets/Scripts/RoadEndTrigger.cs
  importAddress: Guid(9e788640bee8b984a9f3a36b25939c40) Importer(2089858483,b0f066a214c2f5e87bad3c948f4d605d)
Start importing Assets/Scripts/RoadEndTrigger.cs using Guid(9e788640bee8b984a9f3a36b25939c40) Importer(2089858483,b0f066a214c2f5e87bad3c948f4d605d) (ScriptedImporter) -> (Import Result ID: 'ab5f2ce9dd8df3da2fb3a7c7e1dc3605') in 0.0093934 seconds [static and dynamic dependencies]. Details - ImportResultOutputID=8e82560089456dfe97924b83c7099ef1 DependenciesID=f3b0757333e537c8dbfc6757e67eb7dd StaticDependenciesID=2c8eaeb0236c0c1010b24994154c9bbc 
Number of updated asset objects reloaded before import = 0Number of asset objects unloaded after import = 0

========================================================================
Received Prepare
Unloading 36 Unused Serialized files (Serialized files now loaded: 0)
Unloading 6393 unused Assets / (7.8 MB). Loaded Objects now: 7590.
Memory consumption went from 185.1 MB to 177.3 MB.
Total: 9.311400 ms (FindLiveObjects: 0.612700 ms CreateObjectMapping: 0.338900 ms MarkObjects: 5.694000 ms  DeleteObjects: 2.664900 ms)

Prepare: number of updated asset objects reloaded= 0
========================================================================
Received Import Request.
  Time since last request: 73.209007 seconds.
  path: Assets/Scripts/RoadEndTrigger.cs
  importAddress: Guid(9e788640bee8b984a9f3a36b25939c40) Importer(815301076,1909f56bfc062723c751e8b465ee728b)
Start importing Assets/Scripts/RoadEndTrigger.cs using Guid(9e788640bee8b984a9f3a36b25939c40) Importer(815301076,1909f56bfc062723c751e8b465ee728b) (PreviewImporter) -> (Import Result ID: '7f61ecaa5d3389e736b0c28c53cb83bf') in 0.0006554 seconds [static and dynamic dependencies]. Details - ImportResultOutputID=9a01311bfa21eb8c06a72d2c99704c46 DependenciesID=840452c966b2aaa83441109d3c2b0dda StaticDependenciesID=a0dc8b8b1f06fdc905237e3d9c3daf35 
Number of updated asset objects reloaded before import = 0Number of asset objects unloaded after import = 0

========================================================================
Received Import Request.
  Time since last request: 0.527966 seconds.
  path: Assets/Scripts/RoadEndTrigger.cs
  importAddress: Guid(9e788640bee8b984a9f3a36b25939c40) Importer(2089858483,b0f066a214c2f5e87bad3c948f4d605d)
Start importing Assets/Scripts/RoadEndTrigger.cs using Guid(9e788640bee8b984a9f3a36b25939c40) Importer(2089858483,b0f066a214c2f5e87bad3c948f4d605d) (ScriptedImporter) -> (Import Result ID: '18bbc914f4ffa835ef806b125e82bb42') in 0.0096478 seconds [static and dynamic dependencies]. Details - ImportResultOutputID=3ec01776889e90535d6fb3ef69cbafd0 DependenciesID=8d91eb4f30f52a35ecb5d50226d0094f StaticDependenciesID=23d541373bad33cb94bc637ef53faf3b 
Number of updated asset objects reloaded before import = 0Number of asset objects unloaded after import = 0

========================================================================
Received Import Request.
  Time since last request: 37.686800 seconds.
  path: Assets/Scripts/PlayerController.cs
  importAddress: Guid(dc5567d942ab3a946b662a6a5a918729) Importer(815301076,1909f56bfc062723c751e8b465ee728b)
Start importing Assets/Scripts/PlayerController.cs using Guid(dc5567d942ab3a946b662a6a5a918729) Importer(815301076,1909f56bfc062723c751e8b465ee728b) (PreviewImporter) -> (Import Result ID: 'd35c91dc3182080cb633545d45e29d05') in 0.0005539 seconds [static and dynamic dependencies]. Details - ImportResultOutputID=f657b26305de54d25b6efb85269eb0c8 DependenciesID=0b67c67572c7455f38dd381d028536dd StaticDependenciesID=a592f2c4b149bc98a82b2c9a3ae6f1a7 
Number of updated asset objects reloaded before import = 0Number of asset objects unloaded after import = 0

========================================================================
Received Prepare
Unloading 36 Unused Serialized files (Serialized files now loaded: 0)
Unloading 6393 unused Assets / (8.3 MB). Loaded Objects now: 7590.
Memory consumption went from 185.1 MB to 176.8 MB.
Total: 9.610400 ms (FindLiveObjects: 0.775000 ms CreateObjectMapping: 0.464800 ms MarkObjects: 5.315400 ms  DeleteObjects: 3.053900 ms)

Prepare: number of updated asset objects reloaded= 0
========================================================================
Received Import Request.
  Time since last request: 146.946295 seconds.
  path: Assets/Scripts/LevelGenerator.cs
  importAddress: Guid(7635b59957a676342ba6d7ec7e9d8d7c) Importer(2089858483,b0f066a214c2f5e87bad3c948f4d605d)
Start importing Assets/Scripts/LevelGenerator.cs using Guid(7635b59957a676342ba6d7ec7e9d8d7c) Importer(2089858483,b0f066a214c2f5e87bad3c948f4d605d) (ScriptedImporter) -> (Import Result ID: '9e284ac77c8ad04bbba204b0a070785e') in 0.0088424 seconds [static and dynamic dependencies]. Details - ImportResultOutputID=a52c0b677afb3f8dcd9e92e42607974b DependenciesID=fdaf7f80d5123aabe3d409c3e96f547b StaticDependenciesID=b4e12dbc95b3403c89fa38c6776de973 
Number of updated asset objects reloaded before import = 0Number of asset objects unloaded after import = 0

========================================================================
Received Prepare
Begin MonoManager ReloadAssembly
[Licensing::Client] Successfully resolved entitlement details
Assembly Assembly-CSharp-Editor-firstpass.dll at Library/ScriptAssemblies/Assembly-CSharp-Editor-firstpass.dll not valid. Loading of assembly skipped.
Assembly Assembly-CSharp-firstpass.dll at Library/ScriptAssemblies/Assembly-CSharp-firstpass.dll not valid. Loading of assembly skipped.
Assembly DocCodeExamples.dll at Library/ScriptAssemblies/DocCodeExamples.dll not valid. Loading of assembly skipped.
Assembly TestNewCustomAssembly.dll at Library/ScriptAssemblies/TestNewCustomAssembly.dll not valid. Loading of assembly skipped.
Assembly Unity.Collections.BurstCompatibilityGen.dll at Library/ScriptAssemblies/Unity.Collections.BurstCompatibilityGen.dll not valid. Loading of assembly skipped.
Assembly Unity.Collections.DocCodeSamples.dll at Library/ScriptAssemblies/Unity.Collections.DocCodeSamples.dll not valid. Loading of assembly skipped.
Assembly Unity.Collections.PerformanceTests.dll at Library/ScriptAssemblies/Unity.Collections.PerformanceTests.dll not valid. Loading of assembly skipped.
Assembly Unity.Collections.Tests.dll at Library/ScriptAssemblies/Unity.Collections.Tests.dll not valid. Loading of assembly skipped.
Assembly Unity.Collections.Tests.Playmode.dll at Library/ScriptAssemblies/Unity.Collections.Tests.Playmode.dll not valid. Loading of assembly skipped.
Assembly Unity.InputSystem.IntegrationTests.dll at Library/ScriptAssemblies/Unity.InputSystem.IntegrationTests.dll not valid. Loading of assembly skipped.
Assembly Unity.Mathematics.Tests.dll at Library/ScriptAssemblies/Unity.Mathematics.Tests.dll not valid. Loading of assembly skipped.
Assembly Unity.Multiplayer.Center.Editor.Tests.dll at Library/ScriptAssemblies/Unity.Multiplayer.Center.Editor.Tests.dll not valid. Loading of assembly skipped.
Assembly Unity.Multiplayer.Center.Tests.dll at Library/ScriptAssemblies/Unity.Multiplayer.Center.Tests.dll not valid. Loading of assembly skipped.
Assembly Unity.Nuget.Mono-Cecil.dll at Library/ScriptAssemblies/Unity.Nuget.Mono-Cecil.dll not valid. Loading of assembly skipped.
Assembly Unity.PathTracing.Editor.Tests.dll at Library/ScriptAssemblies/Unity.PathTracing.Editor.Tests.dll not valid. Loading of assembly skipped.
Assembly Unity.PathTracing.Runtime.Tests.dll at Library/ScriptAssemblies/Unity.PathTracing.Runtime.Tests.dll not valid. Loading of assembly skipped.
Assembly Unity.Postprocessing.Editor.Tests.dll at Library/ScriptAssemblies/Unity.Postprocessing.Editor.Tests.dll not valid. Loading of assembly skipped.
Assembly Unity.Postprocessing.Runtime.Tests.dll at Library/ScriptAssemblies/Unity.Postprocessing.Runtime.Tests.dll not valid. Loading of assembly skipped.
Assembly Unity.RenderPipelines.Core.Editor.Tests.dll at Library/ScriptAssemblies/Unity.RenderPipelines.Core.Editor.Tests.dll not valid. Loading of assembly skipped.
Assembly Unity.RenderPipelines.Core.Runtime.Tests.dll at Library/ScriptAssemblies/Unity.RenderPipelines.Core.Runtime.Tests.dll not valid. Loading of assembly skipped.
Assembly Unity.RenderPipelines.Universal.Config.Editor.Tests.dll at Library/ScriptAssemblies/Unity.RenderPipelines.Universal.Config.Editor.Tests.dll not valid. Loading of assembly skipped.
Assembly Unity.RenderPipelines.Universal.Editor.Tests.dll at Library/ScriptAssemblies/Unity.RenderPipelines.Universal.Editor.Tests.dll not valid. Loading of assembly skipped.
Assembly Unity.RenderPipelines.Universal.Runtime.Tests.dll at Library/ScriptAssemblies/Unity.RenderPipelines.Universal.Runtime.Tests.dll not valid. Loading of assembly skipped.
Assembly Unity.Searcher.EditorTests.dll at Library/ScriptAssemblies/Unity.Searcher.EditorTests.dll not valid. Loading of assembly skipped.
Assembly Unity.ShaderGraph.Editor.Tests.dll at Library/ScriptAssemblies/Unity.ShaderGraph.Editor.Tests.dll not valid. Loading of assembly skipped.
Assembly Unity.TextMeshPro.Editor.Tests.dll at Library/ScriptAssemblies/Unity.TextMeshPro.Editor.Tests.dll not valid. Loading of assembly skipped.
Assembly Unity.TextMeshPro.Tests.dll at Library/ScriptAssemblies/Unity.TextMeshPro.Tests.dll not valid. Loading of assembly skipped.
Assembly Unity.UnifiedRayTracing.Editor.Tests.dll at Library/ScriptAssemblies/Unity.UnifiedRayTracing.Editor.Tests.dll not valid. Loading of assembly skipped.
Assembly UnityEditor.UI.Common.Tests.dll at Library/ScriptAssemblies/UnityEditor.UI.Common.Tests.dll not valid. Loading of assembly skipped.
Assembly UnityEditor.UI.EditorTests.dll at Library/ScriptAssemblies/UnityEditor.UI.EditorTests.dll not valid. Loading of assembly skipped.
Assembly UnityEngine.UI.Tests.dll at Library/ScriptAssemblies/UnityEngine.UI.Tests.dll not valid. Loading of assembly skipped.
Native extension for WindowsStandalone target not found
Native extension for WebGL target not found
[Package Manager] Failed to launch server process. Reason: Unity was launched with the -noUpm command-line argument
[Package Manager] Unable to send message (not connected to server process).
[Package Manager] Cannot connect to Unity Package Manager local server
[Package Manager] Failed to launch server process. Reason: Unity was launched with the -noUpm command-line argument
[Package Manager] Unable to send message (not connected to server process).
[Package Manager] Cannot connect to Unity Package Manager local server
ScheduleIndexationOnStartup MainProcess:False IndexOnStartup:True
Mono: successfully reloaded assembly
- Finished resetting the current domain, in  0.702 seconds
Domain Reload Profiling: 1519ms
	BeginReloadAssembly (223ms)
		DisableScriptedObjects (23ms)
		CreateAndSetChildDomain (44ms)
	RebuildCommonClasses (33ms)
	RebuildNativeTypeToScriptingClass (10ms)
	initialDomainReloadingComplete (76ms)
	LoadAllAssembliesAndSetupDomain (474ms)
		LoadAssemblies (398ms)
		AnalyzeDomain (169ms)
			TypeCache.Refresh (8ms)
			BuildScriptInfoCaches (149ms)
			ResolveRequiredComponents (10ms)
	FinalizeReload (703ms)
		SetupLoadedEditorAssemblies (0ms)
			InitializePlatformSupportModulesInManaged (3ms)
			BeforeProcessingInitializeOnLoad (172ms)
			ProcessInitializeOnLoadAttributes (248ms)
			ProcessInitializeOnLoadMethodAttributes (66ms)
			AfterProcessingInitializeOnLoad (12ms)
		AwakeInstancesAfterBackupRestoration (18ms)
Unloading 36 Unused Serialized files (Serialized files now loaded: 0)
Unloading 6399 unused Assets / (7.3 MB). Loaded Objects now: 7502.
Memory consumption went from 180.1 MB to 172.8 MB.
Total: 7.730400 ms (FindLiveObjects: 0.604900 ms CreateObjectMapping: 0.627600 ms MarkObjects: 4.307400 ms  DeleteObjects: 2.189900 ms)

Prepare: number of updated asset objects reloaded= 0
========================================================================
Received Prepare
Begin MonoManager ReloadAssembly
Assembly Assembly-CSharp-Editor-firstpass.dll at Library/ScriptAssemblies/Assembly-CSharp-Editor-firstpass.dll not valid. Loading of assembly skipped.
Assembly Assembly-CSharp-firstpass.dll at Library/ScriptAssemblies/Assembly-CSharp-firstpass.dll not valid. Loading of assembly skipped.
Assembly DocCodeExamples.dll at Library/ScriptAssemblies/DocCodeExamples.dll not valid. Loading of assembly skipped.
Assembly TestNewCustomAssembly.dll at Library/ScriptAssemblies/TestNewCustomAssembly.dll not valid. Loading of assembly skipped.
Assembly Unity.Collections.BurstCompatibilityGen.dll at Library/ScriptAssemblies/Unity.Collections.BurstCompatibilityGen.dll not valid. Loading of assembly skipped.
Assembly Unity.Collections.DocCodeSamples.dll at Library/ScriptAssemblies/Unity.Collections.DocCodeSamples.dll not valid. Loading of assembly skipped.
Assembly Unity.Collections.PerformanceTests.dll at Library/ScriptAssemblies/Unity.Collections.PerformanceTests.dll not valid. Loading of assembly skipped.
Assembly Unity.Collections.Tests.dll at Library/ScriptAssemblies/Unity.Collections.Tests.dll not valid. Loading of assembly skipped.
Assembly Unity.Collections.Tests.Playmode.dll at Library/ScriptAssemblies/Unity.Collections.Tests.Playmode.dll not valid. Loading of assembly skipped.
Assembly Unity.InputSystem.IntegrationTests.dll at Library/ScriptAssemblies/Unity.InputSystem.IntegrationTests.dll not valid. Loading of assembly skipped.
Assembly Unity.Mathematics.Tests.dll at Library/ScriptAssemblies/Unity.Mathematics.Tests.dll not valid. Loading of assembly skipped.
Assembly Unity.Multiplayer.Center.Editor.Tests.dll at Library/ScriptAssemblies/Unity.Multiplayer.Center.Editor.Tests.dll not valid. Loading of assembly skipped.
Assembly Unity.Multiplayer.Center.Tests.dll at Library/ScriptAssemblies/Unity.Multiplayer.Center.Tests.dll not valid. Loading of assembly skipped.
Assembly Unity.Nuget.Mono-Cecil.dll at Library/ScriptAssemblies/Unity.Nuget.Mono-Cecil.dll not valid. Loading of assembly skipped.
Assembly Unity.PathTracing.Editor.Tests.dll at Library/ScriptAssemblies/Unity.PathTracing.Editor.Tests.dll not valid. Loading of assembly skipped.
Assembly Unity.PathTracing.Runtime.Tests.dll at Library/ScriptAssemblies/Unity.PathTracing.Runtime.Tests.dll not valid. Loading of assembly skipped.
Assembly Unity.Postprocessing.Editor.Tests.dll at Library/ScriptAssemblies/Unity.Postprocessing.Editor.Tests.dll not valid. Loading of assembly skipped.
Assembly Unity.Postprocessing.Runtime.Tests.dll at Library/ScriptAssemblies/Unity.Postprocessing.Runtime.Tests.dll not valid. Loading of assembly skipped.
Assembly Unity.RenderPipelines.Core.Editor.Tests.dll at Library/ScriptAssemblies/Unity.RenderPipelines.Core.Editor.Tests.dll not valid. Loading of assembly skipped.
Assembly Unity.RenderPipelines.Core.Runtime.Tests.dll at Library/ScriptAssemblies/Unity.RenderPipelines.Core.Runtime.Tests.dll not valid. Loading of assembly skipped.
Assembly Unity.RenderPipelines.Universal.Config.Editor.Tests.dll at Library/ScriptAssemblies/Unity.RenderPipelines.Universal.Config.Editor.Tests.dll not valid. Loading of assembly skipped.
Assembly Unity.RenderPipelines.Universal.Editor.Tests.dll at Library/ScriptAssemblies/Unity.RenderPipelines.Universal.Editor.Tests.dll not valid. Loading of assembly skipped.
Assembly Unity.RenderPipelines.Universal.Runtime.Tests.dll at Library/ScriptAssemblies/Unity.RenderPipelines.Universal.Runtime.Tests.dll not valid. Loading of assembly skipped.
Assembly Unity.Searcher.EditorTests.dll at Library/ScriptAssemblies/Unity.Searcher.EditorTests.dll not valid. Loading of assembly skipped.
Assembly Unity.ShaderGraph.Editor.Tests.dll at Library/ScriptAssemblies/Unity.ShaderGraph.Editor.Tests.dll not valid. Loading of assembly skipped.
Assembly Unity.TextMeshPro.Editor.Tests.dll at Library/ScriptAssemblies/Unity.TextMeshPro.Editor.Tests.dll not valid. Loading of assembly skipped.
Assembly Unity.TextMeshPro.Tests.dll at Library/ScriptAssemblies/Unity.TextMeshPro.Tests.dll not valid. Loading of assembly skipped.
Assembly Unity.UnifiedRayTracing.Editor.Tests.dll at Library/ScriptAssemblies/Unity.UnifiedRayTracing.Editor.Tests.dll not valid. Loading of assembly skipped.
Assembly UnityEditor.UI.Common.Tests.dll at Library/ScriptAssemblies/UnityEditor.UI.Common.Tests.dll not valid. Loading of assembly skipped.
Assembly UnityEditor.UI.EditorTests.dll at Library/ScriptAssemblies/UnityEditor.UI.EditorTests.dll not valid. Loading of assembly skipped.
Assembly UnityEngine.UI.Tests.dll at Library/ScriptAssemblies/UnityEngine.UI.Tests.dll not valid. Loading of assembly skipped.
Native extension for WindowsStandalone target not found
Native extension for WebGL target not found
[Package Manager] Failed to launch server process. Reason: Unity was launched with the -noUpm command-line argument
[Package Manager] Unable to send message (not connected to server process).
[Package Manager] Cannot connect to Unity Package Manager local server
[Package Manager] Failed to launch server process. Reason: Unity was launched with the -noUpm command-line argument
[Package Manager] Unable to send message (not connected to server process).
[Package Manager] Cannot connect to Unity Package Manager local server
ScheduleIndexationOnStartup MainProcess:False IndexOnStartup:True
Mono: successfully reloaded assembly
- Finished resetting the current domain, in  0.740 seconds
Domain Reload Profiling: 1521ms
	BeginReloadAssembly (193ms)
		DisableScriptedObjects (5ms)
		CreateAndSetChildDomain (36ms)
	RebuildCommonClasses (34ms)
	RebuildNativeTypeToScriptingClass (11ms)
	initialDomainReloadingComplete (84ms)
	LoadAllAssembliesAndSetupDomain (458ms)
		LoadAssemblies (382ms)
		AnalyzeDomain (167ms)
			TypeCache.Refresh (6ms)
			BuildScriptInfoCaches (151ms)
			ResolveRequiredComponents (9ms)
	FinalizeReload (740ms)
		SetupLoadedEditorAssemblies (0ms)
			BeforeProcessingInitializeOnLoad (167ms)
			ProcessInitializeOnLoadAttributes (306ms)
			ProcessInitializeOnLoadMethodAttributes (79ms)
			AfterProcessingInitializeOnLoad (15ms)
		AwakeInstancesAfterBackupRestoration (19ms)
Unloading 36 Unused Serialized files (Serialized files now loaded: 0)
Unloading 6399 unused Assets / (7.6 MB). Loaded Objects now: 7505.
Memory consumption went from 183.7 MB to 176.1 MB.
Total: 10.090200 ms (FindLiveObjects: 0.672400 ms CreateObjectMapping: 0.445200 ms MarkObjects: 5.648700 ms  DeleteObjects: 3.322800 ms)

Prepare: number of updated asset objects reloaded= 0
========================================================================
Received Prepare
Begin MonoManager ReloadAssembly
[Licensing::Client] Successfully resolved entitlement details
Assembly Assembly-CSharp-Editor-firstpass.dll at Library/ScriptAssemblies/Assembly-CSharp-Editor-firstpass.dll not valid. Loading of assembly skipped.
Assembly Assembly-CSharp-firstpass.dll at Library/ScriptAssemblies/Assembly-CSharp-firstpass.dll not valid. Loading of assembly skipped.
Assembly DocCodeExamples.dll at Library/ScriptAssemblies/DocCodeExamples.dll not valid. Loading of assembly skipped.
Assembly TestNewCustomAssembly.dll at Library/ScriptAssemblies/TestNewCustomAssembly.dll not valid. Loading of assembly skipped.
Assembly Unity.Collections.BurstCompatibilityGen.dll at Library/ScriptAssemblies/Unity.Collections.BurstCompatibilityGen.dll not valid. Loading of assembly skipped.
Assembly Unity.Collections.DocCodeSamples.dll at Library/ScriptAssemblies/Unity.Collections.DocCodeSamples.dll not valid. Loading of assembly skipped.
Assembly Unity.Collections.PerformanceTests.dll at Library/ScriptAssemblies/Unity.Collections.PerformanceTests.dll not valid. Loading of assembly skipped.
Assembly Unity.Collections.Tests.dll at Library/ScriptAssemblies/Unity.Collections.Tests.dll not valid. Loading of assembly skipped.
Assembly Unity.Collections.Tests.Playmode.dll at Library/ScriptAssemblies/Unity.Collections.Tests.Playmode.dll not valid. Loading of assembly skipped.
Assembly Unity.InputSystem.IntegrationTests.dll at Library/ScriptAssemblies/Unity.InputSystem.IntegrationTests.dll not valid. Loading of assembly skipped.
Assembly Unity.Mathematics.Tests.dll at Library/ScriptAssemblies/Unity.Mathematics.Tests.dll not valid. Loading of assembly skipped.
Assembly Unity.Multiplayer.Center.Editor.Tests.dll at Library/ScriptAssemblies/Unity.Multiplayer.Center.Editor.Tests.dll not valid. Loading of assembly skipped.
Assembly Unity.Multiplayer.Center.Tests.dll at Library/ScriptAssemblies/Unity.Multiplayer.Center.Tests.dll not valid. Loading of assembly skipped.
Assembly Unity.Nuget.Mono-Cecil.dll at Library/ScriptAssemblies/Unity.Nuget.Mono-Cecil.dll not valid. Loading of assembly skipped.
Assembly Unity.PathTracing.Editor.Tests.dll at Library/ScriptAssemblies/Unity.PathTracing.Editor.Tests.dll not valid. Loading of assembly skipped.
Assembly Unity.PathTracing.Runtime.Tests.dll at Library/ScriptAssemblies/Unity.PathTracing.Runtime.Tests.dll not valid. Loading of assembly skipped.
Assembly Unity.Postprocessing.Editor.Tests.dll at Library/ScriptAssemblies/Unity.Postprocessing.Editor.Tests.dll not valid. Loading of assembly skipped.
Assembly Unity.Postprocessing.Runtime.Tests.dll at Library/ScriptAssemblies/Unity.Postprocessing.Runtime.Tests.dll not valid. Loading of assembly skipped.
Assembly Unity.RenderPipelines.Core.Editor.Tests.dll at Library/ScriptAssemblies/Unity.RenderPipelines.Core.Editor.Tests.dll not valid. Loading of assembly skipped.
Assembly Unity.RenderPipelines.Core.Runtime.Tests.dll at Library/ScriptAssemblies/Unity.RenderPipelines.Core.Runtime.Tests.dll not valid. Loading of assembly skipped.
Assembly Unity.RenderPipelines.Universal.Config.Editor.Tests.dll at Library/ScriptAssemblies/Unity.RenderPipelines.Universal.Config.Editor.Tests.dll not valid. Loading of assembly skipped.
Assembly Unity.RenderPipelines.Universal.Editor.Tests.dll at Library/ScriptAssemblies/Unity.RenderPipelines.Universal.Editor.Tests.dll not valid. Loading of assembly skipped.
Assembly Unity.RenderPipelines.Universal.Runtime.Tests.dll at Library/ScriptAssemblies/Unity.RenderPipelines.Universal.Runtime.Tests.dll not valid. Loading of assembly skipped.
Assembly Unity.Searcher.EditorTests.dll at Library/ScriptAssemblies/Unity.Searcher.EditorTests.dll not valid. Loading of assembly skipped.
Assembly Unity.ShaderGraph.Editor.Tests.dll at Library/ScriptAssemblies/Unity.ShaderGraph.Editor.Tests.dll not valid. Loading of assembly skipped.
Assembly Unity.TextMeshPro.Editor.Tests.dll at Library/ScriptAssemblies/Unity.TextMeshPro.Editor.Tests.dll not valid. Loading of assembly skipped.
Assembly Unity.TextMeshPro.Tests.dll at Library/ScriptAssemblies/Unity.TextMeshPro.Tests.dll not valid. Loading of assembly skipped.
Assembly Unity.UnifiedRayTracing.Editor.Tests.dll at Library/ScriptAssemblies/Unity.UnifiedRayTracing.Editor.Tests.dll not valid. Loading of assembly skipped.
Assembly UnityEditor.UI.Common.Tests.dll at Library/ScriptAssemblies/UnityEditor.UI.Common.Tests.dll not valid. Loading of assembly skipped.
Assembly UnityEditor.UI.EditorTests.dll at Library/ScriptAssemblies/UnityEditor.UI.EditorTests.dll not valid. Loading of assembly skipped.
Assembly UnityEngine.UI.Tests.dll at Library/ScriptAssemblies/UnityEngine.UI.Tests.dll not valid. Loading of assembly skipped.
Native extension for WindowsStandalone target not found
Native extension for WebGL target not found
[Package Manager] Failed to launch server process. Reason: Unity was launched with the -noUpm command-line argument
[Package Manager] Unable to send message (not connected to server process).
[Package Manager] Cannot connect to Unity Package Manager local server
[Package Manager] Failed to launch server process. Reason: Unity was launched with the -noUpm command-line argument
[Package Manager] Unable to send message (not connected to server process).
[Package Manager] Cannot connect to Unity Package Manager local server
ScheduleIndexationOnStartup MainProcess:False IndexOnStartup:True
Mono: successfully reloaded assembly
- Finished resetting the current domain, in  0.698 seconds
Domain Reload Profiling: 1470ms
	BeginReloadAssembly (203ms)
		DisableScriptedObjects (5ms)
		CreateAndSetChildDomain (41ms)
	RebuildCommonClasses (33ms)
	RebuildNativeTypeToScriptingClass (11ms)
	initialDomainReloadingComplete (72ms)
	LoadAllAssembliesAndSetupDomain (452ms)
		LoadAssemblies (388ms)
		AnalyzeDomain (161ms)
			TypeCache.Refresh (6ms)
			BuildScriptInfoCaches (145ms)
			ResolveRequiredComponents (9ms)
	FinalizeReload (699ms)
		SetupLoadedEditorAssemblies (0ms)
			BeforeProcessingInitializeOnLoad (149ms)
			ProcessInitializeOnLoadAttributes (277ms)
			ProcessInitializeOnLoadMethodAttributes (81ms)
			AfterProcessingInitializeOnLoad (15ms)
		AwakeInstancesAfterBackupRestoration (22ms)
Unloading 36 Unused Serialized files (Serialized files now loaded: 0)
Unloading 6399 unused Assets / (7.8 MB). Loaded Objects now: 7508.
Memory consumption went from 187.3 MB to 179.5 MB.
Total: 11.083100 ms (FindLiveObjects: 0.702700 ms CreateObjectMapping: 0.458800 ms MarkObjects: 6.538900 ms  DeleteObjects: 3.381300 ms)

Prepare: number of updated asset objects reloaded= 0
========================================================================
Received Import Request.
  Time since last request: 222.122976 seconds.
  path: Assets/Scripts/LevelGenerator.cs
  importAddress: Guid(7635b59957a676342ba6d7ec7e9d8d7c) Importer(815301076,1909f56bfc062723c751e8b465ee728b)
Start importing Assets/Scripts/LevelGenerator.cs using Guid(7635b59957a676342ba6d7ec7e9d8d7c) Importer(815301076,1909f56bfc062723c751e8b465ee728b) (PreviewImporter) -> (Import Result ID: '9b15d0fbac7086e2de76de76ca6f8299') in 0.0035155 seconds [static and dynamic dependencies]. Details - ImportResultOutputID=555dbb124a4aed5bf98ed04bf84d12b9 DependenciesID=96b7bd74d2dda8c00e91233a132c0677 StaticDependenciesID=6cdade6cabff32c465594d470a5a1856 
Number of updated asset objects reloaded before import = 0Number of asset objects unloaded after import = 0

========================================================================
Received Prepare
Begin MonoManager ReloadAssembly
[Licensing::Client] Successfully resolved entitlement details
Assembly Assembly-CSharp-Editor-firstpass.dll at Library/ScriptAssemblies/Assembly-CSharp-Editor-firstpass.dll not valid. Loading of assembly skipped.
Assembly Assembly-CSharp-firstpass.dll at Library/ScriptAssemblies/Assembly-CSharp-firstpass.dll not valid. Loading of assembly skipped.
Assembly DocCodeExamples.dll at Library/ScriptAssemblies/DocCodeExamples.dll not valid. Loading of assembly skipped.
Assembly TestNewCustomAssembly.dll at Library/ScriptAssemblies/TestNewCustomAssembly.dll not valid. Loading of assembly skipped.
Assembly Unity.Collections.BurstCompatibilityGen.dll at Library/ScriptAssemblies/Unity.Collections.BurstCompatibilityGen.dll not valid. Loading of assembly skipped.
Assembly Unity.Collections.DocCodeSamples.dll at Library/ScriptAssemblies/Unity.Collections.DocCodeSamples.dll not valid. Loading of assembly skipped.
Assembly Unity.Collections.PerformanceTests.dll at Library/ScriptAssemblies/Unity.Collections.PerformanceTests.dll not valid. Loading of assembly skipped.
Assembly Unity.Collections.Tests.dll at Library/ScriptAssemblies/Unity.Collections.Tests.dll not valid. Loading of assembly skipped.
Assembly Unity.Collections.Tests.Playmode.dll at Library/ScriptAssemblies/Unity.Collections.Tests.Playmode.dll not valid. Loading of assembly skipped.
Assembly Unity.InputSystem.IntegrationTests.dll at Library/ScriptAssemblies/Unity.InputSystem.IntegrationTests.dll not valid. Loading of assembly skipped.
Assembly Unity.Mathematics.Tests.dll at Library/ScriptAssemblies/Unity.Mathematics.Tests.dll not valid. Loading of assembly skipped.
Assembly Unity.Multiplayer.Center.Editor.Tests.dll at Library/ScriptAssemblies/Unity.Multiplayer.Center.Editor.Tests.dll not valid. Loading of assembly skipped.
Assembly Unity.Multiplayer.Center.Tests.dll at Library/ScriptAssemblies/Unity.Multiplayer.Center.Tests.dll not valid. Loading of assembly skipped.
Assembly Unity.Nuget.Mono-Cecil.dll at Library/ScriptAssemblies/Unity.Nuget.Mono-Cecil.dll not valid. Loading of assembly skipped.
Assembly Unity.PathTracing.Editor.Tests.dll at Library/ScriptAssemblies/Unity.PathTracing.Editor.Tests.dll not valid. Loading of assembly skipped.
Assembly Unity.PathTracing.Runtime.Tests.dll at Library/ScriptAssemblies/Unity.PathTracing.Runtime.Tests.dll not valid. Loading of assembly skipped.
Assembly Unity.Postprocessing.Editor.Tests.dll at Library/ScriptAssemblies/Unity.Postprocessing.Editor.Tests.dll not valid. Loading of assembly skipped.
Assembly Unity.Postprocessing.Runtime.Tests.dll at Library/ScriptAssemblies/Unity.Postprocessing.Runtime.Tests.dll not valid. Loading of assembly skipped.
Assembly Unity.RenderPipelines.Core.Editor.Tests.dll at Library/ScriptAssemblies/Unity.RenderPipelines.Core.Editor.Tests.dll not valid. Loading of assembly skipped.
Assembly Unity.RenderPipelines.Core.Runtime.Tests.dll at Library/ScriptAssemblies/Unity.RenderPipelines.Core.Runtime.Tests.dll not valid. Loading of assembly skipped.
Assembly Unity.RenderPipelines.Universal.Config.Editor.Tests.dll at Library/ScriptAssemblies/Unity.RenderPipelines.Universal.Config.Editor.Tests.dll not valid. Loading of assembly skipped.
Assembly Unity.RenderPipelines.Universal.Editor.Tests.dll at Library/ScriptAssemblies/Unity.RenderPipelines.Universal.Editor.Tests.dll not valid. Loading of assembly skipped.
Assembly Unity.RenderPipelines.Universal.Runtime.Tests.dll at Library/ScriptAssemblies/Unity.RenderPipelines.Universal.Runtime.Tests.dll not valid. Loading of assembly skipped.
Assembly Unity.Searcher.EditorTests.dll at Library/ScriptAssemblies/Unity.Searcher.EditorTests.dll not valid. Loading of assembly skipped.
Assembly Unity.ShaderGraph.Editor.Tests.dll at Library/ScriptAssemblies/Unity.ShaderGraph.Editor.Tests.dll not valid. Loading of assembly skipped.
Assembly Unity.TextMeshPro.Editor.Tests.dll at Library/ScriptAssemblies/Unity.TextMeshPro.Editor.Tests.dll not valid. Loading of assembly skipped.
Assembly Unity.TextMeshPro.Tests.dll at Library/ScriptAssemblies/Unity.TextMeshPro.Tests.dll not valid. Loading of assembly skipped.
Assembly Unity.UnifiedRayTracing.Editor.Tests.dll at Library/ScriptAssemblies/Unity.UnifiedRayTracing.Editor.Tests.dll not valid. Loading of assembly skipped.
Assembly UnityEditor.UI.Common.Tests.dll at Library/ScriptAssemblies/UnityEditor.UI.Common.Tests.dll not valid. Loading of assembly skipped.
Assembly UnityEditor.UI.EditorTests.dll at Library/ScriptAssemblies/UnityEditor.UI.EditorTests.dll not valid. Loading of assembly skipped.
Assembly UnityEngine.UI.Tests.dll at Library/ScriptAssemblies/UnityEngine.UI.Tests.dll not valid. Loading of assembly skipped.
Native extension for WindowsStandalone target not found
Native extension for WebGL target not found
[Package Manager] Failed to launch server process. Reason: Unity was launched with the -noUpm command-line argument
[Package Manager] Unable to send message (not connected to server process).
[Package Manager] Cannot connect to Unity Package Manager local server
[Package Manager] Failed to launch server process. Reason: Unity was launched with the -noUpm command-line argument
[Package Manager] Unable to send message (not connected to server process).
[Package Manager] Cannot connect to Unity Package Manager local server
ScheduleIndexationOnStartup MainProcess:False IndexOnStartup:True
Mono: successfully reloaded assembly
- Finished resetting the current domain, in  0.691 seconds
Domain Reload Profiling: 1456ms
	BeginReloadAssembly (198ms)
		DisableScriptedObjects (5ms)
		CreateAndSetChildDomain (41ms)
	RebuildCommonClasses (33ms)
	RebuildNativeTypeToScriptingClass (11ms)
	initialDomainReloadingComplete (74ms)
	LoadAllAssembliesAndSetupDomain (448ms)
		LoadAssemblies (377ms)
		AnalyzeDomain (160ms)
			TypeCache.Refresh (6ms)
			BuildScriptInfoCaches (144ms)
			ResolveRequiredComponents (9ms)
	FinalizeReload (692ms)
		SetupLoadedEditorAssemblies (0ms)
			BeforeProcessingInitializeOnLoad (149ms)
			ProcessInitializeOnLoadAttributes (279ms)
			ProcessInitializeOnLoadMethodAttributes (75ms)
			AfterProcessingInitializeOnLoad (14ms)
		AwakeInstancesAfterBackupRestoration (20ms)
Unloading 36 Unused Serialized files (Serialized files now loaded: 0)
Unloading 6399 unused Assets / (7.2 MB). Loaded Objects now: 7511.
Memory consumption went from 180.1 MB to 172.9 MB.
Total: 7.604400 ms (FindLiveObjects: 0.618400 ms CreateObjectMapping: 0.311100 ms MarkObjects: 4.392700 ms  DeleteObjects: 2.281100 ms)

Prepare: number of updated asset objects reloaded= 0
========================================================================
Received Prepare
Begin MonoManager ReloadAssembly
Assembly Assembly-CSharp-Editor-firstpass.dll at Library/ScriptAssemblies/Assembly-CSharp-Editor-firstpass.dll not valid. Loading of assembly skipped.
Assembly Assembly-CSharp-firstpass.dll at Library/ScriptAssemblies/Assembly-CSharp-firstpass.dll not valid. Loading of assembly skipped.
Assembly DocCodeExamples.dll at Library/ScriptAssemblies/DocCodeExamples.dll not valid. Loading of assembly skipped.
Assembly TestNewCustomAssembly.dll at Library/ScriptAssemblies/TestNewCustomAssembly.dll not valid. Loading of assembly skipped.
Assembly Unity.Collections.BurstCompatibilityGen.dll at Library/ScriptAssemblies/Unity.Collections.BurstCompatibilityGen.dll not valid. Loading of assembly skipped.
Assembly Unity.Collections.DocCodeSamples.dll at Library/ScriptAssemblies/Unity.Collections.DocCodeSamples.dll not valid. Loading of assembly skipped.
Assembly Unity.Collections.PerformanceTests.dll at Library/ScriptAssemblies/Unity.Collections.PerformanceTests.dll not valid. Loading of assembly skipped.
Assembly Unity.Collections.Tests.dll at Library/ScriptAssemblies/Unity.Collections.Tests.dll not valid. Loading of assembly skipped.
Assembly Unity.Collections.Tests.Playmode.dll at Library/ScriptAssemblies/Unity.Collections.Tests.Playmode.dll not valid. Loading of assembly skipped.
Assembly Unity.InputSystem.IntegrationTests.dll at Library/ScriptAssemblies/Unity.InputSystem.IntegrationTests.dll not valid. Loading of assembly skipped.
Assembly Unity.Mathematics.Tests.dll at Library/ScriptAssemblies/Unity.Mathematics.Tests.dll not valid. Loading of assembly skipped.
Assembly Unity.Multiplayer.Center.Editor.Tests.dll at Library/ScriptAssemblies/Unity.Multiplayer.Center.Editor.Tests.dll not valid. Loading of assembly skipped.
Assembly Unity.Multiplayer.Center.Tests.dll at Library/ScriptAssemblies/Unity.Multiplayer.Center.Tests.dll not valid. Loading of assembly skipped.
Assembly Unity.Nuget.Mono-Cecil.dll at Library/ScriptAssemblies/Unity.Nuget.Mono-Cecil.dll not valid. Loading of assembly skipped.
Assembly Unity.PathTracing.Editor.Tests.dll at Library/ScriptAssemblies/Unity.PathTracing.Editor.Tests.dll not valid. Loading of assembly skipped.
Assembly Unity.PathTracing.Runtime.Tests.dll at Library/ScriptAssemblies/Unity.PathTracing.Runtime.Tests.dll not valid. Loading of assembly skipped.
Assembly Unity.Postprocessing.Editor.Tests.dll at Library/ScriptAssemblies/Unity.Postprocessing.Editor.Tests.dll not valid. Loading of assembly skipped.
Assembly Unity.Postprocessing.Runtime.Tests.dll at Library/ScriptAssemblies/Unity.Postprocessing.Runtime.Tests.dll not valid. Loading of assembly skipped.
Assembly Unity.RenderPipelines.Core.Editor.Tests.dll at Library/ScriptAssemblies/Unity.RenderPipelines.Core.Editor.Tests.dll not valid. Loading of assembly skipped.
Assembly Unity.RenderPipelines.Core.Runtime.Tests.dll at Library/ScriptAssemblies/Unity.RenderPipelines.Core.Runtime.Tests.dll not valid. Loading of assembly skipped.
Assembly Unity.RenderPipelines.Universal.Config.Editor.Tests.dll at Library/ScriptAssemblies/Unity.RenderPipelines.Universal.Config.Editor.Tests.dll not valid. Loading of assembly skipped.
Assembly Unity.RenderPipelines.Universal.Editor.Tests.dll at Library/ScriptAssemblies/Unity.RenderPipelines.Universal.Editor.Tests.dll not valid. Loading of assembly skipped.
Assembly Unity.RenderPipelines.Universal.Runtime.Tests.dll at Library/ScriptAssemblies/Unity.RenderPipelines.Universal.Runtime.Tests.dll not valid. Loading of assembly skipped.
Assembly Unity.Searcher.EditorTests.dll at Library/ScriptAssemblies/Unity.Searcher.EditorTests.dll not valid. Loading of assembly skipped.
Assembly Unity.ShaderGraph.Editor.Tests.dll at Library/ScriptAssemblies/Unity.ShaderGraph.Editor.Tests.dll not valid. Loading of assembly skipped.
Assembly Unity.TextMeshPro.Editor.Tests.dll at Library/ScriptAssemblies/Unity.TextMeshPro.Editor.Tests.dll not valid. Loading of assembly skipped.
Assembly Unity.TextMeshPro.Tests.dll at Library/ScriptAssemblies/Unity.TextMeshPro.Tests.dll not valid. Loading of assembly skipped.
Assembly Unity.UnifiedRayTracing.Editor.Tests.dll at Library/ScriptAssemblies/Unity.UnifiedRayTracing.Editor.Tests.dll not valid. Loading of assembly skipped.
Assembly UnityEditor.UI.Common.Tests.dll at Library/ScriptAssemblies/UnityEditor.UI.Common.Tests.dll not valid. Loading of assembly skipped.
Assembly UnityEditor.UI.EditorTests.dll at Library/ScriptAssemblies/UnityEditor.UI.EditorTests.dll not valid. Loading of assembly skipped.
Assembly UnityEngine.UI.Tests.dll at Library/ScriptAssemblies/UnityEngine.UI.Tests.dll not valid. Loading of assembly skipped.
Native extension for WindowsStandalone target not found
Native extension for WebGL target not found
[Package Manager] Failed to launch server process. Reason: Unity was launched with the -noUpm command-line argument
[Package Manager] Unable to send message (not connected to server process).
[Package Manager] Cannot connect to Unity Package Manager local server
[Package Manager] Failed to launch server process. Reason: Unity was launched with the -noUpm command-line argument
[Package Manager] Unable to send message (not connected to server process).
[Package Manager] Cannot connect to Unity Package Manager local server
ScheduleIndexationOnStartup MainProcess:False IndexOnStartup:True
Mono: successfully reloaded assembly
- Finished resetting the current domain, in  0.725 seconds
Domain Reload Profiling: 1508ms
	BeginReloadAssembly (205ms)
		DisableScriptedObjects (5ms)
		CreateAndSetChildDomain (37ms)
	RebuildCommonClasses (34ms)
	RebuildNativeTypeToScriptingClass (11ms)
	initialDomainReloadingComplete (76ms)
	LoadAllAssembliesAndSetupDomain (456ms)
		LoadAssemblies (391ms)
		AnalyzeDomain (165ms)
			TypeCache.Refresh (6ms)
			BuildScriptInfoCaches (148ms)
			ResolveRequiredComponents (9ms)
	FinalizeReload (726ms)
		SetupLoadedEditorAssemblies (0ms)
			InitializePlatformSupportModulesInManaged (3ms)
			BeforeProcessingInitializeOnLoad (158ms)
			ProcessInitializeOnLoadAttributes (300ms)
			ProcessInitializeOnLoadMethodAttributes (79ms)
			AfterProcessingInitializeOnLoad (16ms)
		AwakeInstancesAfterBackupRestoration (18ms)
Unloading 36 Unused Serialized files (Serialized files now loaded: 0)
Unloading 6399 unused Assets / (7.3 MB). Loaded Objects now: 7514.
Memory consumption went from 183.8 MB to 176.5 MB.
Total: 10.701600 ms (FindLiveObjects: 0.920300 ms CreateObjectMapping: 0.531400 ms MarkObjects: 5.765800 ms  DeleteObjects: 3.482900 ms)

Prepare: number of updated asset objects reloaded= 0
========================================================================
Received Prepare
Begin MonoManager ReloadAssembly
Assembly Assembly-CSharp-Editor-firstpass.dll at Library/ScriptAssemblies/Assembly-CSharp-Editor-firstpass.dll not valid. Loading of assembly skipped.
Assembly Assembly-CSharp-firstpass.dll at Library/ScriptAssemblies/Assembly-CSharp-firstpass.dll not valid. Loading of assembly skipped.
Assembly DocCodeExamples.dll at Library/ScriptAssemblies/DocCodeExamples.dll not valid. Loading of assembly skipped.
Assembly TestNewCustomAssembly.dll at Library/ScriptAssemblies/TestNewCustomAssembly.dll not valid. Loading of assembly skipped.
Assembly Unity.Collections.BurstCompatibilityGen.dll at Library/ScriptAssemblies/Unity.Collections.BurstCompatibilityGen.dll not valid. Loading of assembly skipped.
Assembly Unity.Collections.DocCodeSamples.dll at Library/ScriptAssemblies/Unity.Collections.DocCodeSamples.dll not valid. Loading of assembly skipped.
Assembly Unity.Collections.PerformanceTests.dll at Library/ScriptAssemblies/Unity.Collections.PerformanceTests.dll not valid. Loading of assembly skipped.
Assembly Unity.Collections.Tests.dll at Library/ScriptAssemblies/Unity.Collections.Tests.dll not valid. Loading of assembly skipped.
Assembly Unity.Collections.Tests.Playmode.dll at Library/ScriptAssemblies/Unity.Collections.Tests.Playmode.dll not valid. Loading of assembly skipped.
Assembly Unity.InputSystem.IntegrationTests.dll at Library/ScriptAssemblies/Unity.InputSystem.IntegrationTests.dll not valid. Loading of assembly skipped.
Assembly Unity.Mathematics.Tests.dll at Library/ScriptAssemblies/Unity.Mathematics.Tests.dll not valid. Loading of assembly skipped.
Assembly Unity.Multiplayer.Center.Editor.Tests.dll at Library/ScriptAssemblies/Unity.Multiplayer.Center.Editor.Tests.dll not valid. Loading of assembly skipped.
Assembly Unity.Multiplayer.Center.Tests.dll at Library/ScriptAssemblies/Unity.Multiplayer.Center.Tests.dll not valid. Loading of assembly skipped.
Assembly Unity.Nuget.Mono-Cecil.dll at Library/ScriptAssemblies/Unity.Nuget.Mono-Cecil.dll not valid. Loading of assembly skipped.
Assembly Unity.PathTracing.Editor.Tests.dll at Library/ScriptAssemblies/Unity.PathTracing.Editor.Tests.dll not valid. Loading of assembly skipped.
Assembly Unity.PathTracing.Runtime.Tests.dll at Library/ScriptAssemblies/Unity.PathTracing.Runtime.Tests.dll not valid. Loading of assembly skipped.
Assembly Unity.Postprocessing.Editor.Tests.dll at Library/ScriptAssemblies/Unity.Postprocessing.Editor.Tests.dll not valid. Loading of assembly skipped.
Assembly Unity.Postprocessing.Runtime.Tests.dll at Library/ScriptAssemblies/Unity.Postprocessing.Runtime.Tests.dll not valid. Loading of assembly skipped.
Assembly Unity.RenderPipelines.Core.Editor.Tests.dll at Library/ScriptAssemblies/Unity.RenderPipelines.Core.Editor.Tests.dll not valid. Loading of assembly skipped.
Assembly Unity.RenderPipelines.Core.Runtime.Tests.dll at Library/ScriptAssemblies/Unity.RenderPipelines.Core.Runtime.Tests.dll not valid. Loading of assembly skipped.
Assembly Unity.RenderPipelines.Universal.Config.Editor.Tests.dll at Library/ScriptAssemblies/Unity.RenderPipelines.Universal.Config.Editor.Tests.dll not valid. Loading of assembly skipped.
Assembly Unity.RenderPipelines.Universal.Editor.Tests.dll at Library/ScriptAssemblies/Unity.RenderPipelines.Universal.Editor.Tests.dll not valid. Loading of assembly skipped.
Assembly Unity.RenderPipelines.Universal.Runtime.Tests.dll at Library/ScriptAssemblies/Unity.RenderPipelines.Universal.Runtime.Tests.dll not valid. Loading of assembly skipped.
Assembly Unity.Searcher.EditorTests.dll at Library/ScriptAssemblies/Unity.Searcher.EditorTests.dll not valid. Loading of assembly skipped.
Assembly Unity.ShaderGraph.Editor.Tests.dll at Library/ScriptAssemblies/Unity.ShaderGraph.Editor.Tests.dll not valid. Loading of assembly skipped.
Assembly Unity.TextMeshPro.Editor.Tests.dll at Library/ScriptAssemblies/Unity.TextMeshPro.Editor.Tests.dll not valid. Loading of assembly skipped.
Assembly Unity.TextMeshPro.Tests.dll at Library/ScriptAssemblies/Unity.TextMeshPro.Tests.dll not valid. Loading of assembly skipped.
Assembly Unity.UnifiedRayTracing.Editor.Tests.dll at Library/ScriptAssemblies/Unity.UnifiedRayTracing.Editor.Tests.dll not valid. Loading of assembly skipped.
Assembly UnityEditor.UI.Common.Tests.dll at Library/ScriptAssemblies/UnityEditor.UI.Common.Tests.dll not valid. Loading of assembly skipped.
Assembly UnityEditor.UI.EditorTests.dll at Library/ScriptAssemblies/UnityEditor.UI.EditorTests.dll not valid. Loading of assembly skipped.
Assembly UnityEngine.UI.Tests.dll at Library/ScriptAssemblies/UnityEngine.UI.Tests.dll not valid. Loading of assembly skipped.
Native extension for WindowsStandalone target not found
Native extension for WebGL target not found
[Package Manager] Failed to launch server process. Reason: Unity was launched with the -noUpm command-line argument
[Package Manager] Unable to send message (not connected to server process).
[Package Manager] Cannot connect to Unity Package Manager local server
[Package Manager] Failed to launch server process. Reason: Unity was launched with the -noUpm command-line argument
[Package Manager] Unable to send message (not connected to server process).
[Package Manager] Cannot connect to Unity Package Manager local server
ScheduleIndexationOnStartup MainProcess:False IndexOnStartup:True
Mono: successfully reloaded assembly
- Finished resetting the current domain, in  0.676 seconds
Domain Reload Profiling: 1419ms
	BeginReloadAssembly (190ms)
		DisableScriptedObjects (5ms)
		CreateAndSetChildDomain (37ms)
	RebuildCommonClasses (32ms)
	RebuildNativeTypeToScriptingClass (11ms)
	initialDomainReloadingComplete (71ms)
	LoadAllAssembliesAndSetupDomain (439ms)
		LoadAssemblies (364ms)
		AnalyzeDomain (163ms)
			TypeCache.Refresh (6ms)
			BuildScriptInfoCaches (146ms)
			ResolveRequiredComponents (10ms)
	FinalizeReload (676ms)
		SetupLoadedEditorAssemblies (0ms)
			BeforeProcessingInitializeOnLoad (142ms)
			ProcessInitializeOnLoadAttributes (274ms)
			ProcessInitializeOnLoadMethodAttributes (71ms)
			AfterProcessingInitializeOnLoad (15ms)
		AwakeInstancesAfterBackupRestoration (24ms)
Unloading 36 Unused Serialized files (Serialized files now loaded: 0)
Unloading 6399 unused Assets / (8.0 MB). Loaded Objects now: 7517.
Memory consumption went from 187.5 MB to 179.5 MB.
Total: 9.022100 ms (FindLiveObjects: 0.604500 ms CreateObjectMapping: 0.643600 ms MarkObjects: 4.369600 ms  DeleteObjects: 3.403600 ms)

Prepare: number of updated asset objects reloaded= 0
========================================================================
Received Prepare
Begin MonoManager ReloadAssembly
[Licensing::Client] Successfully resolved entitlement details
Assembly Assembly-CSharp-Editor-firstpass.dll at Library/ScriptAssemblies/Assembly-CSharp-Editor-firstpass.dll not valid. Loading of assembly skipped.
Assembly Assembly-CSharp-firstpass.dll at Library/ScriptAssemblies/Assembly-CSharp-firstpass.dll not valid. Loading of assembly skipped.
Assembly DocCodeExamples.dll at Library/ScriptAssemblies/DocCodeExamples.dll not valid. Loading of assembly skipped.
Assembly TestNewCustomAssembly.dll at Library/ScriptAssemblies/TestNewCustomAssembly.dll not valid. Loading of assembly skipped.
Assembly Unity.Collections.BurstCompatibilityGen.dll at Library/ScriptAssemblies/Unity.Collections.BurstCompatibilityGen.dll not valid. Loading of assembly skipped.
Assembly Unity.Collections.DocCodeSamples.dll at Library/ScriptAssemblies/Unity.Collections.DocCodeSamples.dll not valid. Loading of assembly skipped.
Assembly Unity.Collections.PerformanceTests.dll at Library/ScriptAssemblies/Unity.Collections.PerformanceTests.dll not valid. Loading of assembly skipped.
Assembly Unity.Collections.Tests.dll at Library/ScriptAssemblies/Unity.Collections.Tests.dll not valid. Loading of assembly skipped.
Assembly Unity.Collections.Tests.Playmode.dll at Library/ScriptAssemblies/Unity.Collections.Tests.Playmode.dll not valid. Loading of assembly skipped.
Assembly Unity.InputSystem.IntegrationTests.dll at Library/ScriptAssemblies/Unity.InputSystem.IntegrationTests.dll not valid. Loading of assembly skipped.
Assembly Unity.Mathematics.Tests.dll at Library/ScriptAssemblies/Unity.Mathematics.Tests.dll not valid. Loading of assembly skipped.
Assembly Unity.Multiplayer.Center.Editor.Tests.dll at Library/ScriptAssemblies/Unity.Multiplayer.Center.Editor.Tests.dll not valid. Loading of assembly skipped.
Assembly Unity.Multiplayer.Center.Tests.dll at Library/ScriptAssemblies/Unity.Multiplayer.Center.Tests.dll not valid. Loading of assembly skipped.
Assembly Unity.Nuget.Mono-Cecil.dll at Library/ScriptAssemblies/Unity.Nuget.Mono-Cecil.dll not valid. Loading of assembly skipped.
Assembly Unity.PathTracing.Editor.Tests.dll at Library/ScriptAssemblies/Unity.PathTracing.Editor.Tests.dll not valid. Loading of assembly skipped.
Assembly Unity.PathTracing.Runtime.Tests.dll at Library/ScriptAssemblies/Unity.PathTracing.Runtime.Tests.dll not valid. Loading of assembly skipped.
Assembly Unity.Postprocessing.Editor.Tests.dll at Library/ScriptAssemblies/Unity.Postprocessing.Editor.Tests.dll not valid. Loading of assembly skipped.
Assembly Unity.Postprocessing.Runtime.Tests.dll at Library/ScriptAssemblies/Unity.Postprocessing.Runtime.Tests.dll not valid. Loading of assembly skipped.
Assembly Unity.RenderPipelines.Core.Editor.Tests.dll at Library/ScriptAssemblies/Unity.RenderPipelines.Core.Editor.Tests.dll not valid. Loading of assembly skipped.
Assembly Unity.RenderPipelines.Core.Runtime.Tests.dll at Library/ScriptAssemblies/Unity.RenderPipelines.Core.Runtime.Tests.dll not valid. Loading of assembly skipped.
Assembly Unity.RenderPipelines.Universal.Config.Editor.Tests.dll at Library/ScriptAssemblies/Unity.RenderPipelines.Universal.Config.Editor.Tests.dll not valid. Loading of assembly skipped.
Assembly Unity.RenderPipelines.Universal.Editor.Tests.dll at Library/ScriptAssemblies/Unity.RenderPipelines.Universal.Editor.Tests.dll not valid. Loading of assembly skipped.
Assembly Unity.RenderPipelines.Universal.Runtime.Tests.dll at Library/ScriptAssemblies/Unity.RenderPipelines.Universal.Runtime.Tests.dll not valid. Loading of assembly skipped.
Assembly Unity.Searcher.EditorTests.dll at Library/ScriptAssemblies/Unity.Searcher.EditorTests.dll not valid. Loading of assembly skipped.
Assembly Unity.ShaderGraph.Editor.Tests.dll at Library/ScriptAssemblies/Unity.ShaderGraph.Editor.Tests.dll not valid. Loading of assembly skipped.
Assembly Unity.TextMeshPro.Editor.Tests.dll at Library/ScriptAssemblies/Unity.TextMeshPro.Editor.Tests.dll not valid. Loading of assembly skipped.
Assembly Unity.TextMeshPro.Tests.dll at Library/ScriptAssemblies/Unity.TextMeshPro.Tests.dll not valid. Loading of assembly skipped.
Assembly Unity.UnifiedRayTracing.Editor.Tests.dll at Library/ScriptAssemblies/Unity.UnifiedRayTracing.Editor.Tests.dll not valid. Loading of assembly skipped.
Assembly UnityEditor.UI.Common.Tests.dll at Library/ScriptAssemblies/UnityEditor.UI.Common.Tests.dll not valid. Loading of assembly skipped.
Assembly UnityEditor.UI.EditorTests.dll at Library/ScriptAssemblies/UnityEditor.UI.EditorTests.dll not valid. Loading of assembly skipped.
Assembly UnityEngine.UI.Tests.dll at Library/ScriptAssemblies/UnityEngine.UI.Tests.dll not valid. Loading of assembly skipped.
Native extension for WindowsStandalone target not found
Native extension for WebGL target not found
[Package Manager] Failed to launch server process. Reason: Unity was launched with the -noUpm command-line argument
[Package Manager] Unable to send message (not connected to server process).
[Package Manager] Cannot connect to Unity Package Manager local server
[Package Manager] Failed to launch server process. Reason: Unity was launched with the -noUpm command-line argument
[Package Manager] Unable to send message (not connected to server process).
[Package Manager] Cannot connect to Unity Package Manager local server
ScheduleIndexationOnStartup MainProcess:False IndexOnStartup:True
Mono: successfully reloaded assembly
- Finished resetting the current domain, in  0.699 seconds
Domain Reload Profiling: 1477ms
	BeginReloadAssembly (207ms)
		DisableScriptedObjects (5ms)
		CreateAndSetChildDomain (43ms)
	RebuildCommonClasses (33ms)
	RebuildNativeTypeToScriptingClass (11ms)
	initialDomainReloadingComplete (74ms)
	LoadAllAssembliesAndSetupDomain (452ms)
		LoadAssemblies (380ms)
		AnalyzeDomain (166ms)
			TypeCache.Refresh (6ms)
			BuildScriptInfoCaches (150ms)
			ResolveRequiredComponents (9ms)
	FinalizeReload (699ms)
		SetupLoadedEditorAssemblies (0ms)
			BeforeProcessingInitializeOnLoad (153ms)
			ProcessInitializeOnLoadAttributes (271ms)
			ProcessInitializeOnLoadMethodAttributes (83ms)
			AfterProcessingInitializeOnLoad (15ms)
		AwakeInstancesAfterBackupRestoration (23ms)
Unloading 36 Unused Serialized files (Serialized files now loaded: 0)
Unloading 6399 unused Assets / (7.6 MB). Loaded Objects now: 7520.
Memory consumption went from 191.2 MB to 183.6 MB.
Total: 10.313300 ms (FindLiveObjects: 0.742700 ms CreateObjectMapping: 0.606700 ms MarkObjects: 5.606200 ms  DeleteObjects: 3.356500 ms)

Prepare: number of updated asset objects reloaded= 0
========================================================================
Received Import Request.
  Time since last request: 297.117530 seconds.
  path: Assets/Scripts/RoadEndTrigger.cs
  importAddress: Guid(9e788640bee8b984a9f3a36b25939c40) Importer(815301076,1909f56bfc062723c751e8b465ee728b)
Start importing Assets/Scripts/RoadEndTrigger.cs using Guid(9e788640bee8b984a9f3a36b25939c40) Importer(815301076,1909f56bfc062723c751e8b465ee728b) (PreviewImporter) -> (Import Result ID: '10ae75efb438ab5ef581145b52cdba1a') in 0.0018699 seconds [static and dynamic dependencies]. Details - ImportResultOutputID=9a01311bfa21eb8c06a72d2c99704c46 DependenciesID=ba59f9a8ed8ac1b6ae6169886644a356 StaticDependenciesID=a0dc8b8b1f06fdc905237e3d9c3daf35 
Number of updated asset objects reloaded before import = 0Number of asset objects unloaded after import = 0

========================================================================
Received Prepare
Unloading 36 Unused Serialized files (Serialized files now loaded: 0)
Unloading 6393 unused Assets / (7.0 MB). Loaded Objects now: 7520.
Memory consumption went from 180.5 MB to 173.5 MB.
Total: 19.334700 ms (FindLiveObjects: 1.159600 ms CreateObjectMapping: 2.179100 ms MarkObjects: 11.236900 ms  DeleteObjects: 4.757500 ms)

Prepare: number of updated asset objects reloaded= 0
========================================================================
Received Import Request.
  Time since last request: 265.024982 seconds.
  path: Assets/Scripts/RoadEndTrigger.cs
  importAddress: Guid(9e788640bee8b984a9f3a36b25939c40) Importer(815301076,1909f56bfc062723c751e8b465ee728b)
Start importing Assets/Scripts/RoadEndTrigger.cs using Guid(9e788640bee8b984a9f3a36b25939c40) Importer(815301076,1909f56bfc062723c751e8b465ee728b) (PreviewImporter) -> (Import Result ID: 'e00ba5df121008e85396fea184917369') in 0.0011078 seconds [static and dynamic dependencies]. Details - ImportResultOutputID=9a01311bfa21eb8c06a72d2c99704c46 DependenciesID=0d5927cecce1a1830c917e8dfbf1805c StaticDependenciesID=e5f58506b5070f5e30a33189ee24c65f 
Number of updated asset objects reloaded before import = 0Number of asset objects unloaded after import = 0

========================================================================
Received Prepare
Unloading 36 Unused Serialized files (Serialized files now loaded: 0)
Unloading 6393 unused Assets / (7.3 MB). Loaded Objects now: 7520.
Memory consumption went from 180.5 MB to 173.2 MB.
Total: 7.630100 ms (FindLiveObjects: 0.728300 ms CreateObjectMapping: 0.374900 ms MarkObjects: 4.186400 ms  DeleteObjects: 2.339800 ms)

Prepare: number of updated asset objects reloaded= 0
========================================================================
Received Prepare
Begin MonoManager ReloadAssembly
[Licensing::Client] Successfully resolved entitlement details
Assembly Assembly-CSharp-Editor-firstpass.dll at Library/ScriptAssemblies/Assembly-CSharp-Editor-firstpass.dll not valid. Loading of assembly skipped.
Assembly Assembly-CSharp-firstpass.dll at Library/ScriptAssemblies/Assembly-CSharp-firstpass.dll not valid. Loading of assembly skipped.
Assembly DocCodeExamples.dll at Library/ScriptAssemblies/DocCodeExamples.dll not valid. Loading of assembly skipped.
Assembly TestNewCustomAssembly.dll at Library/ScriptAssemblies/TestNewCustomAssembly.dll not valid. Loading of assembly skipped.
Assembly Unity.Collections.BurstCompatibilityGen.dll at Library/ScriptAssemblies/Unity.Collections.BurstCompatibilityGen.dll not valid. Loading of assembly skipped.
Assembly Unity.Collections.DocCodeSamples.dll at Library/ScriptAssemblies/Unity.Collections.DocCodeSamples.dll not valid. Loading of assembly skipped.
Assembly Unity.Collections.PerformanceTests.dll at Library/ScriptAssemblies/Unity.Collections.PerformanceTests.dll not valid. Loading of assembly skipped.
Assembly Unity.Collections.Tests.dll at Library/ScriptAssemblies/Unity.Collections.Tests.dll not valid. Loading of assembly skipped.
Assembly Unity.Collections.Tests.Playmode.dll at Library/ScriptAssemblies/Unity.Collections.Tests.Playmode.dll not valid. Loading of assembly skipped.
Assembly Unity.InputSystem.IntegrationTests.dll at Library/ScriptAssemblies/Unity.InputSystem.IntegrationTests.dll not valid. Loading of assembly skipped.
Assembly Unity.Mathematics.Tests.dll at Library/ScriptAssemblies/Unity.Mathematics.Tests.dll not valid. Loading of assembly skipped.
Assembly Unity.Multiplayer.Center.Editor.Tests.dll at Library/ScriptAssemblies/Unity.Multiplayer.Center.Editor.Tests.dll not valid. Loading of assembly skipped.
Assembly Unity.Multiplayer.Center.Tests.dll at Library/ScriptAssemblies/Unity.Multiplayer.Center.Tests.dll not valid. Loading of assembly skipped.
Assembly Unity.Nuget.Mono-Cecil.dll at Library/ScriptAssemblies/Unity.Nuget.Mono-Cecil.dll not valid. Loading of assembly skipped.
Assembly Unity.PathTracing.Editor.Tests.dll at Library/ScriptAssemblies/Unity.PathTracing.Editor.Tests.dll not valid. Loading of assembly skipped.
Assembly Unity.PathTracing.Runtime.Tests.dll at Library/ScriptAssemblies/Unity.PathTracing.Runtime.Tests.dll not valid. Loading of assembly skipped.
Assembly Unity.Postprocessing.Editor.Tests.dll at Library/ScriptAssemblies/Unity.Postprocessing.Editor.Tests.dll not valid. Loading of assembly skipped.
Assembly Unity.Postprocessing.Runtime.Tests.dll at Library/ScriptAssemblies/Unity.Postprocessing.Runtime.Tests.dll not valid. Loading of assembly skipped.
Assembly Unity.RenderPipelines.Core.Editor.Tests.dll at Library/ScriptAssemblies/Unity.RenderPipelines.Core.Editor.Tests.dll not valid. Loading of assembly skipped.
Assembly Unity.RenderPipelines.Core.Runtime.Tests.dll at Library/ScriptAssemblies/Unity.RenderPipelines.Core.Runtime.Tests.dll not valid. Loading of assembly skipped.
Assembly Unity.RenderPipelines.Universal.Config.Editor.Tests.dll at Library/ScriptAssemblies/Unity.RenderPipelines.Universal.Config.Editor.Tests.dll not valid. Loading of assembly skipped.
Assembly Unity.RenderPipelines.Universal.Editor.Tests.dll at Library/ScriptAssemblies/Unity.RenderPipelines.Universal.Editor.Tests.dll not valid. Loading of assembly skipped.
Assembly Unity.RenderPipelines.Universal.Runtime.Tests.dll at Library/ScriptAssemblies/Unity.RenderPipelines.Universal.Runtime.Tests.dll not valid. Loading of assembly skipped.
Assembly Unity.Searcher.EditorTests.dll at Library/ScriptAssemblies/Unity.Searcher.EditorTests.dll not valid. Loading of assembly skipped.
Assembly Unity.ShaderGraph.Editor.Tests.dll at Library/ScriptAssemblies/Unity.ShaderGraph.Editor.Tests.dll not valid. Loading of assembly skipped.
Assembly Unity.TextMeshPro.Editor.Tests.dll at Library/ScriptAssemblies/Unity.TextMeshPro.Editor.Tests.dll not valid. Loading of assembly skipped.
Assembly Unity.TextMeshPro.Tests.dll at Library/ScriptAssemblies/Unity.TextMeshPro.Tests.dll not valid. Loading of assembly skipped.
Assembly Unity.UnifiedRayTracing.Editor.Tests.dll at Library/ScriptAssemblies/Unity.UnifiedRayTracing.Editor.Tests.dll not valid. Loading of assembly skipped.
Assembly UnityEditor.UI.Common.Tests.dll at Library/ScriptAssemblies/UnityEditor.UI.Common.Tests.dll not valid. Loading of assembly skipped.
Assembly UnityEditor.UI.EditorTests.dll at Library/ScriptAssemblies/UnityEditor.UI.EditorTests.dll not valid. Loading of assembly skipped.
Assembly UnityEngine.UI.Tests.dll at Library/ScriptAssemblies/UnityEngine.UI.Tests.dll not valid. Loading of assembly skipped.
Native extension for WindowsStandalone target not found
Native extension for WebGL target not found
[Package Manager] Failed to launch server process. Reason: Unity was launched with the -noUpm command-line argument
[Package Manager] Unable to send message (not connected to server process).
[Package Manager] Cannot connect to Unity Package Manager local server
[Package Manager] Failed to launch server process. Reason: Unity was launched with the -noUpm command-line argument
[Package Manager] Unable to send message (not connected to server process).
[Package Manager] Cannot connect to Unity Package Manager local server
ScheduleIndexationOnStartup MainProcess:False IndexOnStartup:True
Mono: successfully reloaded assembly
- Finished resetting the current domain, in  0.696 seconds
Domain Reload Profiling: 1444ms
	BeginReloadAssembly (196ms)
		DisableScriptedObjects (6ms)
		CreateAndSetChildDomain (37ms)
	RebuildCommonClasses (32ms)
	RebuildNativeTypeToScriptingClass (10ms)
	initialDomainReloadingComplete (73ms)
	LoadAllAssembliesAndSetupDomain (436ms)
		LoadAssemblies (369ms)
		AnalyzeDomain (157ms)
			TypeCache.Refresh (8ms)
			BuildScriptInfoCaches (139ms)
			ResolveRequiredComponents (9ms)
	FinalizeReload (697ms)
		SetupLoadedEditorAssemblies (0ms)
			BeforeProcessingInitializeOnLoad (165ms)
			ProcessInitializeOnLoadAttributes (252ms)
			ProcessInitializeOnLoadMethodAttributes (62ms)
			AfterProcessingInitializeOnLoad (13ms)
		AwakeInstancesAfterBackupRestoration (19ms)
Unloading 36 Unused Serialized files (Serialized files now loaded: 0)
Unloading 6399 unused Assets / (7.0 MB). Loaded Objects now: 7523.
Memory consumption went from 183.9 MB to 176.9 MB.
Total: 7.108300 ms (FindLiveObjects: 0.590700 ms CreateObjectMapping: 0.295000 ms MarkObjects: 4.353000 ms  DeleteObjects: 1.868600 ms)

Prepare: number of updated asset objects reloaded= 0
========================================================================
Received Prepare
Begin MonoManager ReloadAssembly
Assembly Assembly-CSharp-Editor-firstpass.dll at Library/ScriptAssemblies/Assembly-CSharp-Editor-firstpass.dll not valid. Loading of assembly skipped.
Assembly Assembly-CSharp-firstpass.dll at Library/ScriptAssemblies/Assembly-CSharp-firstpass.dll not valid. Loading of assembly skipped.
Assembly DocCodeExamples.dll at Library/ScriptAssemblies/DocCodeExamples.dll not valid. Loading of assembly skipped.
Assembly TestNewCustomAssembly.dll at Library/ScriptAssemblies/TestNewCustomAssembly.dll not valid. Loading of assembly skipped.
Assembly Unity.Collections.BurstCompatibilityGen.dll at Library/ScriptAssemblies/Unity.Collections.BurstCompatibilityGen.dll not valid. Loading of assembly skipped.
Assembly Unity.Collections.DocCodeSamples.dll at Library/ScriptAssemblies/Unity.Collections.DocCodeSamples.dll not valid. Loading of assembly skipped.
Assembly Unity.Collections.PerformanceTests.dll at Library/ScriptAssemblies/Unity.Collections.PerformanceTests.dll not valid. Loading of assembly skipped.
Assembly Unity.Collections.Tests.dll at Library/ScriptAssemblies/Unity.Collections.Tests.dll not valid. Loading of assembly skipped.
Assembly Unity.Collections.Tests.Playmode.dll at Library/ScriptAssemblies/Unity.Collections.Tests.Playmode.dll not valid. Loading of assembly skipped.
Assembly Unity.InputSystem.IntegrationTests.dll at Library/ScriptAssemblies/Unity.InputSystem.IntegrationTests.dll not valid. Loading of assembly skipped.
Assembly Unity.Mathematics.Tests.dll at Library/ScriptAssemblies/Unity.Mathematics.Tests.dll not valid. Loading of assembly skipped.
Assembly Unity.Multiplayer.Center.Editor.Tests.dll at Library/ScriptAssemblies/Unity.Multiplayer.Center.Editor.Tests.dll not valid. Loading of assembly skipped.
Assembly Unity.Multiplayer.Center.Tests.dll at Library/ScriptAssemblies/Unity.Multiplayer.Center.Tests.dll not valid. Loading of assembly skipped.
Assembly Unity.Nuget.Mono-Cecil.dll at Library/ScriptAssemblies/Unity.Nuget.Mono-Cecil.dll not valid. Loading of assembly skipped.
Assembly Unity.PathTracing.Editor.Tests.dll at Library/ScriptAssemblies/Unity.PathTracing.Editor.Tests.dll not valid. Loading of assembly skipped.
Assembly Unity.PathTracing.Runtime.Tests.dll at Library/ScriptAssemblies/Unity.PathTracing.Runtime.Tests.dll not valid. Loading of assembly skipped.
Assembly Unity.Postprocessing.Editor.Tests.dll at Library/ScriptAssemblies/Unity.Postprocessing.Editor.Tests.dll not valid. Loading of assembly skipped.
Assembly Unity.Postprocessing.Runtime.Tests.dll at Library/ScriptAssemblies/Unity.Postprocessing.Runtime.Tests.dll not valid. Loading of assembly skipped.
Assembly Unity.RenderPipelines.Core.Editor.Tests.dll at Library/ScriptAssemblies/Unity.RenderPipelines.Core.Editor.Tests.dll not valid. Loading of assembly skipped.
Assembly Unity.RenderPipelines.Core.Runtime.Tests.dll at Library/ScriptAssemblies/Unity.RenderPipelines.Core.Runtime.Tests.dll not valid. Loading of assembly skipped.
Assembly Unity.RenderPipelines.Universal.Config.Editor.Tests.dll at Library/ScriptAssemblies/Unity.RenderPipelines.Universal.Config.Editor.Tests.dll not valid. Loading of assembly skipped.
Assembly Unity.RenderPipelines.Universal.Editor.Tests.dll at Library/ScriptAssemblies/Unity.RenderPipelines.Universal.Editor.Tests.dll not valid. Loading of assembly skipped.
Assembly Unity.RenderPipelines.Universal.Runtime.Tests.dll at Library/ScriptAssemblies/Unity.RenderPipelines.Universal.Runtime.Tests.dll not valid. Loading of assembly skipped.
Assembly Unity.Searcher.EditorTests.dll at Library/ScriptAssemblies/Unity.Searcher.EditorTests.dll not valid. Loading of assembly skipped.
Assembly Unity.ShaderGraph.Editor.Tests.dll at Library/ScriptAssemblies/Unity.ShaderGraph.Editor.Tests.dll not valid. Loading of assembly skipped.
Assembly Unity.TextMeshPro.Editor.Tests.dll at Library/ScriptAssemblies/Unity.TextMeshPro.Editor.Tests.dll not valid. Loading of assembly skipped.
Assembly Unity.TextMeshPro.Tests.dll at Library/ScriptAssemblies/Unity.TextMeshPro.Tests.dll not valid. Loading of assembly skipped.
Assembly Unity.UnifiedRayTracing.Editor.Tests.dll at Library/ScriptAssemblies/Unity.UnifiedRayTracing.Editor.Tests.dll not valid. Loading of assembly skipped.
Assembly UnityEditor.UI.Common.Tests.dll at Library/ScriptAssemblies/UnityEditor.UI.Common.Tests.dll not valid. Loading of assembly skipped.
Assembly UnityEditor.UI.EditorTests.dll at Library/ScriptAssemblies/UnityEditor.UI.EditorTests.dll not valid. Loading of assembly skipped.
Assembly UnityEngine.UI.Tests.dll at Library/ScriptAssemblies/UnityEngine.UI.Tests.dll not valid. Loading of assembly skipped.
Native extension for WindowsStandalone target not found
Native extension for WebGL target not found
[Package Manager] Failed to launch server process. Reason: Unity was launched with the -noUpm command-line argument
[Package Manager] Unable to send message (not connected to server process).
[Package Manager] Cannot connect to Unity Package Manager local server
[Package Manager] Failed to launch server process. Reason: Unity was launched with the -noUpm command-line argument
[Package Manager] Unable to send message (not connected to server process).
[Package Manager] Cannot connect to Unity Package Manager local server
ScheduleIndexationOnStartup MainProcess:False IndexOnStartup:True
Mono: successfully reloaded assembly
- Finished resetting the current domain, in  0.732 seconds
Domain Reload Profiling: 1522ms
	BeginReloadAssembly (202ms)
		DisableScriptedObjects (5ms)
		CreateAndSetChildDomain (39ms)
	RebuildCommonClasses (37ms)
	RebuildNativeTypeToScriptingClass (11ms)
	initialDomainReloadingComplete (79ms)
	LoadAllAssembliesAndSetupDomain (460ms)
		LoadAssemblies (391ms)
		AnalyzeDomain (168ms)
			TypeCache.Refresh (6ms)
			BuildScriptInfoCaches (151ms)
			ResolveRequiredComponents (10ms)
	FinalizeReload (733ms)
		SetupLoadedEditorAssemblies (0ms)
			BeforeProcessingInitializeOnLoad (168ms)
			ProcessInitializeOnLoadAttributes (301ms)
			ProcessInitializeOnLoadMethodAttributes (74ms)
			AfterProcessingInitializeOnLoad (13ms)
		AwakeInstancesAfterBackupRestoration (21ms)
Unloading 36 Unused Serialized files (Serialized files now loaded: 0)
Unloading 6399 unused Assets / (7.3 MB). Loaded Objects now: 7526.
Memory consumption went from 187.6 MB to 180.3 MB.
Total: 9.955600 ms (FindLiveObjects: 0.914700 ms CreateObjectMapping: 0.721600 ms MarkObjects: 4.994400 ms  DeleteObjects: 3.323500 ms)

Prepare: number of updated asset objects reloaded= 0
========================================================================
Received Import Request.
  Time since last request: 189.961329 seconds.
  path: Assets/Prefabs/RoadSection_Straight.prefab
  importAddress: Guid(5ad286af60a957c4ea6d5d37f4a55dca) Importer(815301076,1909f56bfc062723c751e8b465ee728b)
Start importing Assets/Prefabs/RoadSection_Straight.prefab using Guid(5ad286af60a957c4ea6d5d37f4a55dca) Importer(815301076,1909f56bfc062723c751e8b465ee728b) (PreviewImporter) -> (Import Result ID: '4fb448ec636bed3582158fd0321b58ce') in 0.4027048 seconds [static and dynamic dependencies]. Details - ImportResultOutputID=52b4d63a670708576095657dd81f0f0d DependenciesID=60e7c7f06f50b1d3ce4e0e73547ea4ff StaticDependenciesID=e3bef3b81b00b770f38efd576d41800d 
Number of updated asset objects reloaded before import = 0Number of asset objects unloaded after import = 339

========================================================================
Received Import Request.
  Time since last request: 47.998037 seconds.
  path: Assets/Prefabs/RoadSection_train_staion.prefab
  importAddress: Guid(b3262a8c787fe9a4aad023f4348133ce) Importer(815301076,1909f56bfc062723c751e8b465ee728b)
Start importing Assets/Prefabs/RoadSection_train_staion.prefab using Guid(b3262a8c787fe9a4aad023f4348133ce) Importer(815301076,1909f56bfc062723c751e8b465ee728b) (PreviewImporter) -> (Import Result ID: 'ad8528151138b8eefd3f8b6b48a7792e') in 0.1306757 seconds [static and dynamic dependencies]. Details - ImportResultOutputID=d0d3a6b2e07af0dc64581d284a946894 DependenciesID=a489e3cc7688f26a8863c0ef144eeee7 StaticDependenciesID=a10f158f0c6e2734c6cbba26ed43e8c2 
Number of updated asset objects reloaded before import = 0Number of asset objects unloaded after import = 2017

========================================================================
Received Import Request.
  Time since last request: 17.714950 seconds.
  path: Assets/Prefabs/RoadSection_train_staion.prefab
  importAddress: Guid(b3262a8c787fe9a4aad023f4348133ce) Importer(815301076,1909f56bfc062723c751e8b465ee728b)
Start importing Assets/Prefabs/RoadSection_train_staion.prefab using Guid(b3262a8c787fe9a4aad023f4348133ce) Importer(815301076,1909f56bfc062723c751e8b465ee728b) (PreviewImporter) -> (Import Result ID: '6ffaf49623eea4cec80424be679609ea') in 0.1187203 seconds [static and dynamic dependencies]. Details - ImportResultOutputID=d0d3a6b2e07af0dc64581d284a946894 DependenciesID=abe442144787c4de320aa8e80b91c082 StaticDependenciesID=804edb3bbc92710cce2e5a8d9dbc7ef3 
Number of updated asset objects reloaded before import = 0Number of asset objects unloaded after import = 2015

========================================================================
Received Import Request.
  Time since last request: 29.267797 seconds.
  path: Assets/Prefabs/RoadSection_Gap 1 1.prefab
  importAddress: Guid(0ed34c1298a7cbe498aa19c15a3f8182) Importer(815301076,1909f56bfc062723c751e8b465ee728b)
Start importing Assets/Prefabs/RoadSection_Gap 1 1.prefab using Guid(0ed34c1298a7cbe498aa19c15a3f8182) Importer(815301076,1909f56bfc062723c751e8b465ee728b) (PreviewImporter) -> (Import Result ID: '677875052f010f77c5999f66e1c82bab') in 0.0117527 seconds [static and dynamic dependencies]. Details - ImportResultOutputID=7078e8364d4ef30da987bcf74d34e0d6 DependenciesID=fd1a1327eb929c51e0bdd7247aefc945 StaticDependenciesID=cd8353cc44e046137b8219ae6fc5318e 
Number of updated asset objects reloaded before import = 0Number of asset objects unloaded after import = 22

========================================================================
Received Import Request.
  Time since last request: 4.342687 seconds.
  path: Assets/Prefabs/RoadSection_Gap 1 1.prefab
  importAddress: Guid(0ed34c1298a7cbe498aa19c15a3f8182) Importer(815301076,1909f56bfc062723c751e8b465ee728b)
Start importing Assets/Prefabs/RoadSection_Gap 1 1.prefab using Guid(0ed34c1298a7cbe498aa19c15a3f8182) Importer(815301076,1909f56bfc062723c751e8b465ee728b) (PreviewImporter) -> (Import Result ID: 'a97050fc171e76368a43cc645ed5e246') in 0.0088579 seconds [static and dynamic dependencies]. Details - ImportResultOutputID=7078e8364d4ef30da987bcf74d34e0d6 DependenciesID=3d9280c77c57b48ed072c84d530c6955 StaticDependenciesID=ac71d6bed0e4b2c3ac0d8ed148ac30d7 
Number of updated asset objects reloaded before import = 0Number of asset objects unloaded after import = 23

========================================================================
Received Prepare
Begin MonoManager ReloadAssembly
[Licensing::Client] Successfully resolved entitlement details
Assembly Assembly-CSharp-Editor-firstpass.dll at Library/ScriptAssemblies/Assembly-CSharp-Editor-firstpass.dll not valid. Loading of assembly skipped.
Assembly Assembly-CSharp-firstpass.dll at Library/ScriptAssemblies/Assembly-CSharp-firstpass.dll not valid. Loading of assembly skipped.
Assembly DocCodeExamples.dll at Library/ScriptAssemblies/DocCodeExamples.dll not valid. Loading of assembly skipped.
Assembly TestNewCustomAssembly.dll at Library/ScriptAssemblies/TestNewCustomAssembly.dll not valid. Loading of assembly skipped.
Assembly Unity.Collections.BurstCompatibilityGen.dll at Library/ScriptAssemblies/Unity.Collections.BurstCompatibilityGen.dll not valid. Loading of assembly skipped.
Assembly Unity.Collections.DocCodeSamples.dll at Library/ScriptAssemblies/Unity.Collections.DocCodeSamples.dll not valid. Loading of assembly skipped.
Assembly Unity.Collections.PerformanceTests.dll at Library/ScriptAssemblies/Unity.Collections.PerformanceTests.dll not valid. Loading of assembly skipped.
Assembly Unity.Collections.Tests.dll at Library/ScriptAssemblies/Unity.Collections.Tests.dll not valid. Loading of assembly skipped.
Assembly Unity.Collections.Tests.Playmode.dll at Library/ScriptAssemblies/Unity.Collections.Tests.Playmode.dll not valid. Loading of assembly skipped.
Assembly Unity.InputSystem.IntegrationTests.dll at Library/ScriptAssemblies/Unity.InputSystem.IntegrationTests.dll not valid. Loading of assembly skipped.
Assembly Unity.Mathematics.Tests.dll at Library/ScriptAssemblies/Unity.Mathematics.Tests.dll not valid. Loading of assembly skipped.
Assembly Unity.Multiplayer.Center.Editor.Tests.dll at Library/ScriptAssemblies/Unity.Multiplayer.Center.Editor.Tests.dll not valid. Loading of assembly skipped.
Assembly Unity.Multiplayer.Center.Tests.dll at Library/ScriptAssemblies/Unity.Multiplayer.Center.Tests.dll not valid. Loading of assembly skipped.
Assembly Unity.Nuget.Mono-Cecil.dll at Library/ScriptAssemblies/Unity.Nuget.Mono-Cecil.dll not valid. Loading of assembly skipped.
Assembly Unity.PathTracing.Editor.Tests.dll at Library/ScriptAssemblies/Unity.PathTracing.Editor.Tests.dll not valid. Loading of assembly skipped.
Assembly Unity.PathTracing.Runtime.Tests.dll at Library/ScriptAssemblies/Unity.PathTracing.Runtime.Tests.dll not valid. Loading of assembly skipped.
Assembly Unity.Postprocessing.Editor.Tests.dll at Library/ScriptAssemblies/Unity.Postprocessing.Editor.Tests.dll not valid. Loading of assembly skipped.
Assembly Unity.Postprocessing.Runtime.Tests.dll at Library/ScriptAssemblies/Unity.Postprocessing.Runtime.Tests.dll not valid. Loading of assembly skipped.
Assembly Unity.RenderPipelines.Core.Editor.Tests.dll at Library/ScriptAssemblies/Unity.RenderPipelines.Core.Editor.Tests.dll not valid. Loading of assembly skipped.
Assembly Unity.RenderPipelines.Core.Runtime.Tests.dll at Library/ScriptAssemblies/Unity.RenderPipelines.Core.Runtime.Tests.dll not valid. Loading of assembly skipped.
Assembly Unity.RenderPipelines.Universal.Config.Editor.Tests.dll at Library/ScriptAssemblies/Unity.RenderPipelines.Universal.Config.Editor.Tests.dll not valid. Loading of assembly skipped.
Assembly Unity.RenderPipelines.Universal.Editor.Tests.dll at Library/ScriptAssemblies/Unity.RenderPipelines.Universal.Editor.Tests.dll not valid. Loading of assembly skipped.
Assembly Unity.RenderPipelines.Universal.Runtime.Tests.dll at Library/ScriptAssemblies/Unity.RenderPipelines.Universal.Runtime.Tests.dll not valid. Loading of assembly skipped.
Assembly Unity.Searcher.EditorTests.dll at Library/ScriptAssemblies/Unity.Searcher.EditorTests.dll not valid. Loading of assembly skipped.
Assembly Unity.ShaderGraph.Editor.Tests.dll at Library/ScriptAssemblies/Unity.ShaderGraph.Editor.Tests.dll not valid. Loading of assembly skipped.
Assembly Unity.TextMeshPro.Editor.Tests.dll at Library/ScriptAssemblies/Unity.TextMeshPro.Editor.Tests.dll not valid. Loading of assembly skipped.
Assembly Unity.TextMeshPro.Tests.dll at Library/ScriptAssemblies/Unity.TextMeshPro.Tests.dll not valid. Loading of assembly skipped.
Assembly Unity.UnifiedRayTracing.Editor.Tests.dll at Library/ScriptAssemblies/Unity.UnifiedRayTracing.Editor.Tests.dll not valid. Loading of assembly skipped.
Assembly UnityEditor.UI.Common.Tests.dll at Library/ScriptAssemblies/UnityEditor.UI.Common.Tests.dll not valid. Loading of assembly skipped.
Assembly UnityEditor.UI.EditorTests.dll at Library/ScriptAssemblies/UnityEditor.UI.EditorTests.dll not valid. Loading of assembly skipped.
Assembly UnityEngine.UI.Tests.dll at Library/ScriptAssemblies/UnityEngine.UI.Tests.dll not valid. Loading of assembly skipped.
Native extension for WindowsStandalone target not found
Native extension for WebGL target not found
[Package Manager] Failed to launch server process. Reason: Unity was launched with the -noUpm command-line argument
[Package Manager] Unable to send message (not connected to server process).
[Package Manager] Cannot connect to Unity Package Manager local server
[Package Manager] Failed to launch server process. Reason: Unity was launched with the -noUpm command-line argument
[Package Manager] Unable to send message (not connected to server process).
[Package Manager] Cannot connect to Unity Package Manager local server
ScheduleIndexationOnStartup MainProcess:False IndexOnStartup:True
Mono: successfully reloaded assembly
- Finished resetting the current domain, in  0.712 seconds
Domain Reload Profiling: 1488ms
	BeginReloadAssembly (218ms)
		DisableScriptedObjects (19ms)
		CreateAndSetChildDomain (47ms)
	RebuildCommonClasses (36ms)
	RebuildNativeTypeToScriptingClass (12ms)
	initialDomainReloadingComplete (71ms)
	LoadAllAssembliesAndSetupDomain (440ms)
		LoadAssemblies (371ms)
		AnalyzeDomain (159ms)
			TypeCache.Refresh (6ms)
			BuildScriptInfoCaches (143ms)
			ResolveRequiredComponents (9ms)
	FinalizeReload (712ms)
		SetupLoadedEditorAssemblies (0ms)
			BeforeProcessingInitializeOnLoad (155ms)
			ProcessInitializeOnLoadAttributes (287ms)
			ProcessInitializeOnLoadMethodAttributes (83ms)
			AfterProcessingInitializeOnLoad (16ms)
		AwakeInstancesAfterBackupRestoration (20ms)
Unloading 36 Unused Serialized files (Serialized files now loaded: 0)
Unloading 6400 unused Assets / (8.3 MB). Loaded Objects now: 7549.
Memory consumption went from 181.2 MB to 172.9 MB.
Total: 11.102300 ms (FindLiveObjects: 0.810100 ms CreateObjectMapping: 0.526700 ms MarkObjects: 5.521700 ms  DeleteObjects: 4.242600 ms)

Prepare: number of updated asset objects reloaded= 0
========================================================================
Received Prepare
Begin MonoManager ReloadAssembly
[Licensing::Client] Successfully resolved entitlement details
Assembly Assembly-CSharp-Editor-firstpass.dll at Library/ScriptAssemblies/Assembly-CSharp-Editor-firstpass.dll not valid. Loading of assembly skipped.
Assembly Assembly-CSharp-firstpass.dll at Library/ScriptAssemblies/Assembly-CSharp-firstpass.dll not valid. Loading of assembly skipped.
Assembly DocCodeExamples.dll at Library/ScriptAssemblies/DocCodeExamples.dll not valid. Loading of assembly skipped.
Assembly TestNewCustomAssembly.dll at Library/ScriptAssemblies/TestNewCustomAssembly.dll not valid. Loading of assembly skipped.
Assembly Unity.Collections.BurstCompatibilityGen.dll at Library/ScriptAssemblies/Unity.Collections.BurstCompatibilityGen.dll not valid. Loading of assembly skipped.
Assembly Unity.Collections.DocCodeSamples.dll at Library/ScriptAssemblies/Unity.Collections.DocCodeSamples.dll not valid. Loading of assembly skipped.
Assembly Unity.Collections.PerformanceTests.dll at Library/ScriptAssemblies/Unity.Collections.PerformanceTests.dll not valid. Loading of assembly skipped.
Assembly Unity.Collections.Tests.dll at Library/ScriptAssemblies/Unity.Collections.Tests.dll not valid. Loading of assembly skipped.
Assembly Unity.Collections.Tests.Playmode.dll at Library/ScriptAssemblies/Unity.Collections.Tests.Playmode.dll not valid. Loading of assembly skipped.
Assembly Unity.InputSystem.IntegrationTests.dll at Library/ScriptAssemblies/Unity.InputSystem.IntegrationTests.dll not valid. Loading of assembly skipped.
Assembly Unity.Mathematics.Tests.dll at Library/ScriptAssemblies/Unity.Mathematics.Tests.dll not valid. Loading of assembly skipped.
Assembly Unity.Multiplayer.Center.Editor.Tests.dll at Library/ScriptAssemblies/Unity.Multiplayer.Center.Editor.Tests.dll not valid. Loading of assembly skipped.
Assembly Unity.Multiplayer.Center.Tests.dll at Library/ScriptAssemblies/Unity.Multiplayer.Center.Tests.dll not valid. Loading of assembly skipped.
Assembly Unity.Nuget.Mono-Cecil.dll at Library/ScriptAssemblies/Unity.Nuget.Mono-Cecil.dll not valid. Loading of assembly skipped.
Assembly Unity.PathTracing.Editor.Tests.dll at Library/ScriptAssemblies/Unity.PathTracing.Editor.Tests.dll not valid. Loading of assembly skipped.
Assembly Unity.PathTracing.Runtime.Tests.dll at Library/ScriptAssemblies/Unity.PathTracing.Runtime.Tests.dll not valid. Loading of assembly skipped.
Assembly Unity.Postprocessing.Editor.Tests.dll at Library/ScriptAssemblies/Unity.Postprocessing.Editor.Tests.dll not valid. Loading of assembly skipped.
Assembly Unity.Postprocessing.Runtime.Tests.dll at Library/ScriptAssemblies/Unity.Postprocessing.Runtime.Tests.dll not valid. Loading of assembly skipped.
Assembly Unity.RenderPipelines.Core.Editor.Tests.dll at Library/ScriptAssemblies/Unity.RenderPipelines.Core.Editor.Tests.dll not valid. Loading of assembly skipped.
Assembly Unity.RenderPipelines.Core.Runtime.Tests.dll at Library/ScriptAssemblies/Unity.RenderPipelines.Core.Runtime.Tests.dll not valid. Loading of assembly skipped.
Assembly Unity.RenderPipelines.Universal.Config.Editor.Tests.dll at Library/ScriptAssemblies/Unity.RenderPipelines.Universal.Config.Editor.Tests.dll not valid. Loading of assembly skipped.
Assembly Unity.RenderPipelines.Universal.Editor.Tests.dll at Library/ScriptAssemblies/Unity.RenderPipelines.Universal.Editor.Tests.dll not valid. Loading of assembly skipped.
Assembly Unity.RenderPipelines.Universal.Runtime.Tests.dll at Library/ScriptAssemblies/Unity.RenderPipelines.Universal.Runtime.Tests.dll not valid. Loading of assembly skipped.
Assembly Unity.Searcher.EditorTests.dll at Library/ScriptAssemblies/Unity.Searcher.EditorTests.dll not valid. Loading of assembly skipped.
Assembly Unity.ShaderGraph.Editor.Tests.dll at Library/ScriptAssemblies/Unity.ShaderGraph.Editor.Tests.dll not valid. Loading of assembly skipped.
Assembly Unity.TextMeshPro.Editor.Tests.dll at Library/ScriptAssemblies/Unity.TextMeshPro.Editor.Tests.dll not valid. Loading of assembly skipped.
Assembly Unity.TextMeshPro.Tests.dll at Library/ScriptAssemblies/Unity.TextMeshPro.Tests.dll not valid. Loading of assembly skipped.
Assembly Unity.UnifiedRayTracing.Editor.Tests.dll at Library/ScriptAssemblies/Unity.UnifiedRayTracing.Editor.Tests.dll not valid. Loading of assembly skipped.
Assembly UnityEditor.UI.Common.Tests.dll at Library/ScriptAssemblies/UnityEditor.UI.Common.Tests.dll not valid. Loading of assembly skipped.
Assembly UnityEditor.UI.EditorTests.dll at Library/ScriptAssemblies/UnityEditor.UI.EditorTests.dll not valid. Loading of assembly skipped.
Assembly UnityEngine.UI.Tests.dll at Library/ScriptAssemblies/UnityEngine.UI.Tests.dll not valid. Loading of assembly skipped.
Native extension for WindowsStandalone target not found
Native extension for WebGL target not found
[Package Manager] Failed to launch server process. Reason: Unity was launched with the -noUpm command-line argument
[Package Manager] Unable to send message (not connected to server process).
[Package Manager] Cannot connect to Unity Package Manager local server
[Package Manager] Failed to launch server process. Reason: Unity was launched with the -noUpm command-line argument
[Package Manager] Unable to send message (not connected to server process).
[Package Manager] Cannot connect to Unity Package Manager local server
ScheduleIndexationOnStartup MainProcess:False IndexOnStartup:True
Mono: successfully reloaded assembly
- Finished resetting the current domain, in  0.683 seconds
Domain Reload Profiling: 1436ms
	BeginReloadAssembly (197ms)
		DisableScriptedObjects (7ms)
		CreateAndSetChildDomain (37ms)
	RebuildCommonClasses (35ms)
	RebuildNativeTypeToScriptingClass (11ms)
	initialDomainReloadingComplete (72ms)
	LoadAllAssembliesAndSetupDomain (437ms)
		LoadAssemblies (365ms)
		AnalyzeDomain (163ms)
			TypeCache.Refresh (5ms)
			BuildScriptInfoCaches (147ms)
			ResolveRequiredComponents (9ms)
	FinalizeReload (683ms)
		SetupLoadedEditorAssemblies (0ms)
			BeforeProcessingInitializeOnLoad (149ms)
			ProcessInitializeOnLoadAttributes (270ms)
			ProcessInitializeOnLoadMethodAttributes (70ms)
			AfterProcessingInitializeOnLoad (15ms)
		AwakeInstancesAfterBackupRestoration (23ms)
Unloading 36 Unused Serialized files (Serialized files now loaded: 0)
Unloading 6399 unused Assets / (7.8 MB). Loaded Objects now: 7552.
Memory consumption went from 184.7 MB to 176.9 MB.
Total: 10.738200 ms (FindLiveObjects: 0.869200 ms CreateObjectMapping: 0.577600 ms MarkObjects: 5.451900 ms  DeleteObjects: 3.837300 ms)

Prepare: number of updated asset objects reloaded= 0
========================================================================
Received Import Request.
  Time since last request: 134.774430 seconds.
  path: Assets/Prefabs/RoadSection_Straight.prefab
  importAddress: Guid(5ad286af60a957c4ea6d5d37f4a55dca) Importer(815301076,1909f56bfc062723c751e8b465ee728b)
Start importing Assets/Prefabs/RoadSection_Straight.prefab using Guid(5ad286af60a957c4ea6d5d37f4a55dca) Importer(815301076,1909f56bfc062723c751e8b465ee728b) (PreviewImporter) -> (Import Result ID: 'b4d6af9b016442bf08d6447e7d2e2f42') in 0.4197091 seconds [static and dynamic dependencies]. Details - ImportResultOutputID=52b4d63a670708576095657dd81f0f0d DependenciesID=3508f035a74ab05d0de4e4ce9b67b78d StaticDependenciesID=9e3c6369e479bb195a96b1ea98dfb97e 
Number of updated asset objects reloaded before import = 0Number of asset objects unloaded after import = 341

========================================================================
Received Import Request.
  Time since last request: 0.881807 seconds.
  path: Assets/Prefabs/RoadSection_Straight.prefab
  importAddress: Guid(5ad286af60a957c4ea6d5d37f4a55dca) Importer(815301076,1909f56bfc062723c751e8b465ee728b)
Start importing Assets/Prefabs/RoadSection_Straight.prefab using Guid(5ad286af60a957c4ea6d5d37f4a55dca) Importer(815301076,1909f56bfc062723c751e8b465ee728b) (PreviewImporter) -> (Import Result ID: '001fa8f5a3a680e62dae4767706d8ccf') in 0.0224755 seconds [static and dynamic dependencies]. Details - ImportResultOutputID=52b4d63a670708576095657dd81f0f0d DependenciesID=92efd7eb0c9818c877b0aecac4e5a682 StaticDependenciesID=c56cb5a1f46b39529299821aa1ad9b3a 
Number of updated asset objects reloaded before import = 0Number of asset objects unloaded after import = 341

========================================================================
Received Import Request.
  Time since last request: 2.535426 seconds.
  path: Assets/Prefabs/RoadSection_Straight.prefab
  importAddress: Guid(5ad286af60a957c4ea6d5d37f4a55dca) Importer(815301076,1909f56bfc062723c751e8b465ee728b)
Start importing Assets/Prefabs/RoadSection_Straight.prefab using Guid(5ad286af60a957c4ea6d5d37f4a55dca) Importer(815301076,1909f56bfc062723c751e8b465ee728b) (PreviewImporter) -> (Import Result ID: '33e5914ad33071b658ffe7f936711ef9') in 0.0204757 seconds [static and dynamic dependencies]. Details - ImportResultOutputID=52b4d63a670708576095657dd81f0f0d DependenciesID=d3932e99aa6ffefe3a6e40f6d9fa80f2 StaticDependenciesID=e286bb992537251694f95ca3ce119797 
Number of updated asset objects reloaded before import = 0Number of asset objects unloaded after import = 341

========================================================================
Received Import Request.
  Time since last request: 5.563589 seconds.
  path: Assets/Prefabs/RoadSection_Straight.prefab
  importAddress: Guid(5ad286af60a957c4ea6d5d37f4a55dca) Importer(815301076,1909f56bfc062723c751e8b465ee728b)
Start importing Assets/Prefabs/RoadSection_Straight.prefab using Guid(5ad286af60a957c4ea6d5d37f4a55dca) Importer(815301076,1909f56bfc062723c751e8b465ee728b) (PreviewImporter) -> (Import Result ID: '720c44238e533951df7bbcde3f4ecf39') in 0.0204454 seconds [static and dynamic dependencies]. Details - ImportResultOutputID=52b4d63a670708576095657dd81f0f0d DependenciesID=d8e5da8d3230ed5dff8d8d83a3f440d3 StaticDependenciesID=82a390474e2db22c4e61ffb9ae0beeda 
Number of updated asset objects reloaded before import = 0Number of asset objects unloaded after import = 341

========================================================================
Received Import Request.
  Time since last request: 10.250785 seconds.
  path: Assets/Prefabs/RoadSection_Straight.prefab
  importAddress: Guid(5ad286af60a957c4ea6d5d37f4a55dca) Importer(815301076,1909f56bfc062723c751e8b465ee728b)
Start importing Assets/Prefabs/RoadSection_Straight.prefab using Guid(5ad286af60a957c4ea6d5d37f4a55dca) Importer(815301076,1909f56bfc062723c751e8b465ee728b) (PreviewImporter) -> (Import Result ID: '279a454710586effab9905ec488cf7ab') in 0.0222798 seconds [static and dynamic dependencies]. Details - ImportResultOutputID=52b4d63a670708576095657dd81f0f0d DependenciesID=cc18557fe15ec9433f6ab0ac71fc38f5 StaticDependenciesID=4c387b91bbdc1f8fed7ff565d64bedf5 
Number of updated asset objects reloaded before import = 0Number of asset objects unloaded after import = 341

========================================================================
Received Import Request.
  Time since last request: 11.270307 seconds.
  path: Assets/Prefabs/RoadSection_train_staion.prefab
  importAddress: Guid(b3262a8c787fe9a4aad023f4348133ce) Importer(815301076,1909f56bfc062723c751e8b465ee728b)
Start importing Assets/Prefabs/RoadSection_train_staion.prefab using Guid(b3262a8c787fe9a4aad023f4348133ce) Importer(815301076,1909f56bfc062723c751e8b465ee728b) (PreviewImporter) -> (Import Result ID: '1760d0c8c5616cbd2edf5851843b0c2d') in 0.1130205 seconds [static and dynamic dependencies]. Details - ImportResultOutputID=d0d3a6b2e07af0dc64581d284a946894 DependenciesID=a92156b49ae22ed7b5d949cb5c044312 StaticDependenciesID=d0677997b2a1407ef0881b19389dcad2 
Number of updated asset objects reloaded before import = 0Number of asset objects unloaded after import = 2019

========================================================================
Received Import Request.
  Time since last request: 1.019440 seconds.
  path: Assets/Prefabs/RoadSection_train_staion.prefab
  importAddress: Guid(b3262a8c787fe9a4aad023f4348133ce) Importer(815301076,1909f56bfc062723c751e8b465ee728b)
Start importing Assets/Prefabs/RoadSection_train_staion.prefab using Guid(b3262a8c787fe9a4aad023f4348133ce) Importer(815301076,1909f56bfc062723c751e8b465ee728b) (PreviewImporter) -> (Import Result ID: '7cc8dff6816fc69c3b91e8dc843291a7') in 0.1109345 seconds [static and dynamic dependencies]. Details - ImportResultOutputID=d0d3a6b2e07af0dc64581d284a946894 DependenciesID=7f8659c95db6b607cd1ce820c1279c63 StaticDependenciesID=1ee0dd4a551d7e3409dfef634c9d3715 
Number of updated asset objects reloaded before import = 0Number of asset objects unloaded after import = 2019

========================================================================
Received Import Request.
  Time since last request: 1.447445 seconds.
  path: Assets/Prefabs/RoadSection_train_staion.prefab
  importAddress: Guid(b3262a8c787fe9a4aad023f4348133ce) Importer(815301076,1909f56bfc062723c751e8b465ee728b)
Start importing Assets/Prefabs/RoadSection_train_staion.prefab using Guid(b3262a8c787fe9a4aad023f4348133ce) Importer(815301076,1909f56bfc062723c751e8b465ee728b) (PreviewImporter) -> (Import Result ID: '44e45fd0fa96099cc5b2e6cd11cebb68') in 0.1160991 seconds [static and dynamic dependencies]. Details - ImportResultOutputID=d0d3a6b2e07af0dc64581d284a946894 DependenciesID=2ca9f1ce69cd2f5ff22ccd55a62c09c0 StaticDependenciesID=fb384a6a7fb171376e6e68892f6abadd 
Number of updated asset objects reloaded before import = 0Number of asset objects unloaded after import = 2019

========================================================================
Received Import Request.
  Time since last request: 3.245743 seconds.
  path: Assets/Prefabs/RoadSection_train_staion.prefab
  importAddress: Guid(b3262a8c787fe9a4aad023f4348133ce) Importer(815301076,1909f56bfc062723c751e8b465ee728b)
Start importing Assets/Prefabs/RoadSection_train_staion.prefab using Guid(b3262a8c787fe9a4aad023f4348133ce) Importer(815301076,1909f56bfc062723c751e8b465ee728b) (PreviewImporter) -> (Import Result ID: '84246708fd9539b0d9e88cb63d19236a') in 0.1190721 seconds [static and dynamic dependencies]. Details - ImportResultOutputID=d0d3a6b2e07af0dc64581d284a946894 DependenciesID=8f1cc08a907d41dec2f7a623323663ea StaticDependenciesID=5125f53ceb820dc33ae6ae566ad5e2d6 
Number of updated asset objects reloaded before import = 0Number of asset objects unloaded after import = 2019

========================================================================
Received Import Request.
  Time since last request: 5.656036 seconds.
  path: Assets/Prefabs/RoadSection_train_staion.prefab
  importAddress: Guid(b3262a8c787fe9a4aad023f4348133ce) Importer(815301076,1909f56bfc062723c751e8b465ee728b)
Start importing Assets/Prefabs/RoadSection_train_staion.prefab using Guid(b3262a8c787fe9a4aad023f4348133ce) Importer(815301076,1909f56bfc062723c751e8b465ee728b) (PreviewImporter) -> (Import Result ID: 'bb6c6aa73834c0d4860ac9234b37f3ea') in 0.1180714 seconds [static and dynamic dependencies]. Details - ImportResultOutputID=d0d3a6b2e07af0dc64581d284a946894 DependenciesID=5b5b39fce33e04122896ede483e83d0a StaticDependenciesID=531c3b39642d01c7393a0f8cc70f6a14 
Number of updated asset objects reloaded before import = 0Number of asset objects unloaded after import = 2019

========================================================================
Received Import Request.
  Time since last request: 74.015485 seconds.
  path: Assets/Prefabs/RoadSection_Straight.prefab
  importAddress: Guid(5ad286af60a957c4ea6d5d37f4a55dca) Importer(815301076,1909f56bfc062723c751e8b465ee728b)
Start importing Assets/Prefabs/RoadSection_Straight.prefab using Guid(5ad286af60a957c4ea6d5d37f4a55dca) Importer(815301076,1909f56bfc062723c751e8b465ee728b) (PreviewImporter) -> (Import Result ID: '435a6215a882f33d4767b339a6c36912') in 0.0282827 seconds [static and dynamic dependencies]. Details - ImportResultOutputID=52b4d63a670708576095657dd81f0f0d DependenciesID=8a8641146fdefcd0bfe2ab1da061dbf7 StaticDependenciesID=f2fb163401f28f7a0de40f4de24be333 
Number of updated asset objects reloaded before import = 0Number of asset objects unloaded after import = 341

========================================================================
Received Import Request.
  Time since last request: 3.222443 seconds.
  path: Assets/Prefabs/RoadSection_Straight.prefab
  importAddress: Guid(5ad286af60a957c4ea6d5d37f4a55dca) Importer(815301076,1909f56bfc062723c751e8b465ee728b)
Start importing Assets/Prefabs/RoadSection_Straight.prefab using Guid(5ad286af60a957c4ea6d5d37f4a55dca) Importer(815301076,1909f56bfc062723c751e8b465ee728b) (PreviewImporter) -> (Import Result ID: 'd8ee50ac9e988eee74d1fc1e9031b85f') in 0.0219683 seconds [static and dynamic dependencies]. Details - ImportResultOutputID=52b4d63a670708576095657dd81f0f0d DependenciesID=18cff3904d4c43810ea316137fff91e7 StaticDependenciesID=ee91f20578605e0f8afef19c29bc7ff3 
Number of updated asset objects reloaded before import = 0Number of asset objects unloaded after import = 341

========================================================================
Received Import Request.
  Time since last request: 87.311393 seconds.
  path: Assets/Prefabs/RoadSection_train.prefab
  importAddress: Guid(4266074f127d8634686c62a36be658d7) Importer(815301076,1909f56bfc062723c751e8b465ee728b)
Start importing Assets/Prefabs/RoadSection_train.prefab using Guid(4266074f127d8634686c62a36be658d7) Importer(815301076,1909f56bfc062723c751e8b465ee728b) (PreviewImporter) -> (Import Result ID: '970d56f2ae3027e9b6714a683cc1466c') in 0.0163885 seconds [static and dynamic dependencies]. Details - ImportResultOutputID=ed5b88b42f64d871bc6f9bbcdc80c573 DependenciesID=f814784b293f58b29159af6814aa6202 StaticDependenciesID=dcfc3f5e54db789c347ec5d30a95f950 
Number of updated asset objects reloaded before import = 0Number of asset objects unloaded after import = 16

========================================================================
Received Prepare
Begin MonoManager ReloadAssembly
[Licensing::Client] Successfully resolved entitlement details
Assembly Assembly-CSharp-Editor-firstpass.dll at Library/ScriptAssemblies/Assembly-CSharp-Editor-firstpass.dll not valid. Loading of assembly skipped.
Assembly Assembly-CSharp-firstpass.dll at Library/ScriptAssemblies/Assembly-CSharp-firstpass.dll not valid. Loading of assembly skipped.
Assembly DocCodeExamples.dll at Library/ScriptAssemblies/DocCodeExamples.dll not valid. Loading of assembly skipped.
Assembly TestNewCustomAssembly.dll at Library/ScriptAssemblies/TestNewCustomAssembly.dll not valid. Loading of assembly skipped.
Assembly Unity.Collections.BurstCompatibilityGen.dll at Library/ScriptAssemblies/Unity.Collections.BurstCompatibilityGen.dll not valid. Loading of assembly skipped.
Assembly Unity.Collections.DocCodeSamples.dll at Library/ScriptAssemblies/Unity.Collections.DocCodeSamples.dll not valid. Loading of assembly skipped.
Assembly Unity.Collections.PerformanceTests.dll at Library/ScriptAssemblies/Unity.Collections.PerformanceTests.dll not valid. Loading of assembly skipped.
Assembly Unity.Collections.Tests.dll at Library/ScriptAssemblies/Unity.Collections.Tests.dll not valid. Loading of assembly skipped.
Assembly Unity.Collections.Tests.Playmode.dll at Library/ScriptAssemblies/Unity.Collections.Tests.Playmode.dll not valid. Loading of assembly skipped.
Assembly Unity.InputSystem.IntegrationTests.dll at Library/ScriptAssemblies/Unity.InputSystem.IntegrationTests.dll not valid. Loading of assembly skipped.
Assembly Unity.Mathematics.Tests.dll at Library/ScriptAssemblies/Unity.Mathematics.Tests.dll not valid. Loading of assembly skipped.
Assembly Unity.Multiplayer.Center.Editor.Tests.dll at Library/ScriptAssemblies/Unity.Multiplayer.Center.Editor.Tests.dll not valid. Loading of assembly skipped.
Assembly Unity.Multiplayer.Center.Tests.dll at Library/ScriptAssemblies/Unity.Multiplayer.Center.Tests.dll not valid. Loading of assembly skipped.
Assembly Unity.Nuget.Mono-Cecil.dll at Library/ScriptAssemblies/Unity.Nuget.Mono-Cecil.dll not valid. Loading of assembly skipped.
Assembly Unity.PathTracing.Editor.Tests.dll at Library/ScriptAssemblies/Unity.PathTracing.Editor.Tests.dll not valid. Loading of assembly skipped.
Assembly Unity.PathTracing.Runtime.Tests.dll at Library/ScriptAssemblies/Unity.PathTracing.Runtime.Tests.dll not valid. Loading of assembly skipped.
Assembly Unity.Postprocessing.Editor.Tests.dll at Library/ScriptAssemblies/Unity.Postprocessing.Editor.Tests.dll not valid. Loading of assembly skipped.
Assembly Unity.Postprocessing.Runtime.Tests.dll at Library/ScriptAssemblies/Unity.Postprocessing.Runtime.Tests.dll not valid. Loading of assembly skipped.
Assembly Unity.RenderPipelines.Core.Editor.Tests.dll at Library/ScriptAssemblies/Unity.RenderPipelines.Core.Editor.Tests.dll not valid. Loading of assembly skipped.
Assembly Unity.RenderPipelines.Core.Runtime.Tests.dll at Library/ScriptAssemblies/Unity.RenderPipelines.Core.Runtime.Tests.dll not valid. Loading of assembly skipped.
Assembly Unity.RenderPipelines.Universal.Config.Editor.Tests.dll at Library/ScriptAssemblies/Unity.RenderPipelines.Universal.Config.Editor.Tests.dll not valid. Loading of assembly skipped.
Assembly Unity.RenderPipelines.Universal.Editor.Tests.dll at Library/ScriptAssemblies/Unity.RenderPipelines.Universal.Editor.Tests.dll not valid. Loading of assembly skipped.
Assembly Unity.RenderPipelines.Universal.Runtime.Tests.dll at Library/ScriptAssemblies/Unity.RenderPipelines.Universal.Runtime.Tests.dll not valid. Loading of assembly skipped.
Assembly Unity.Searcher.EditorTests.dll at Library/ScriptAssemblies/Unity.Searcher.EditorTests.dll not valid. Loading of assembly skipped.
Assembly Unity.ShaderGraph.Editor.Tests.dll at Library/ScriptAssemblies/Unity.ShaderGraph.Editor.Tests.dll not valid. Loading of assembly skipped.
Assembly Unity.TextMeshPro.Editor.Tests.dll at Library/ScriptAssemblies/Unity.TextMeshPro.Editor.Tests.dll not valid. Loading of assembly skipped.
Assembly Unity.TextMeshPro.Tests.dll at Library/ScriptAssemblies/Unity.TextMeshPro.Tests.dll not valid. Loading of assembly skipped.
Assembly Unity.UnifiedRayTracing.Editor.Tests.dll at Library/ScriptAssemblies/Unity.UnifiedRayTracing.Editor.Tests.dll not valid. Loading of assembly skipped.
Assembly UnityEditor.UI.Common.Tests.dll at Library/ScriptAssemblies/UnityEditor.UI.Common.Tests.dll not valid. Loading of assembly skipped.
Assembly UnityEditor.UI.EditorTests.dll at Library/ScriptAssemblies/UnityEditor.UI.EditorTests.dll not valid. Loading of assembly skipped.
Assembly UnityEngine.UI.Tests.dll at Library/ScriptAssemblies/UnityEngine.UI.Tests.dll not valid. Loading of assembly skipped.
Native extension for WindowsStandalone target not found
Native extension for WebGL target not found
[Package Manager] Failed to launch server process. Reason: Unity was launched with the -noUpm command-line argument
[Package Manager] Unable to send message (not connected to server process).
[Package Manager] Cannot connect to Unity Package Manager local server
[Package Manager] Failed to launch server process. Reason: Unity was launched with the -noUpm command-line argument
[Package Manager] Unable to send message (not connected to server process).
[Package Manager] Cannot connect to Unity Package Manager local server
ScheduleIndexationOnStartup MainProcess:False IndexOnStartup:True
Mono: successfully reloaded assembly
- Finished resetting the current domain, in  0.723 seconds
Domain Reload Profiling: 1509ms
	BeginReloadAssembly (216ms)
		DisableScriptedObjects (20ms)
		CreateAndSetChildDomain (45ms)
	RebuildCommonClasses (35ms)
	RebuildNativeTypeToScriptingClass (11ms)
	initialDomainReloadingComplete (76ms)
	LoadAllAssembliesAndSetupDomain (448ms)
		LoadAssemblies (378ms)
		AnalyzeDomain (162ms)
			TypeCache.Refresh (5ms)
			BuildScriptInfoCaches (145ms)
			ResolveRequiredComponents (9ms)
	FinalizeReload (724ms)
		SetupLoadedEditorAssemblies (0ms)
			BeforeProcessingInitializeOnLoad (155ms)
			ProcessInitializeOnLoadAttributes (294ms)
			ProcessInitializeOnLoadMethodAttributes (80ms)
			AfterProcessingInitializeOnLoad (15ms)
		AwakeInstancesAfterBackupRestoration (23ms)
Unloading 36 Unused Serialized files (Serialized files now loaded: 0)
Unloading 6400 unused Assets / (8.2 MB). Loaded Objects now: 7575.
Memory consumption went from 181.7 MB to 173.5 MB.
Total: 10.205800 ms (FindLiveObjects: 1.032700 ms CreateObjectMapping: 0.776300 ms MarkObjects: 4.836500 ms  DeleteObjects: 3.558700 ms)

Prepare: number of updated asset objects reloaded= 0
========================================================================
Received Import Request.
  Time since last request: 117.347177 seconds.
  path: Assets/Palmov Island/Low Poly Atmospheric Locations Pack/Prefabs/Trees/Autumn fir trees
  importAddress: Guid(babd0fef02962484cbae604ade4ba8a2) Importer(815301076,1909f56bfc062723c751e8b465ee728b)
Start importing Assets/Palmov Island/Low Poly Atmospheric Locations Pack/Prefabs/Trees/Autumn fir trees using Guid(babd0fef02962484cbae604ade4ba8a2) Importer(815301076,1909f56bfc062723c751e8b465ee728b) (PreviewImporter) -> (Import Result ID: '46470118ff6615ca397c4dd13badfde8') in 0.0040964 seconds [static and dynamic dependencies]. Details - ImportResultOutputID=98e109dc0c932df8142a44a1e51531e6 DependenciesID=65827f1d7a0a02ab5e611d9ee99dcc5c StaticDependenciesID=01e957914e6ed84c7b836d2d57dc34ab 
Number of updated asset objects reloaded before import = 0Number of asset objects unloaded after import = 0

========================================================================
Received Import Request.
  Time since last request: 0.024888 seconds.
  path: Assets/Palmov Island/Low Poly Atmospheric Locations Pack/Prefabs/Trees/Autumn fir trees/autumn pine tree medium.prefab
  importAddress: Guid(43c91a3a4907878408bb6d040a3579ab) Importer(815301076,1909f56bfc062723c751e8b465ee728b)
Start importing Assets/Palmov Island/Low Poly Atmospheric Locations Pack/Prefabs/Trees/Autumn fir trees/autumn pine tree medium.prefab using Guid(43c91a3a4907878408bb6d040a3579ab) Importer(815301076,1909f56bfc062723c751e8b465ee728b) (PreviewImporter) -> (Import Result ID: '45fab7a4e8284a4de04dd36225d62abc') in 0.4013372 seconds [static and dynamic dependencies]. Details - ImportResultOutputID=5b97df43ccfd09de575c46ff94559729 DependenciesID=03389d0870be84ea6dc8056f3f7ceaac StaticDependenciesID=73090e8da7bb17ead5b9da7ffc1ba798 
Number of updated asset objects reloaded before import = 0Number of asset objects unloaded after import = 9

========================================================================
Received Import Request.
  Time since last request: 7.277895 seconds.
  path: Assets/Palmov Island/Low Poly Atmospheric Locations Pack/Models/Trees
  importAddress: Guid(e4420e600b4a61b45adc42ff8de0b97e) Importer(815301076,1909f56bfc062723c751e8b465ee728b)
Start importing Assets/Palmov Island/Low Poly Atmospheric Locations Pack/Models/Trees using Guid(e4420e600b4a61b45adc42ff8de0b97e) Importer(815301076,1909f56bfc062723c751e8b465ee728b) (PreviewImporter) -> (Import Result ID: '6521e48fe0974dc600ae5e383df231f4') in 0.0005958 seconds [static and dynamic dependencies]. Details - ImportResultOutputID=ae56fc72e2b28731ea7534792b029478 DependenciesID=f10b9679e2747cc098b6fae5f33381db StaticDependenciesID=0cdde74468acc322ab5cda2c2930f5d7 
Number of updated asset objects reloaded before import = 0Number of asset objects unloaded after import = 0

========================================================================
Received Import Request.
  Time since last request: 0.015007 seconds.
  path: Assets/Palmov Island/Low Poly Atmospheric Locations Pack/Models/Trees/christmas tree.fbx
  importAddress: Guid(3d84d036ecd4c32448dc907beb8de3b2) Importer(815301076,1909f56bfc062723c751e8b465ee728b)
Start importing Assets/Palmov Island/Low Poly Atmospheric Locations Pack/Models/Trees/christmas tree.fbx using Guid(3d84d036ecd4c32448dc907beb8de3b2) Importer(815301076,1909f56bfc062723c751e8b465ee728b) (PreviewImporter) -> (Import Result ID: 'aad9494fdac72bb66552cb83823eadc6') in 0.0627474 seconds [static and dynamic dependencies]. Details - ImportResultOutputID=a182e7edbed7c0e1be4dcc2429b69d2d DependenciesID=195933cc6f09c2d0a27df61923957a32 StaticDependenciesID=4aa72014aa4908ddc08ee64d88265da4 
Number of updated asset objects reloaded before import = 0Number of asset objects unloaded after import = 8

========================================================================
Received Import Request.
  Time since last request: 3.733656 seconds.
  path: Assets/Palmov Island/Low Poly Atmospheric Locations Pack/Models/Trees/Tree trunks
  importAddress: Guid(0fe002aa5abadd147b092f746047797b) Importer(815301076,1909f56bfc062723c751e8b465ee728b)
Start importing Assets/Palmov Island/Low Poly Atmospheric Locations Pack/Models/Trees/Tree trunks using Guid(0fe002aa5abadd147b092f746047797b) Importer(815301076,1909f56bfc062723c751e8b465ee728b) (PreviewImporter) -> (Import Result ID: '332e545991685f746f62b47b96440533') in 0.0005742 seconds [static and dynamic dependencies]. Details - ImportResultOutputID=5d063e158443b11b0c1ab7b2fa6cf7f2 DependenciesID=775f0867b8404969f4f0bb4c715e8aa3 StaticDependenciesID=f12f8c36be5b4cb317a0528d1a4549cd 
Number of updated asset objects reloaded before import = 0Number of asset objects unloaded after import = 0

========================================================================
Received Import Request.
  Time since last request: 0.000021 seconds.
  path: Assets/Palmov Island/Low Poly Atmospheric Locations Pack/Models/Trees/Tree trunks/tree trunk.fbx
  importAddress: Guid(17898474f541cb546a8b06d553fc2cc1) Importer(815301076,1909f56bfc062723c751e8b465ee728b)
Start importing Assets/Palmov Island/Low Poly Atmospheric Locations Pack/Models/Trees/Tree trunks/tree trunk.fbx using Guid(17898474f541cb546a8b06d553fc2cc1) Importer(815301076,1909f56bfc062723c751e8b465ee728b) (PreviewImporter) -> (Import Result ID: '90e19a4bc914b8d68746e2e4b32e567c') in 0.0268457 seconds [static and dynamic dependencies]. Details - ImportResultOutputID=25ef58a96deb832138ebdfff1ef4958b DependenciesID=0a076bda70afd8d2cb36c7ec3eeb4469 StaticDependenciesID=61a866ff0316386eb3a44a6520d9cb85 
Number of updated asset objects reloaded before import = 0Number of asset objects unloaded after import = 8

========================================================================
Received Import Request.
  Time since last request: 125.745687 seconds.
  path: Assets/Scripts/LevelGenerator.cs
  importAddress: Guid(7635b59957a676342ba6d7ec7e9d8d7c) Importer(2089858483,b0f066a214c2f5e87bad3c948f4d605d)
Start importing Assets/Scripts/LevelGenerator.cs using Guid(7635b59957a676342ba6d7ec7e9d8d7c) Importer(2089858483,b0f066a214c2f5e87bad3c948f4d605d) (ScriptedImporter) -> (Import Result ID: '2a5a8a444ed81b86ca45639e92df8f54') in 0.0696623 seconds [static and dynamic dependencies]. Details - ImportResultOutputID=81caa30cf530971465879b721c14ca11 DependenciesID=6bed36d0b720ab6e2ff0129af4e95abc StaticDependenciesID=c37b469353963d4eb3c0bec7cec56387 
Number of updated asset objects reloaded before import = 0Number of asset objects unloaded after import = 0

========================================================================
Received Import Request.
  Time since last request: 0.000025 seconds.
  path: Assets/Palmov Island/Low Poly Atmospheric Locations Pack/Materials/texture main 168.mat
  importAddress: Guid(ccaba656df8e895478f50840f0588cc5) Importer(2089858483,b0f066a214c2f5e87bad3c948f4d605d)
Start importing Assets/Palmov Island/Low Poly Atmospheric Locations Pack/Materials/texture main 168.mat using Guid(ccaba656df8e895478f50840f0588cc5) Importer(2089858483,b0f066a214c2f5e87bad3c948f4d605d) (ScriptedImporter) -> (Import Result ID: '96336cbd08a773388d32c4766ba4c03f') in 0.0216948 seconds [static and dynamic dependencies]. Details - ImportResultOutputID=b15b81f4176a117db15684f85c392b43 DependenciesID=722af9e3007b65e596270d83677ce6cf StaticDependenciesID=b4d5c3b4538e9489a76d6d65ba62310e 
Number of updated asset objects reloaded before import = 0Number of asset objects unloaded after import = 2

========================================================================
Received Import Request.
  Time since last request: 0.000033 seconds.
  path: Assets/Prefabs/RoadSection_Gap 1 1.prefab
  importAddress: Guid(0ed34c1298a7cbe498aa19c15a3f8182) Importer(2089858483,b0f066a214c2f5e87bad3c948f4d605d)
Start importing Assets/Prefabs/RoadSection_Gap 1 1.prefab using Guid(0ed34c1298a7cbe498aa19c15a3f8182) Importer(2089858483,b0f066a214c2f5e87bad3c948f4d605d) (ScriptedImporter) -> (Import Result ID: '0594b5ed16c38625867d8024ff1de0e2') in 0.0278635 seconds [static and dynamic dependencies]. Details - ImportResultOutputID=509ff4450e7c255f27ba726dfb42ecc3 DependenciesID=11128db63a7cd1e1336419067ba9be67 StaticDependenciesID=51cc8ebf57ad21f76b91447a17b9848d 
Number of updated asset objects reloaded before import = 0Number of asset objects unloaded after import = 23

========================================================================
Received Import Request.
  Time since last request: 0.000049 seconds.
  path: Assets/Prefabs/RoadSection_Straight.prefab
  importAddress: Guid(5ad286af60a957c4ea6d5d37f4a55dca) Importer(2089858483,b0f066a214c2f5e87bad3c948f4d605d)
Start importing Assets/Prefabs/RoadSection_Straight.prefab using Guid(5ad286af60a957c4ea6d5d37f4a55dca) Importer(2089858483,b0f066a214c2f5e87bad3c948f4d605d) (ScriptedImporter) -> (Import Result ID: '83356c612f08dd36eac4616c3fe15391') in 0.0152032 seconds [static and dynamic dependencies]. Details - ImportResultOutputID=2e927a84499df7a908d8d214b1bd3395 DependenciesID=2c5575e1e00462ab4b2b6f1999680204 StaticDependenciesID=f61d76811e8d8afe2bdb2e0523dc24a7 
Number of updated asset objects reloaded before import = 0Number of asset objects unloaded after import = 329

========================================================================
Received Import Request.
  Time since last request: 15.920734 seconds.
  path: Assets/Palmov Island/Low Poly Atmospheric Locations Pack/Scenes/Location autumn atmosphere forest.unity
  importAddress: Guid(7de6c5c3229750c46b54f0e4ad9d5cfd) Importer(815301076,1909f56bfc062723c751e8b465ee728b)
Start importing Assets/Palmov Island/Low Poly Atmospheric Locations Pack/Scenes/Location autumn atmosphere forest.unity using Guid(7de6c5c3229750c46b54f0e4ad9d5cfd) Importer(815301076,1909f56bfc062723c751e8b465ee728b) (PreviewImporter) -> (Import Result ID: 'c6c7c9ecc69c69c45285277ef6799aa5') in 0.0007362 seconds [static and dynamic dependencies]. Details - ImportResultOutputID=7ce1251cd25750ea1402746b1d6a317d DependenciesID=7528222c6ba82d2ef81e1e66572c1f08 StaticDependenciesID=c9d70d9fbde04cb97e20fe6c41e57f79 
Number of updated asset objects reloaded before import = 0Number of asset objects unloaded after import = 0

========================================================================
Received Import Request.
  Time since last request: 4.138127 seconds.
  path: Assets/Scenes/SampleScene.unity
  importAddress: Guid(99c9720ab356a0642a771bea13969a05) Importer(2089858483,b0f066a214c2f5e87bad3c948f4d605d)
Start importing Assets/Scenes/SampleScene.unity using Guid(99c9720ab356a0642a771bea13969a05) Importer(2089858483,b0f066a214c2f5e87bad3c948f4d605d) (ScriptedImporter) -> (Import Result ID: 'fd6fe78799465273461dcdc7fa4d6f55') in 0.0117355 seconds [static and dynamic dependencies]. Details - ImportResultOutputID=29342f1c324f7448b08d53473ede6407 DependenciesID=3d42f313a7688d4f9e5b0be14fd68d94 StaticDependenciesID=a086958d4b774da48555434e36809832 
Number of updated asset objects reloaded before import = 0Number of asset objects unloaded after import = 1

========================================================================
Received Import Request.
  Time since last request: 6.115694 seconds.
  path: Assets/Palmov Island/Low Poly Atmospheric Locations Pack/Scenes/Location camping forest.unity
  importAddress: Guid(9eb3d3406fabb5b408a4f80927c3710d) Importer(815301076,1909f56bfc062723c751e8b465ee728b)
Start importing Assets/Palmov Island/Low Poly Atmospheric Locations Pack/Scenes/Location camping forest.unity using Guid(9eb3d3406fabb5b408a4f80927c3710d) Importer(815301076,1909f56bfc062723c751e8b465ee728b) (PreviewImporter) -> (Import Result ID: '8e9bb45c95695ed8a80a658d19ab9757') in 0.000657 seconds [static and dynamic dependencies]. Details - ImportResultOutputID=01f3d68236c077ba542c7a0f0f076513 DependenciesID=ebd0e18061e5eefde448247ab52a92e6 StaticDependenciesID=39026392c10fe2f539e44883f76dad91 
Number of updated asset objects reloaded before import = 0Number of asset objects unloaded after import = 0

========================================================================
Received Import Request.
  Time since last request: 1.696619 seconds.
  path: Assets/Palmov Island/Low Poly Atmospheric Locations Pack/Scenes/Waters.unity
  importAddress: Guid(97c02a873b84e6c48a95acc5df7260b6) Importer(815301076,1909f56bfc062723c751e8b465ee728b)
Start importing Assets/Palmov Island/Low Poly Atmospheric Locations Pack/Scenes/Waters.unity using Guid(97c02a873b84e6c48a95acc5df7260b6) Importer(815301076,1909f56bfc062723c751e8b465ee728b) (PreviewImporter) -> (Import Result ID: 'e759e20456a8560cf94cd114063440cd') in 0.0006555 seconds [static and dynamic dependencies]. Details - ImportResultOutputID=a2bae673220d0e4b221e4fadb132ddb4 DependenciesID=2c9190512b04da3cb8b6ac65bd54de46 StaticDependenciesID=b6613165db748173a0fea3692afac230 
Number of updated asset objects reloaded before import = 0Number of asset objects unloaded after import = 0

========================================================================
Received Import Request.
  Time since last request: 2.691584 seconds.
  path: Assets/Palmov Island/Low Poly Atmospheric Locations Pack/Scenes/All scenes.unity
  importAddress: Guid(1ab8ef884b1bd74478ac677e568556ad) Importer(815301076,1909f56bfc062723c751e8b465ee728b)
Start importing Assets/Palmov Island/Low Poly Atmospheric Locations Pack/Scenes/All scenes.unity using Guid(1ab8ef884b1bd74478ac677e568556ad) Importer(815301076,1909f56bfc062723c751e8b465ee728b) (PreviewImporter) -> (Import Result ID: '6182f02267682c9bff9e082518b880ff') in 0.0006076 seconds [static and dynamic dependencies]. Details - ImportResultOutputID=61ba2de1d2b2b30cc00a23b18ca00310 DependenciesID=1abbf400326e8d3b4c4aa544702afce4 StaticDependenciesID=0515462b088b1504847f5ec0053c96a4 
Number of updated asset objects reloaded before import = 0Number of asset objects unloaded after import = 0

========================================================================
Received Import Request.
  Time since last request: 23.428153 seconds.
  path: Assets/Scenes/SampleScene.unity
  importAddress: Guid(99c9720ab356a0642a771bea13969a05) Importer(815301076,1909f56bfc062723c751e8b465ee728b)
Start importing Assets/Scenes/SampleScene.unity using Guid(99c9720ab356a0642a771bea13969a05) Importer(815301076,1909f56bfc062723c751e8b465ee728b) (PreviewImporter) -> (Import Result ID: 'f3ab267529795b02fcb0c2bb479327f4') in 0.0008102 seconds [static and dynamic dependencies]. Details - ImportResultOutputID=f3af80aa444126da7ef9e80fc4827f87 DependenciesID=76ec1a1ecc4b3608c21f7a9abcf69aac StaticDependenciesID=260ea46e7c4008eb5cad6c4cb27f72b0 
Number of updated asset objects reloaded before import = 0Number of asset objects unloaded after import = 0

========================================================================
Received Import Request.
  Time since last request: 99.000614 seconds.
  path: Assets/Palmov Island/Low Poly Atmospheric Locations Pack/Materials/texture main 169.mat
  importAddress: Guid(160259bf43062814f9f822d0ae47e6f1) Importer(2089858483,b0f066a214c2f5e87bad3c948f4d605d)
Start importing Assets/Palmov Island/Low Poly Atmospheric Locations Pack/Materials/texture main 169.mat using Guid(160259bf43062814f9f822d0ae47e6f1) Importer(2089858483,b0f066a214c2f5e87bad3c948f4d605d) (ScriptedImporter) -> (Import Result ID: 'cc4e29bbd8845f241fcbc4503eb49e7e') in 0.0115792 seconds [static and dynamic dependencies]. Details - ImportResultOutputID=f55ef79078262d6244c91150be24bd2a DependenciesID=1d98b02499841d917cc28d8929f10a80 StaticDependenciesID=e7b831563ccc3781c977b9fe7a6ba6b0 
Number of updated asset objects reloaded before import = 0Number of asset objects unloaded after import = 2

========================================================================
Received Import Request.
  Time since last request: 67.026804 seconds.
  path: Assets/Palmov Island/Low Poly Atmospheric Locations Pack/Materials/texture main 170.mat
  importAddress: Guid(8e2b2d6dba14db340855c8d3287fcd96) Importer(2089858483,b0f066a214c2f5e87bad3c948f4d605d)
Start importing Assets/Palmov Island/Low Poly Atmospheric Locations Pack/Materials/texture main 170.mat using Guid(8e2b2d6dba14db340855c8d3287fcd96) Importer(2089858483,b0f066a214c2f5e87bad3c948f4d605d) (ScriptedImporter) -> (Import Result ID: 'be01a75178b8cc597ea33e65c7fdaedd') in 0.0110418 seconds [static and dynamic dependencies]. Details - ImportResultOutputID=506d2ac7f037575e9515191492e8140a DependenciesID=6be61f3534d3728950788b96cbfb4098 StaticDependenciesID=fba752513c91bb644c8001696230cfbb 
Number of updated asset objects reloaded before import = 0Number of asset objects unloaded after import = 2

========================================================================
Received Import Request.
  Time since last request: 8.239846 seconds.
  path: Assets/Palmov Island/Low Poly Atmospheric Locations Pack/Materials/texture main 171.mat
  importAddress: Guid(129bb4aca643ff940903a9ea2c43e1e4) Importer(2089858483,b0f066a214c2f5e87bad3c948f4d605d)
Start importing Assets/Palmov Island/Low Poly Atmospheric Locations Pack/Materials/texture main 171.mat using Guid(129bb4aca643ff940903a9ea2c43e1e4) Importer(2089858483,b0f066a214c2f5e87bad3c948f4d605d) (ScriptedImporter) -> (Import Result ID: '60b362f284e17276d869ee9ef26f2c05') in 0.0112781 seconds [static and dynamic dependencies]. Details - ImportResultOutputID=650d3e098f90655425f6273c0e2c606e DependenciesID=2893038585cb489e339dcf6696115bac StaticDependenciesID=9b2b25142bac6a342553dbc0c2ac3a50 
Number of updated asset objects reloaded before import = 0Number of asset objects unloaded after import = 2

========================================================================
Received Import Request.
  Time since last request: 1.767416 seconds.
  path: Assets/Palmov Island/Low Poly Atmospheric Locations Pack/Materials/texture main 172.mat
  importAddress: Guid(e4be4032ab93a104887ba5ce990e7988) Importer(2089858483,b0f066a214c2f5e87bad3c948f4d605d)
Start importing Assets/Palmov Island/Low Poly Atmospheric Locations Pack/Materials/texture main 172.mat using Guid(e4be4032ab93a104887ba5ce990e7988) Importer(2089858483,b0f066a214c2f5e87bad3c948f4d605d) (ScriptedImporter) -> (Import Result ID: '6f4a01747229d6dfe5c3b8417ac030e5') in 0.0115852 seconds [static and dynamic dependencies]. Details - ImportResultOutputID=6e4fa6471f23e88e4739487b73089800 DependenciesID=4d8338c9b0ec879b5825de2b68710ad9 StaticDependenciesID=74062f8b55a929f4fb728b2725c8dbcd 
Number of updated asset objects reloaded before import = 0Number of asset objects unloaded after import = 2

========================================================================
Received Import Request.
  Time since last request: 1.312917 seconds.
  path: Assets/Palmov Island/Low Poly Atmospheric Locations Pack/Materials/texture main 173.mat
  importAddress: Guid(a552a75d028f38c43ae344369bfe602a) Importer(2089858483,b0f066a214c2f5e87bad3c948f4d605d)
Start importing Assets/Palmov Island/Low Poly Atmospheric Locations Pack/Materials/texture main 173.mat using Guid(a552a75d028f38c43ae344369bfe602a) Importer(2089858483,b0f066a214c2f5e87bad3c948f4d605d) (ScriptedImporter) -> (Import Result ID: '4ab3653ab1a4cb2a24c0db491bc6b75f') in 0.0124139 seconds [static and dynamic dependencies]. Details - ImportResultOutputID=a92c55c9ebd3e70f7012cd2bedc73cf8 DependenciesID=79cbdf73bba1ba7125da442e1b757ecb StaticDependenciesID=89f9bfbcbffc4bc8950f5088ef0c30e9 
Number of updated asset objects reloaded before import = 0Number of asset objects unloaded after import = 2

========================================================================
Received Import Request.
  Time since last request: 1.245325 seconds.
  path: Assets/Palmov Island/Low Poly Atmospheric Locations Pack/Materials/texture main 174.mat
  importAddress: Guid(13b8d095b17400243859b2123daba310) Importer(2089858483,b0f066a214c2f5e87bad3c948f4d605d)
Start importing Assets/Palmov Island/Low Poly Atmospheric Locations Pack/Materials/texture main 174.mat using Guid(13b8d095b17400243859b2123daba310) Importer(2089858483,b0f066a214c2f5e87bad3c948f4d605d) (ScriptedImporter) -> (Import Result ID: 'e91f12b0f9b5c8173f7cd8b042f117af') in 0.0110327 seconds [static and dynamic dependencies]. Details - ImportResultOutputID=9c94633c7d33754d347679da029a2235 DependenciesID=bb67b352a87611f17ca38eae4f97a569 StaticDependenciesID=2c1ed8f4aa091c78b7cee6b976225d55 
Number of updated asset objects reloaded before import = 0Number of asset objects unloaded after import = 2

========================================================================
Received Import Request.
  Time since last request: 1.562799 seconds.
  path: Assets/Palmov Island/Low Poly Atmospheric Locations Pack/Materials/texture main 175.mat
  importAddress: Guid(5323659624ebafb4f93f23675a8c42d3) Importer(2089858483,b0f066a214c2f5e87bad3c948f4d605d)
Start importing Assets/Palmov Island/Low Poly Atmospheric Locations Pack/Materials/texture main 175.mat using Guid(5323659624ebafb4f93f23675a8c42d3) Importer(2089858483,b0f066a214c2f5e87bad3c948f4d605d) (ScriptedImporter) -> (Import Result ID: '5a963ece1cda82dba5482f8d6d539035') in 0.012141 seconds [static and dynamic dependencies]. Details - ImportResultOutputID=22288b3c98afb5fc3df2c6b12f649ce8 DependenciesID=fbe6bb85e18483b2e9758b0aa4a925e7 StaticDependenciesID=ab3bc3042b04c7bd3185471c4c7d6c03 
Number of updated asset objects reloaded before import = 0Number of asset objects unloaded after import = 2

========================================================================
Received Import Request.
  Time since last request: 1.393103 seconds.
  path: Assets/Palmov Island/Low Poly Atmospheric Locations Pack/Materials/texture main 176.mat
  importAddress: Guid(4c9ecab52ff419d4c97bf03d46436628) Importer(2089858483,b0f066a214c2f5e87bad3c948f4d605d)
Start importing Assets/Palmov Island/Low Poly Atmospheric Locations Pack/Materials/texture main 176.mat using Guid(4c9ecab52ff419d4c97bf03d46436628) Importer(2089858483,b0f066a214c2f5e87bad3c948f4d605d) (ScriptedImporter) -> (Import Result ID: '54a451ef5fd550b894debfb6b6279a02') in 0.0119125 seconds [static and dynamic dependencies]. Details - ImportResultOutputID=d03efcc582ca3ef50d46ad9640356953 DependenciesID=417dd1793ac88ebf0620b149c8281d3e StaticDependenciesID=49845f6c44a62bfbf8a876f6153b1931 
Number of updated asset objects reloaded before import = 0Number of asset objects unloaded after import = 2

========================================================================
Received Import Request.
  Time since last request: 2.491325 seconds.
  path: Assets/Palmov Island/Low Poly Atmospheric Locations Pack/Materials/texture main 177.mat
  importAddress: Guid(1a5db21bfed9ecd498a52d0aabcfed9d) Importer(2089858483,b0f066a214c2f5e87bad3c948f4d605d)
Start importing Assets/Palmov Island/Low Poly Atmospheric Locations Pack/Materials/texture main 177.mat using Guid(1a5db21bfed9ecd498a52d0aabcfed9d) Importer(2089858483,b0f066a214c2f5e87bad3c948f4d605d) (ScriptedImporter) -> (Import Result ID: 'de9030373561c070256c3018ec615b83') in 0.0117387 seconds [static and dynamic dependencies]. Details - ImportResultOutputID=305e1aa91018416debb0eefcc93bf5c0 DependenciesID=658639777bd44c5c34f5334d6d85695a StaticDependenciesID=b78d6e81f0509116fb67034a7404d340 
Number of updated asset objects reloaded before import = 0Number of asset objects unloaded after import = 2

========================================================================
Received Import Request.
  Time since last request: 1.102172 seconds.
  path: Assets/Palmov Island/Low Poly Atmospheric Locations Pack/Materials/texture main 178.mat
  importAddress: Guid(daa767066236ae94c81b167e532d1d65) Importer(2089858483,b0f066a214c2f5e87bad3c948f4d605d)
Start importing Assets/Palmov Island/Low Poly Atmospheric Locations Pack/Materials/texture main 178.mat using Guid(daa767066236ae94c81b167e532d1d65) Importer(2089858483,b0f066a214c2f5e87bad3c948f4d605d) (ScriptedImporter) -> (Import Result ID: 'a08c8dd2157af003f9043223bfe3f71f') in 0.0153521 seconds [static and dynamic dependencies]. Details - ImportResultOutputID=af8184aa9d43195760a7902f3fdf66e0 DependenciesID=88caa6affb625e64dcfc008152a17273 StaticDependenciesID=9df22b5cfcac41e57749aa530063f4ef 
Number of updated asset objects reloaded before import = 0Number of asset objects unloaded after import = 2

========================================================================
Received Import Request.
  Time since last request: 1.441830 seconds.
  path: Assets/Palmov Island/Low Poly Atmospheric Locations Pack/Materials/texture main 179.mat
  importAddress: Guid(35a5aea4dfaa18643b1813388a3319ff) Importer(2089858483,b0f066a214c2f5e87bad3c948f4d605d)
Start importing Assets/Palmov Island/Low Poly Atmospheric Locations Pack/Materials/texture main 179.mat using Guid(35a5aea4dfaa18643b1813388a3319ff) Importer(2089858483,b0f066a214c2f5e87bad3c948f4d605d) (ScriptedImporter) -> (Import Result ID: '3d0127cdc5b45cffeb5dd3bbd2ca3ae2') in 0.0133081 seconds [static and dynamic dependencies]. Details - ImportResultOutputID=64523991a1e63dcc4ce1650027192104 DependenciesID=7e30f1988daeb42cafd896c9ff5889c4 StaticDependenciesID=7ce199ce168a323eb5c99a07aa022b2b 
Number of updated asset objects reloaded before import = 0Number of asset objects unloaded after import = 2

========================================================================
Received Import Request.
  Time since last request: 2.046167 seconds.
  path: Assets/Palmov Island/Low Poly Atmospheric Locations Pack/Materials/texture main 180.mat
  importAddress: Guid(65ef5e505b548ae4e9f40bd85e9f295c) Importer(2089858483,b0f066a214c2f5e87bad3c948f4d605d)
Start importing Assets/Palmov Island/Low Poly Atmospheric Locations Pack/Materials/texture main 180.mat using Guid(65ef5e505b548ae4e9f40bd85e9f295c) Importer(2089858483,b0f066a214c2f5e87bad3c948f4d605d) (ScriptedImporter) -> (Import Result ID: 'b81c4f77c08918c4af7f8ef657125ef5') in 0.0111637 seconds [static and dynamic dependencies]. Details - ImportResultOutputID=95826bab3ae1d4b602f746d102ac0350 DependenciesID=3aac27038e7632887108f1d006a3f7ef StaticDependenciesID=c984a6732e1cd22e82e6931e6dd243a8 
Number of updated asset objects reloaded before import = 0Number of asset objects unloaded after import = 2

========================================================================
Received Import Request.
  Time since last request: 1.212053 seconds.
  path: Assets/Palmov Island/Low Poly Atmospheric Locations Pack/Materials/texture main 181.mat
  importAddress: Guid(5b1c101d354779c4db186942c7397f0c) Importer(2089858483,b0f066a214c2f5e87bad3c948f4d605d)
Start importing Assets/Palmov Island/Low Poly Atmospheric Locations Pack/Materials/texture main 181.mat using Guid(5b1c101d354779c4db186942c7397f0c) Importer(2089858483,b0f066a214c2f5e87bad3c948f4d605d) (ScriptedImporter) -> (Import Result ID: 'ec8c2d35c6b30b2433d4d77d0ae25a22') in 0.0132837 seconds [static and dynamic dependencies]. Details - ImportResultOutputID=ad64a093c7ebda90e86b20d1c1dd15d1 DependenciesID=e2aef4df766503eaf2e8e80a181dd0d2 StaticDependenciesID=7bf495dff89e1bafb7795ab46decc23c 
Number of updated asset objects reloaded before import = 0Number of asset objects unloaded after import = 2

========================================================================
Received Import Request.
  Time since last request: 1.382302 seconds.
  path: Assets/Palmov Island/Low Poly Atmospheric Locations Pack/Materials/texture main 182.mat
  importAddress: Guid(a83357abd62ff9d49bc000ee6f2d25d4) Importer(2089858483,b0f066a214c2f5e87bad3c948f4d605d)
Start importing Assets/Palmov Island/Low Poly Atmospheric Locations Pack/Materials/texture main 182.mat using Guid(a83357abd62ff9d49bc000ee6f2d25d4) Importer(2089858483,b0f066a214c2f5e87bad3c948f4d605d) (ScriptedImporter) -> (Import Result ID: 'd1727fa829a5c117ae96ec35683258e6') in 0.0124871 seconds [static and dynamic dependencies]. Details - ImportResultOutputID=3954db5b7af5498ba1a6235d72063b21 DependenciesID=1f33136862c87d0071ccfdb2ca2124be StaticDependenciesID=a89fac22f0ed2c5a809d3ac55faf3977 
Number of updated asset objects reloaded before import = 0Number of asset objects unloaded after import = 2

========================================================================
Received Import Request.
  Time since last request: 1.236833 seconds.
  path: Assets/Palmov Island/Low Poly Atmospheric Locations Pack/Materials/texture main 183.mat
  importAddress: Guid(916e4edc896476d44a5f09ded77984d6) Importer(2089858483,b0f066a214c2f5e87bad3c948f4d605d)
Start importing Assets/Palmov Island/Low Poly Atmospheric Locations Pack/Materials/texture main 183.mat using Guid(916e4edc896476d44a5f09ded77984d6) Importer(2089858483,b0f066a214c2f5e87bad3c948f4d605d) (ScriptedImporter) -> (Import Result ID: 'c57894274fbe62bdbde8b0558c1781a7') in 0.0120115 seconds [static and dynamic dependencies]. Details - ImportResultOutputID=c24797b22631b64d1c1212a6a3057fc8 DependenciesID=f9df59972ce0cd321583517a2781d1ae StaticDependenciesID=d9d1f4a4503ddee4ce6477ea6f524a29 
Number of updated asset objects reloaded before import = 0Number of asset objects unloaded after import = 2

========================================================================
Received Import Request.
  Time since last request: 1.442728 seconds.
  path: Assets/Palmov Island/Low Poly Atmospheric Locations Pack/Materials/texture main 184.mat
  importAddress: Guid(d59cdba7e1f2acd4c935716230a9a9d8) Importer(2089858483,b0f066a214c2f5e87bad3c948f4d605d)
Start importing Assets/Palmov Island/Low Poly Atmospheric Locations Pack/Materials/texture main 184.mat using Guid(d59cdba7e1f2acd4c935716230a9a9d8) Importer(2089858483,b0f066a214c2f5e87bad3c948f4d605d) (ScriptedImporter) -> (Import Result ID: 'ad028263fa64534e1ba8104ea7932cfe') in 0.0141056 seconds [static and dynamic dependencies]. Details - ImportResultOutputID=a1160d5b55f44f6ca3f52ef2d5333dee DependenciesID=1b3436327d3e901bfd0f25257539ad07 StaticDependenciesID=ca6f6e48428efd034c218d6cea44bfd1 
Number of updated asset objects reloaded before import = 0Number of asset objects unloaded after import = 2

========================================================================
Received Import Request.
  Time since last request: 1.425375 seconds.
  path: Assets/Palmov Island/Low Poly Atmospheric Locations Pack/Materials/texture main 185.mat
  importAddress: Guid(5c800cb27cd63c94ebcdabaa710ef96d) Importer(2089858483,b0f066a214c2f5e87bad3c948f4d605d)
Start importing Assets/Palmov Island/Low Poly Atmospheric Locations Pack/Materials/texture main 185.mat using Guid(5c800cb27cd63c94ebcdabaa710ef96d) Importer(2089858483,b0f066a214c2f5e87bad3c948f4d605d) (ScriptedImporter) -> (Import Result ID: 'e2dac796985405d10803b59debaed818') in 0.0120232 seconds [static and dynamic dependencies]. Details - ImportResultOutputID=80355f0aa60faa5b3479cf2f3934746e DependenciesID=6127ebee6f74e764543954d90c53547a StaticDependenciesID=d36ced73bfb77db0b5c577ec927ed5ec 
Number of updated asset objects reloaded before import = 0Number of asset objects unloaded after import = 2

========================================================================
Received Import Request.
  Time since last request: 1.554375 seconds.
  path: Assets/Palmov Island/Low Poly Atmospheric Locations Pack/Materials/texture main 186.mat
  importAddress: Guid(ac481cdf732f3824e845bbd8be607b23) Importer(2089858483,b0f066a214c2f5e87bad3c948f4d605d)
Start importing Assets/Palmov Island/Low Poly Atmospheric Locations Pack/Materials/texture main 186.mat using Guid(ac481cdf732f3824e845bbd8be607b23) Importer(2089858483,b0f066a214c2f5e87bad3c948f4d605d) (ScriptedImporter) -> (Import Result ID: '4f616a19a5a49f6e7e3953a952bb93c7') in 0.0121491 seconds [static and dynamic dependencies]. Details - ImportResultOutputID=08aa02bb0bdc2460b2ddeffd23fb8faf DependenciesID=f32266c1d29e9e72d3a3ab791e6eabef StaticDependenciesID=4d40f5cd8962992165d8720e9b799d02 
Number of updated asset objects reloaded before import = 0Number of asset objects unloaded after import = 2

========================================================================
Received Import Request.
  Time since last request: 1.395119 seconds.
  path: Assets/Palmov Island/Low Poly Atmospheric Locations Pack/Materials/texture main 187.mat
  importAddress: Guid(df737dde88917cc4c8ec01ae93bd5714) Importer(2089858483,b0f066a214c2f5e87bad3c948f4d605d)
Start importing Assets/Palmov Island/Low Poly Atmospheric Locations Pack/Materials/texture main 187.mat using Guid(df737dde88917cc4c8ec01ae93bd5714) Importer(2089858483,b0f066a214c2f5e87bad3c948f4d605d) (ScriptedImporter) -> (Import Result ID: 'b3951ab8b75909d831d23e279622e60f') in 0.0118362 seconds [static and dynamic dependencies]. Details - ImportResultOutputID=8ee3eb70dd35eeb15ae36407788c48e2 DependenciesID=824be298ece8d15f944992b493a02bc5 StaticDependenciesID=45dd7c741233995518e6954a21e8c1a3 
Number of updated asset objects reloaded before import = 0Number of asset objects unloaded after import = 2

========================================================================
Received Import Request.
  Time since last request: 1.531548 seconds.
  path: Assets/Palmov Island/Low Poly Atmospheric Locations Pack/Materials/texture main 188.mat
  importAddress: Guid(05c1651b38d75e3498dade0fe3c2cef5) Importer(2089858483,b0f066a214c2f5e87bad3c948f4d605d)
Start importing Assets/Palmov Island/Low Poly Atmospheric Locations Pack/Materials/texture main 188.mat using Guid(05c1651b38d75e3498dade0fe3c2cef5) Importer(2089858483,b0f066a214c2f5e87bad3c948f4d605d) (ScriptedImporter) -> (Import Result ID: '18ebab4bbb4ad8759c24f63105f4656b') in 0.0119931 seconds [static and dynamic dependencies]. Details - ImportResultOutputID=10c7286f0dcb6854192fac72d686f158 DependenciesID=4fc6165de3e05ee2aca6ca9983176371 StaticDependenciesID=aa7c53f591bac706328a25edeb535068 
Number of updated asset objects reloaded before import = 0Number of asset objects unloaded after import = 2

========================================================================
Received Import Request.
  Time since last request: 1.665764 seconds.
  path: Assets/Palmov Island/Low Poly Atmospheric Locations Pack/Materials/texture main 189.mat
  importAddress: Guid(ea388cbcb39a1a94fb83969b9a927d8b) Importer(2089858483,b0f066a214c2f5e87bad3c948f4d605d)
Start importing Assets/Palmov Island/Low Poly Atmospheric Locations Pack/Materials/texture main 189.mat using Guid(ea388cbcb39a1a94fb83969b9a927d8b) Importer(2089858483,b0f066a214c2f5e87bad3c948f4d605d) (ScriptedImporter) -> (Import Result ID: '83b308cab5231b5fd788853477118258') in 0.0120478 seconds [static and dynamic dependencies]. Details - ImportResultOutputID=e3b23562308df08980ab423b237cfca4 DependenciesID=a863dc62a139e7425606fdbb64ecf54e StaticDependenciesID=a89fd17f9a35b49a181fdb97eda59d2c 
Number of updated asset objects reloaded before import = 0Number of asset objects unloaded after import = 2

========================================================================
Received Import Request.
  Time since last request: 1.428598 seconds.
  path: Assets/Palmov Island/Low Poly Atmospheric Locations Pack/Materials/texture main 190.mat
  importAddress: Guid(431ad674a7f26f3458fa15aa1fc8c6d2) Importer(2089858483,b0f066a214c2f5e87bad3c948f4d605d)
Start importing Assets/Palmov Island/Low Poly Atmospheric Locations Pack/Materials/texture main 190.mat using Guid(431ad674a7f26f3458fa15aa1fc8c6d2) Importer(2089858483,b0f066a214c2f5e87bad3c948f4d605d) (ScriptedImporter) -> (Import Result ID: 'a798686a140f9d80ebf4f0b0414a296d') in 0.0123252 seconds [static and dynamic dependencies]. Details - ImportResultOutputID=1f1804ff98fbd028b0d4a68ac486833b DependenciesID=1727a5228c7f22fe55d67abc7019bb44 StaticDependenciesID=10b6d434492d7f92b65ad074827649cb 
Number of updated asset objects reloaded before import = 0Number of asset objects unloaded after import = 2

========================================================================
Received Import Request.
  Time since last request: 1.594548 seconds.
  path: Assets/Palmov Island/Low Poly Atmospheric Locations Pack/Materials/texture main 191.mat
  importAddress: Guid(9b95ba15b627cf444b35bcd977846c81) Importer(2089858483,b0f066a214c2f5e87bad3c948f4d605d)
Start importing Assets/Palmov Island/Low Poly Atmospheric Locations Pack/Materials/texture main 191.mat using Guid(9b95ba15b627cf444b35bcd977846c81) Importer(2089858483,b0f066a214c2f5e87bad3c948f4d605d) (ScriptedImporter) -> (Import Result ID: '12f11c2e11f24c2d27f9949ba4bff3f5') in 0.0149129 seconds [static and dynamic dependencies]. Details - ImportResultOutputID=018a4db31b8a00eb2ac06c6bb5694651 DependenciesID=0c016996e07ee074d6a6b6830f7c99b7 StaticDependenciesID=3ae899a427e96a6ae055dd3e7c1a52ff 
Number of updated asset objects reloaded before import = 0Number of asset objects unloaded after import = 2

========================================================================
Received Import Request.
  Time since last request: 1.407059 seconds.
  path: Assets/Palmov Island/Low Poly Atmospheric Locations Pack/Materials/texture main 192.mat
  importAddress: Guid(7ae417c61a7fe814ea334677bf5aef1e) Importer(2089858483,b0f066a214c2f5e87bad3c948f4d605d)
Start importing Assets/Palmov Island/Low Poly Atmospheric Locations Pack/Materials/texture main 192.mat using Guid(7ae417c61a7fe814ea334677bf5aef1e) Importer(2089858483,b0f066a214c2f5e87bad3c948f4d605d) (ScriptedImporter) -> (Import Result ID: 'd61eed6eea1b6b7b2033378af934ab39') in 0.0117613 seconds [static and dynamic dependencies]. Details - ImportResultOutputID=4b9a1e8f82636c11d7271fc26b5f72e6 DependenciesID=5d92ba84bba2ffa7e5f58f438fc305f2 StaticDependenciesID=216a4aeddea6da6ed96da3a5d05a6b24 
Number of updated asset objects reloaded before import = 0Number of asset objects unloaded after import = 2

========================================================================
Received Import Request.
  Time since last request: 1.414044 seconds.
  path: Assets/Palmov Island/Low Poly Atmospheric Locations Pack/Materials/texture main 193.mat
  importAddress: Guid(c554d10c6b930f649aa9b239e160164d) Importer(2089858483,b0f066a214c2f5e87bad3c948f4d605d)
Start importing Assets/Palmov Island/Low Poly Atmospheric Locations Pack/Materials/texture main 193.mat using Guid(c554d10c6b930f649aa9b239e160164d) Importer(2089858483,b0f066a214c2f5e87bad3c948f4d605d) (ScriptedImporter) -> (Import Result ID: '26407b0a890f7856e02755b51e3a5fac') in 0.011497 seconds [static and dynamic dependencies]. Details - ImportResultOutputID=765c8633b9354f7651a1a02f596da54a DependenciesID=f1c83c1f011768209f8e1560102d50a6 StaticDependenciesID=103b45ecf8742d603d063e907c880207 
Number of updated asset objects reloaded before import = 0Number of asset objects unloaded after import = 2

========================================================================
Received Import Request.
  Time since last request: 1.381401 seconds.
  path: Assets/Palmov Island/Low Poly Atmospheric Locations Pack/Materials/texture main 194.mat
  importAddress: Guid(f3d85de13024bd245987a034a6d36f59) Importer(2089858483,b0f066a214c2f5e87bad3c948f4d605d)
Start importing Assets/Palmov Island/Low Poly Atmospheric Locations Pack/Materials/texture main 194.mat using Guid(f3d85de13024bd245987a034a6d36f59) Importer(2089858483,b0f066a214c2f5e87bad3c948f4d605d) (ScriptedImporter) -> (Import Result ID: 'be0fe6a0be96a9e8fd39f9d9d11c2cc6') in 0.0107182 seconds [static and dynamic dependencies]. Details - ImportResultOutputID=1b6be6654d638e9aa1740ee8f35275f2 DependenciesID=ab66eeb4eb20c915fa87f7487e0f8b46 StaticDependenciesID=89f027e4d2b33a0a8ed6e11379704f84 
Number of updated asset objects reloaded before import = 0Number of asset objects unloaded after import = 2

========================================================================
Received Import Request.
  Time since last request: 1.551772 seconds.
  path: Assets/Palmov Island/Low Poly Atmospheric Locations Pack/Materials/texture main 195.mat
  importAddress: Guid(a0237070224e2764e9da4eec42aa7dab) Importer(2089858483,b0f066a214c2f5e87bad3c948f4d605d)
Start importing Assets/Palmov Island/Low Poly Atmospheric Locations Pack/Materials/texture main 195.mat using Guid(a0237070224e2764e9da4eec42aa7dab) Importer(2089858483,b0f066a214c2f5e87bad3c948f4d605d) (ScriptedImporter) -> (Import Result ID: '4cfa3649d743fbaffe73417763e51bc5') in 0.0110394 seconds [static and dynamic dependencies]. Details - ImportResultOutputID=cce1b74fc95f7c6e7435784bbd0075bf DependenciesID=a9a143fd4bb5bc11964e9ee83fb22f4b StaticDependenciesID=08542bc173b3b533f9edce9948e1338e 
Number of updated asset objects reloaded before import = 0Number of asset objects unloaded after import = 2

========================================================================
Received Import Request.
  Time since last request: 1.378421 seconds.
  path: Assets/Palmov Island/Low Poly Atmospheric Locations Pack/Materials/texture main 196.mat
  importAddress: Guid(38fb1fc06bb727946a9c138283a8d66b) Importer(2089858483,b0f066a214c2f5e87bad3c948f4d605d)
Start importing Assets/Palmov Island/Low Poly Atmospheric Locations Pack/Materials/texture main 196.mat using Guid(38fb1fc06bb727946a9c138283a8d66b) Importer(2089858483,b0f066a214c2f5e87bad3c948f4d605d) (ScriptedImporter) -> (Import Result ID: 'c0a3948e372757b7d02a85b39aefc081') in 0.0144251 seconds [static and dynamic dependencies]. Details - ImportResultOutputID=1f084f09b96adbbadcd94b2d64584a2b DependenciesID=2588d36375686ae74a8034b20995d112 StaticDependenciesID=78500cbe9eaaf0582e63b781c0a4be7b 
Number of updated asset objects reloaded before import = 0Number of asset objects unloaded after import = 2

========================================================================
Received Import Request.
  Time since last request: 1.146894 seconds.
  path: Assets/Palmov Island/Low Poly Atmospheric Locations Pack/Materials/texture main 197.mat
  importAddress: Guid(cfc8dfc86ceda64478c7a70315d0d6d8) Importer(2089858483,b0f066a214c2f5e87bad3c948f4d605d)
Start importing Assets/Palmov Island/Low Poly Atmospheric Locations Pack/Materials/texture main 197.mat using Guid(cfc8dfc86ceda64478c7a70315d0d6d8) Importer(2089858483,b0f066a214c2f5e87bad3c948f4d605d) (ScriptedImporter) -> (Import Result ID: 'd3e64896163eeaaef46169f8fe0764e1') in 0.0123834 seconds [static and dynamic dependencies]. Details - ImportResultOutputID=dfae4edc60a3d1a7ba3e8dc2ec6a1036 DependenciesID=9fb97ad21ba854580c003f8fe1e80b2c StaticDependenciesID=cf17442f61b9c0f42339a559312ac229 
Number of updated asset objects reloaded before import = 0Number of asset objects unloaded after import = 2

========================================================================
Received Import Request.
  Time since last request: 2.147296 seconds.
  path: Assets/Palmov Island/Low Poly Atmospheric Locations Pack/Materials/texture main 198.mat
  importAddress: Guid(a82776a42baab5f47825bc952c874ca6) Importer(2089858483,b0f066a214c2f5e87bad3c948f4d605d)
Start importing Assets/Palmov Island/Low Poly Atmospheric Locations Pack/Materials/texture main 198.mat using Guid(a82776a42baab5f47825bc952c874ca6) Importer(2089858483,b0f066a214c2f5e87bad3c948f4d605d) (ScriptedImporter) -> (Import Result ID: '1a88a04206710a82b0d0ca90f212cc5f') in 0.013244 seconds [static and dynamic dependencies]. Details - ImportResultOutputID=be7bb5fe1c6523cb4ced14fd761f07db DependenciesID=514ed6380c150d1ecb75ba3fa5229bb9 StaticDependenciesID=25d81f4b18470c9dbd0b60953ffe3721 
Number of updated asset objects reloaded before import = 0Number of asset objects unloaded after import = 2

========================================================================
Received Import Request.
  Time since last request: 1.514784 seconds.
  path: Assets/Palmov Island/Low Poly Atmospheric Locations Pack/Materials/texture main 200.mat
  importAddress: Guid(8ae445f19e9e31a4e84f5342fc4af7c3) Importer(2089858483,b0f066a214c2f5e87bad3c948f4d605d)
Start importing Assets/Palmov Island/Low Poly Atmospheric Locations Pack/Materials/texture main 200.mat using Guid(8ae445f19e9e31a4e84f5342fc4af7c3) Importer(2089858483,b0f066a214c2f5e87bad3c948f4d605d) (ScriptedImporter) -> (Import Result ID: '23bb56f6ad816dd38406e992025f8a37') in 0.0112711 seconds [static and dynamic dependencies]. Details - ImportResultOutputID=ed33f129c20f8c7e650ca48ef0da0799 DependenciesID=11af9377bfb7dd1a1f903afde1f332ab StaticDependenciesID=4d7dfd0b444de8c719d0d2bcd3f7cde9 
Number of updated asset objects reloaded before import = 0Number of asset objects unloaded after import = 2

========================================================================
Received Import Request.
  Time since last request: 1.174481 seconds.
  path: Assets/Palmov Island/Low Poly Atmospheric Locations Pack/Materials/texture main 201.mat
  importAddress: Guid(799967db47baeb34dbf2dc9d2b583b5d) Importer(2089858483,b0f066a214c2f5e87bad3c948f4d605d)
Start importing Assets/Palmov Island/Low Poly Atmospheric Locations Pack/Materials/texture main 201.mat using Guid(799967db47baeb34dbf2dc9d2b583b5d) Importer(2089858483,b0f066a214c2f5e87bad3c948f4d605d) (ScriptedImporter) -> (Import Result ID: '2ec19380c3580eb8afc4f0dec87de091') in 0.0146202 seconds [static and dynamic dependencies]. Details - ImportResultOutputID=99453a66ee2d29dd7987bc44608d4943 DependenciesID=ded178418136c4c5c11fee9dec2630d9 StaticDependenciesID=03c5f18e98d4d381eb588c92a7bac54b 
Number of updated asset objects reloaded before import = 0Number of asset objects unloaded after import = 2

========================================================================
Received Import Request.
  Time since last request: 1.277602 seconds.
  path: Assets/Palmov Island/Low Poly Atmospheric Locations Pack/Materials/texture main 202.mat
  importAddress: Guid(64d860a762adf814d9248e553325d6f9) Importer(2089858483,b0f066a214c2f5e87bad3c948f4d605d)
Start importing Assets/Palmov Island/Low Poly Atmospheric Locations Pack/Materials/texture main 202.mat using Guid(64d860a762adf814d9248e553325d6f9) Importer(2089858483,b0f066a214c2f5e87bad3c948f4d605d) (ScriptedImporter) -> (Import Result ID: '3dc4886ed878f61d57b07f105ad4e005') in 0.0107567 seconds [static and dynamic dependencies]. Details - ImportResultOutputID=1281ca45c5f82e27d3d2a6a995709b46 DependenciesID=b913fef98a3c81d2b2bfc567dd239a7f StaticDependenciesID=0a4ac833f03a5e18b5d09edf33d7253f 
Number of updated asset objects reloaded before import = 0Number of asset objects unloaded after import = 2

========================================================================
Received Import Request.
  Time since last request: 1.456877 seconds.
  path: Assets/Palmov Island/Low Poly Atmospheric Locations Pack/Materials/texture main 203.mat
  importAddress: Guid(2c9e87445b9e7c349be90b90d7936a29) Importer(2089858483,b0f066a214c2f5e87bad3c948f4d605d)
Start importing Assets/Palmov Island/Low Poly Atmospheric Locations Pack/Materials/texture main 203.mat using Guid(2c9e87445b9e7c349be90b90d7936a29) Importer(2089858483,b0f066a214c2f5e87bad3c948f4d605d) (ScriptedImporter) -> (Import Result ID: '72a44fe402f86931c12361bf64f1af76') in 0.0120344 seconds [static and dynamic dependencies]. Details - ImportResultOutputID=7c4f8fe381200321f46bd906be2d3562 DependenciesID=fab99448ca3474ab17d9dc2017f0de59 StaticDependenciesID=84e1b754168ed70a7c9b9bf19ca5beba 
Number of updated asset objects reloaded before import = 0Number of asset objects unloaded after import = 2

========================================================================
Received Import Request.
  Time since last request: 1.218260 seconds.
  path: Assets/Palmov Island/Low Poly Atmospheric Locations Pack/Materials/texture main 204.mat
  importAddress: Guid(91b73bb8b593d7f4ea603e8dd8eed194) Importer(2089858483,b0f066a214c2f5e87bad3c948f4d605d)
Start importing Assets/Palmov Island/Low Poly Atmospheric Locations Pack/Materials/texture main 204.mat using Guid(91b73bb8b593d7f4ea603e8dd8eed194) Importer(2089858483,b0f066a214c2f5e87bad3c948f4d605d) (ScriptedImporter) -> (Import Result ID: '5f894bbb81a094737028f647e22388e3') in 0.0126498 seconds [static and dynamic dependencies]. Details - ImportResultOutputID=4d5f1e5dcccd8ffa433313815276e8e6 DependenciesID=19bf35ba09dc8c1523141e2dcf24bec9 StaticDependenciesID=8498de2e856e2155d6292e37f7e27ad2 
Number of updated asset objects reloaded before import = 0Number of asset objects unloaded after import = 2

========================================================================
Received Import Request.
  Time since last request: 1.441143 seconds.
  path: Assets/Palmov Island/Low Poly Atmospheric Locations Pack/Materials/texture main 205.mat
  importAddress: Guid(514d3d73cbe92024d9412118c3b021b7) Importer(2089858483,b0f066a214c2f5e87bad3c948f4d605d)
Start importing Assets/Palmov Island/Low Poly Atmospheric Locations Pack/Materials/texture main 205.mat using Guid(514d3d73cbe92024d9412118c3b021b7) Importer(2089858483,b0f066a214c2f5e87bad3c948f4d605d) (ScriptedImporter) -> (Import Result ID: '44ad405d73ba8a6259ba4264f1dc9b71') in 0.0116718 seconds [static and dynamic dependencies]. Details - ImportResultOutputID=c3eeaf7ce1b04e143d41751670f2d8eb DependenciesID=a4ee728aced183184b082225b05e8adc StaticDependenciesID=94bb534d724641870d19f9b799879b28 
Number of updated asset objects reloaded before import = 0Number of asset objects unloaded after import = 2

========================================================================
Received Import Request.
  Time since last request: 1.556540 seconds.
  path: Assets/Palmov Island/Low Poly Atmospheric Locations Pack/Materials/texture main 206.mat
  importAddress: Guid(2b0ee346d76e3614aabc03f1f0f169c0) Importer(2089858483,b0f066a214c2f5e87bad3c948f4d605d)
Start importing Assets/Palmov Island/Low Poly Atmospheric Locations Pack/Materials/texture main 206.mat using Guid(2b0ee346d76e3614aabc03f1f0f169c0) Importer(2089858483,b0f066a214c2f5e87bad3c948f4d605d) (ScriptedImporter) -> (Import Result ID: 'ecc6c3c5ae7a55cd367c8fd27c34b93d') in 0.0119823 seconds [static and dynamic dependencies]. Details - ImportResultOutputID=720c96723d861a10c16fef8f41f55cb0 DependenciesID=d0e50c5f9d2cb2b4d428ef75dda0f1af StaticDependenciesID=51328a5278713092608b7d27b245a32c 
Number of updated asset objects reloaded before import = 0Number of asset objects unloaded after import = 2

========================================================================
Received Import Request.
  Time since last request: 2.001851 seconds.
  path: Assets/Palmov Island/Low Poly Atmospheric Locations Pack/Materials/texture main 207.mat
  importAddress: Guid(d05883223c006c948a758321f5730122) Importer(2089858483,b0f066a214c2f5e87bad3c948f4d605d)
Start importing Assets/Palmov Island/Low Poly Atmospheric Locations Pack/Materials/texture main 207.mat using Guid(d05883223c006c948a758321f5730122) Importer(2089858483,b0f066a214c2f5e87bad3c948f4d605d) (ScriptedImporter) -> (Import Result ID: 'fef7cd178d9a8a9bde770ced69dfc859') in 0.0115871 seconds [static and dynamic dependencies]. Details - ImportResultOutputID=e37a583a4a27141bc2d5cc7ab8438f80 DependenciesID=205c6e7f36109633d03f7ff8ad0a07c7 StaticDependenciesID=48307a94e658c952df4ee24cb60039b4 
Number of updated asset objects reloaded before import = 0Number of asset objects unloaded after import = 2

========================================================================
Received Import Request.
  Time since last request: 1.228081 seconds.
  path: Assets/Palmov Island/Low Poly Atmospheric Locations Pack/Materials/texture main 208.mat
  importAddress: Guid(225aee96f45b6864fb026151e88cad42) Importer(2089858483,b0f066a214c2f5e87bad3c948f4d605d)
Start importing Assets/Palmov Island/Low Poly Atmospheric Locations Pack/Materials/texture main 208.mat using Guid(225aee96f45b6864fb026151e88cad42) Importer(2089858483,b0f066a214c2f5e87bad3c948f4d605d) (ScriptedImporter) -> (Import Result ID: '06b34ad4d8549a37c920611587b5479b') in 0.0110588 seconds [static and dynamic dependencies]. Details - ImportResultOutputID=e1f03de35d1d2d8b0c569b8d27ad74b4 DependenciesID=95984bbc151cc22ba5436675faaffbf3 StaticDependenciesID=dca90a29af6e946749b636053d6b9e2e 
Number of updated asset objects reloaded before import = 0Number of asset objects unloaded after import = 2

========================================================================
Received Import Request.
  Time since last request: 2.457991 seconds.
  path: Assets/Palmov Island/Low Poly Atmospheric Locations Pack/Materials/texture main 209.mat
  importAddress: Guid(9b6e1e87afe0ab04c8ea07d697790f16) Importer(2089858483,b0f066a214c2f5e87bad3c948f4d605d)
Start importing Assets/Palmov Island/Low Poly Atmospheric Locations Pack/Materials/texture main 209.mat using Guid(9b6e1e87afe0ab04c8ea07d697790f16) Importer(2089858483,b0f066a214c2f5e87bad3c948f4d605d) (ScriptedImporter) -> (Import Result ID: 'd1f7b5345f3810f77510200d5e322d84') in 0.0111003 seconds [static and dynamic dependencies]. Details - ImportResultOutputID=32f168607dd9f06fe07eda8818762e5a DependenciesID=6a241a0acf87b1853b06877eb61b3851 StaticDependenciesID=3b0b8f26354170f99f540affb804afdc 
Number of updated asset objects reloaded before import = 0Number of asset objects unloaded after import = 2

========================================================================
Received Import Request.
  Time since last request: 1.097664 seconds.
  path: Assets/Palmov Island/Low Poly Atmospheric Locations Pack/Materials/texture main 210.mat
  importAddress: Guid(94e1c1830797cb944a74b52d3af18cba) Importer(2089858483,b0f066a214c2f5e87bad3c948f4d605d)
Start importing Assets/Palmov Island/Low Poly Atmospheric Locations Pack/Materials/texture main 210.mat using Guid(94e1c1830797cb944a74b52d3af18cba) Importer(2089858483,b0f066a214c2f5e87bad3c948f4d605d) (ScriptedImporter) -> (Import Result ID: '12f39a4a448d0cfba02a836ea899542a') in 0.0108478 seconds [static and dynamic dependencies]. Details - ImportResultOutputID=aaa568f642dc4f3febc4f7116247fafe DependenciesID=1a12fe4937952064f23fafac5351ec18 StaticDependenciesID=d6d8a4f692f9df66b9656d94708db04e 
Number of updated asset objects reloaded before import = 0Number of asset objects unloaded after import = 2

========================================================================
Received Import Request.
  Time since last request: 1.370217 seconds.
  path: Assets/Palmov Island/Low Poly Atmospheric Locations Pack/Materials/texture main 211.mat
  importAddress: Guid(b9ee1feca9055b2498d84ad00686b004) Importer(2089858483,b0f066a214c2f5e87bad3c948f4d605d)
Start importing Assets/Palmov Island/Low Poly Atmospheric Locations Pack/Materials/texture main 211.mat using Guid(b9ee1feca9055b2498d84ad00686b004) Importer(2089858483,b0f066a214c2f5e87bad3c948f4d605d) (ScriptedImporter) -> (Import Result ID: '4bd7fc3e5a5c3e6840f6c3a273bfa520') in 0.0122838 seconds [static and dynamic dependencies]. Details - ImportResultOutputID=9e4d610a9b648f2a0df70b3eaebb4ea1 DependenciesID=02c61cb23e6923fde1503380471ca398 StaticDependenciesID=6ed7a0f4039880cec30014d329aad643 
Number of updated asset objects reloaded before import = 0Number of asset objects unloaded after import = 2

========================================================================
Received Import Request.
  Time since last request: 1.998104 seconds.
  path: Assets/Palmov Island/Low Poly Atmospheric Locations Pack/Materials/texture main 212.mat
  importAddress: Guid(cc7b74d80b1b4014d8fa0c4843957ec0) Importer(2089858483,b0f066a214c2f5e87bad3c948f4d605d)
Start importing Assets/Palmov Island/Low Poly Atmospheric Locations Pack/Materials/texture main 212.mat using Guid(cc7b74d80b1b4014d8fa0c4843957ec0) Importer(2089858483,b0f066a214c2f5e87bad3c948f4d605d) (ScriptedImporter) -> (Import Result ID: 'de7549ad5e147bf839769ee01856e90b') in 0.0107609 seconds [static and dynamic dependencies]. Details - ImportResultOutputID=829c3a0f03ea956c55f3b9cdbdfe0efd DependenciesID=9df4689a9c1f4ad38400c48b31fe2e57 StaticDependenciesID=06b930cfa4385ee23d8ff57f0af67432 
Number of updated asset objects reloaded before import = 0Number of asset objects unloaded after import = 2

========================================================================
Received Import Request.
  Time since last request: 1.302653 seconds.
  path: Assets/Palmov Island/Low Poly Atmospheric Locations Pack/Materials/texture main 213.mat
  importAddress: Guid(41a2185d7cab2f547ae62f28fa7f3e77) Importer(2089858483,b0f066a214c2f5e87bad3c948f4d605d)
Start importing Assets/Palmov Island/Low Poly Atmospheric Locations Pack/Materials/texture main 213.mat using Guid(41a2185d7cab2f547ae62f28fa7f3e77) Importer(2089858483,b0f066a214c2f5e87bad3c948f4d605d) (ScriptedImporter) -> (Import Result ID: '616b9ee8c393e5a7f3d5e3d058fd07d2') in 0.0110822 seconds [static and dynamic dependencies]. Details - ImportResultOutputID=ee4486eafe2ac089e1b8e648b92e5d43 DependenciesID=97664bbb193f115a26354aa6f1122b8c StaticDependenciesID=0d78bb3eee05df225c7933d7c1d26690 
Number of updated asset objects reloaded before import = 0Number of asset objects unloaded after import = 2

========================================================================
Received Import Request.
  Time since last request: 1.899771 seconds.
  path: Assets/Palmov Island/Low Poly Atmospheric Locations Pack/Materials/texture main 214.mat
  importAddress: Guid(d28e290533e82ea4cb64741b02dda922) Importer(2089858483,b0f066a214c2f5e87bad3c948f4d605d)
Start importing Assets/Palmov Island/Low Poly Atmospheric Locations Pack/Materials/texture main 214.mat using Guid(d28e290533e82ea4cb64741b02dda922) Importer(2089858483,b0f066a214c2f5e87bad3c948f4d605d) (ScriptedImporter) -> (Import Result ID: 'f59132b4a445ff7da863a1b937fdc893') in 0.0108242 seconds [static and dynamic dependencies]. Details - ImportResultOutputID=70f8b3b494f5bcaab57eb7bae6a771bb DependenciesID=3287bdf5a7c9556db4212bea59669fae StaticDependenciesID=1ec541528d7c29c8e99c831702593ca9 
Number of updated asset objects reloaded before import = 0Number of asset objects unloaded after import = 2

========================================================================
Received Import Request.
  Time since last request: 1.046138 seconds.
  path: Assets/Palmov Island/Low Poly Atmospheric Locations Pack/Materials/texture main 215.mat
  importAddress: Guid(4ce8d13cb09882e42ac745fe9b9c9766) Importer(2089858483,b0f066a214c2f5e87bad3c948f4d605d)
Start importing Assets/Palmov Island/Low Poly Atmospheric Locations Pack/Materials/texture main 215.mat using Guid(4ce8d13cb09882e42ac745fe9b9c9766) Importer(2089858483,b0f066a214c2f5e87bad3c948f4d605d) (ScriptedImporter) -> (Import Result ID: '356ab717fb8cb640d2938939457dcfbc') in 0.0116653 seconds [static and dynamic dependencies]. Details - ImportResultOutputID=200dc23566f66e0902ebad1cd85b1c30 DependenciesID=e4a8057c47fdcc7743b213c110c28bd5 StaticDependenciesID=1b214e8cace15b2d446baff9d9c31575 
Number of updated asset objects reloaded before import = 0Number of asset objects unloaded after import = 2

========================================================================
Received Import Request.
  Time since last request: 1.278100 seconds.
  path: Assets/Palmov Island/Low Poly Atmospheric Locations Pack/Materials/texture main 216.mat
  importAddress: Guid(96c5577285ef64d46bac37b15b6081ae) Importer(2089858483,b0f066a214c2f5e87bad3c948f4d605d)
Start importing Assets/Palmov Island/Low Poly Atmospheric Locations Pack/Materials/texture main 216.mat using Guid(96c5577285ef64d46bac37b15b6081ae) Importer(2089858483,b0f066a214c2f5e87bad3c948f4d605d) (ScriptedImporter) -> (Import Result ID: 'be7fcccda183738f5ed5fe6af95041d2') in 0.0111891 seconds [static and dynamic dependencies]. Details - ImportResultOutputID=e26a4e105058259c5dc262fc661bf982 DependenciesID=df99a7578749f8d7c1cdd2b66d8593a3 StaticDependenciesID=4bd6a6b3d002cac9cb06a9fb733eef77 
Number of updated asset objects reloaded before import = 0Number of asset objects unloaded after import = 2

========================================================================
Received Import Request.
  Time since last request: 1.314084 seconds.
  path: Assets/Palmov Island/Low Poly Atmospheric Locations Pack/Materials/texture main 217.mat
  importAddress: Guid(844089533acc2b84fb8ecb02ed026e1f) Importer(2089858483,b0f066a214c2f5e87bad3c948f4d605d)
Start importing Assets/Palmov Island/Low Poly Atmospheric Locations Pack/Materials/texture main 217.mat using Guid(844089533acc2b84fb8ecb02ed026e1f) Importer(2089858483,b0f066a214c2f5e87bad3c948f4d605d) (ScriptedImporter) -> (Import Result ID: '64908294600a2c6478d83de88e2a91f2') in 0.0120958 seconds [static and dynamic dependencies]. Details - ImportResultOutputID=673c3c3807369ddf662237363ef734a2 DependenciesID=f74978935331f85294a5482154cd70d3 StaticDependenciesID=f53346118bb4ccb1b07b468a78dffafe 
Number of updated asset objects reloaded before import = 0Number of asset objects unloaded after import = 2

========================================================================
Received Import Request.
  Time since last request: 1.203942 seconds.
  path: Assets/Palmov Island/Low Poly Atmospheric Locations Pack/Materials/texture main 218.mat
  importAddress: Guid(4977997e7ff1ab042ac3019c421fb9e7) Importer(2089858483,b0f066a214c2f5e87bad3c948f4d605d)
Start importing Assets/Palmov Island/Low Poly Atmospheric Locations Pack/Materials/texture main 218.mat using Guid(4977997e7ff1ab042ac3019c421fb9e7) Importer(2089858483,b0f066a214c2f5e87bad3c948f4d605d) (ScriptedImporter) -> (Import Result ID: '30ce7c9f6ea8d3675721089845d3b666') in 0.0108549 seconds [static and dynamic dependencies]. Details - ImportResultOutputID=91c86ca755f73e71146ebf3fb8051529 DependenciesID=9438024d9f2cc48c668d0c863e521614 StaticDependenciesID=e9e6dbb1b4554b008e7d30936e4956be 
Number of updated asset objects reloaded before import = 0Number of asset objects unloaded after import = 2

========================================================================
Received Import Request.
  Time since last request: 2.478277 seconds.
  path: Assets/Palmov Island/Low Poly Atmospheric Locations Pack/Materials/texture main 219.mat
  importAddress: Guid(b0186c3044dfa7a4e844885b2e399829) Importer(2089858483,b0f066a214c2f5e87bad3c948f4d605d)
Start importing Assets/Palmov Island/Low Poly Atmospheric Locations Pack/Materials/texture main 219.mat using Guid(b0186c3044dfa7a4e844885b2e399829) Importer(2089858483,b0f066a214c2f5e87bad3c948f4d605d) (ScriptedImporter) -> (Import Result ID: 'f226b49290d326c4f54fc9ea54121adc') in 0.0125862 seconds [static and dynamic dependencies]. Details - ImportResultOutputID=fe2189089996da12e9c8d0090d743c04 DependenciesID=5e3b6cdd81babc02e3b103963a787264 StaticDependenciesID=39c5957c7ae43d7609867dd5464a741a 
Number of updated asset objects reloaded before import = 0Number of asset objects unloaded after import = 2

========================================================================
Received Import Request.
  Time since last request: 3.358579 seconds.
  path: Assets/Palmov Island/Low Poly Atmospheric Locations Pack/Materials/texture main 220.mat
  importAddress: Guid(80f8030cf53ed5748b28ebd4d85b323e) Importer(2089858483,b0f066a214c2f5e87bad3c948f4d605d)
Start importing Assets/Palmov Island/Low Poly Atmospheric Locations Pack/Materials/texture main 220.mat using Guid(80f8030cf53ed5748b28ebd4d85b323e) Importer(2089858483,b0f066a214c2f5e87bad3c948f4d605d) (ScriptedImporter) -> (Import Result ID: '7b7de4918649ce13f49ba92aecbd0546') in 0.0115946 seconds [static and dynamic dependencies]. Details - ImportResultOutputID=3ea0540004f539bbbd6c875212d81d30 DependenciesID=913bb5fe5f0d07d5038437b40f71e9b6 StaticDependenciesID=1ebf47f380673c3fd7f854f5f2f6612f 
Number of updated asset objects reloaded before import = 0Number of asset objects unloaded after import = 2

========================================================================
Received Import Request.
  Time since last request: 0.000021 seconds.
  path: Assets/Palmov Island/Low Poly Atmospheric Locations Pack/Materials/texture main 222.mat
  importAddress: Guid(f373a5e9c6fa5494d89869d9dd3168b4) Importer(2089858483,b0f066a214c2f5e87bad3c948f4d605d)
Start importing Assets/Palmov Island/Low Poly Atmospheric Locations Pack/Materials/texture main 222.mat using Guid(f373a5e9c6fa5494d89869d9dd3168b4) Importer(2089858483,b0f066a214c2f5e87bad3c948f4d605d) (ScriptedImporter) -> (Import Result ID: '5125e9fe500877906334371a546adb3e') in 0.0114724 seconds [static and dynamic dependencies]. Details - ImportResultOutputID=6a7c9056285b067eb1f381a6a568025a DependenciesID=e3788ff543a2f3a55c2c6d1aac964029 StaticDependenciesID=99bfdbd198555a1c68f6ecc31e190504 
Number of updated asset objects reloaded before import = 0Number of asset objects unloaded after import = 2

========================================================================
Received Import Request.
  Time since last request: 4.517323 seconds.
  path: Assets/Palmov Island/Low Poly Atmospheric Locations Pack/Materials/texture main 223.mat
  importAddress: Guid(73e9eb0fb916c7142b7a37e373cc54b5) Importer(2089858483,b0f066a214c2f5e87bad3c948f4d605d)
Start importing Assets/Palmov Island/Low Poly Atmospheric Locations Pack/Materials/texture main 223.mat using Guid(73e9eb0fb916c7142b7a37e373cc54b5) Importer(2089858483,b0f066a214c2f5e87bad3c948f4d605d) (ScriptedImporter) -> (Import Result ID: '814b4796fc727432d52325703df0d1c3') in 0.0115135 seconds [static and dynamic dependencies]. Details - ImportResultOutputID=76433f6c77b46d1b26c884aabf669cf6 DependenciesID=8dfa8491cebde6fc565091901221e10d StaticDependenciesID=b14720de6462f438b83afdd8a6b626e0 
Number of updated asset objects reloaded before import = 0Number of asset objects unloaded after import = 2

========================================================================
Received Import Request.
  Time since last request: 0.000021 seconds.
  path: Assets/Palmov Island/Low Poly Atmospheric Locations Pack/Materials/texture main 225.mat
  importAddress: Guid(cb9b10b2ecc81994c8f2a6485c484e93) Importer(2089858483,b0f066a214c2f5e87bad3c948f4d605d)
Start importing Assets/Palmov Island/Low Poly Atmospheric Locations Pack/Materials/texture main 225.mat using Guid(cb9b10b2ecc81994c8f2a6485c484e93) Importer(2089858483,b0f066a214c2f5e87bad3c948f4d605d) (ScriptedImporter) -> (Import Result ID: '3547bbf49afbf37447ac449e28d29421') in 0.0104002 seconds [static and dynamic dependencies]. Details - ImportResultOutputID=2f5b8599314c9d9a79322f71b4d4e330 DependenciesID=7b63a875d1110875e91ce3974e7fa690 StaticDependenciesID=d2d25290f7d63c38724e6e338b0d82ef 
Number of updated asset objects reloaded before import = 0Number of asset objects unloaded after import = 2

========================================================================
Received Import Request.
  Time since last request: 2.098873 seconds.
  path: Assets/Palmov Island/Low Poly Atmospheric Locations Pack/Materials/texture main 227.mat
  importAddress: Guid(e99ec4cecb4abfe4281e135676a5a4d5) Importer(2089858483,b0f066a214c2f5e87bad3c948f4d605d)
Start importing Assets/Palmov Island/Low Poly Atmospheric Locations Pack/Materials/texture main 227.mat using Guid(e99ec4cecb4abfe4281e135676a5a4d5) Importer(2089858483,b0f066a214c2f5e87bad3c948f4d605d) (ScriptedImporter) -> (Import Result ID: '2560959e7132729a28d236d954181e36') in 0.010918 seconds [static and dynamic dependencies]. Details - ImportResultOutputID=2a1bdca2f02c4d993a140774ab3fc862 DependenciesID=c9385baa161f5701717fd60085d31503 StaticDependenciesID=b233e93a437c7840feb2763e8bdff455 
Number of updated asset objects reloaded before import = 0Number of asset objects unloaded after import = 2

========================================================================
Received Import Request.
  Time since last request: 2.484662 seconds.
  path: Assets/Palmov Island/Low Poly Atmospheric Locations Pack/Materials/texture main 229.mat
  importAddress: Guid(6e7a6fa38b9557649a1495d9080c27b7) Importer(2089858483,b0f066a214c2f5e87bad3c948f4d605d)
Start importing Assets/Palmov Island/Low Poly Atmospheric Locations Pack/Materials/texture main 229.mat using Guid(6e7a6fa38b9557649a1495d9080c27b7) Importer(2089858483,b0f066a214c2f5e87bad3c948f4d605d) (ScriptedImporter) -> (Import Result ID: '6d177e8e7459c7138b9e0efe7e001304') in 0.01103 seconds [static and dynamic dependencies]. Details - ImportResultOutputID=6161edecf2dbb146c611fc50bc6a344f DependenciesID=7d1392feecf7da191aec10229c30092f StaticDependenciesID=fa94e424b5ed5aa765572b7f50cdcf88 
Number of updated asset objects reloaded before import = 0Number of asset objects unloaded after import = 2

========================================================================
Received Import Request.
  Time since last request: 2.736573 seconds.
  path: Assets/Palmov Island/Low Poly Atmospheric Locations Pack/Materials/texture main 231.mat
  importAddress: Guid(61e1dc747485c42438b1547a113618c0) Importer(2089858483,b0f066a214c2f5e87bad3c948f4d605d)
Start importing Assets/Palmov Island/Low Poly Atmospheric Locations Pack/Materials/texture main 231.mat using Guid(61e1dc747485c42438b1547a113618c0) Importer(2089858483,b0f066a214c2f5e87bad3c948f4d605d) (ScriptedImporter) -> (Import Result ID: '8cd97482c6b2ec690e7e57015eb02192') in 0.0126108 seconds [static and dynamic dependencies]. Details - ImportResultOutputID=54c8b45d08688c45b282ef7b1bd33496 DependenciesID=d14f17629809fc3a4dee137fd94e347e StaticDependenciesID=005ae08d3260742edb7a6be58c1af7ea 
Number of updated asset objects reloaded before import = 0Number of asset objects unloaded after import = 2

========================================================================
Received Import Request.
  Time since last request: 1.461794 seconds.
  path: Assets/Palmov Island/Low Poly Atmospheric Locations Pack/Materials/texture main 232.mat
  importAddress: Guid(fce7841e013641f4a89f3f5fad8eaa08) Importer(2089858483,b0f066a214c2f5e87bad3c948f4d605d)
Start importing Assets/Palmov Island/Low Poly Atmospheric Locations Pack/Materials/texture main 232.mat using Guid(fce7841e013641f4a89f3f5fad8eaa08) Importer(2089858483,b0f066a214c2f5e87bad3c948f4d605d) (ScriptedImporter) -> (Import Result ID: 'dfb31add30ab364c79b02efd3518a2b6') in 0.0120345 seconds [static and dynamic dependencies]. Details - ImportResultOutputID=c897670856b278427e4f2ed1f364fc2d DependenciesID=44c77d2e4d0684bba9f91f34ddd74c83 StaticDependenciesID=076b3c91110685829957dba8a5faf5b6 
Number of updated asset objects reloaded before import = 0Number of asset objects unloaded after import = 2

========================================================================
Received Import Request.
  Time since last request: 1.401055 seconds.
  path: Assets/Palmov Island/Low Poly Atmospheric Locations Pack/Materials/texture main 233.mat
  importAddress: Guid(77b8576a0a0858c4ab34a8b8c45a1dbd) Importer(2089858483,b0f066a214c2f5e87bad3c948f4d605d)
Start importing Assets/Palmov Island/Low Poly Atmospheric Locations Pack/Materials/texture main 233.mat using Guid(77b8576a0a0858c4ab34a8b8c45a1dbd) Importer(2089858483,b0f066a214c2f5e87bad3c948f4d605d) (ScriptedImporter) -> (Import Result ID: 'e3bffaef3059e434e37ffe6f4c382d4e') in 0.0125991 seconds [static and dynamic dependencies]. Details - ImportResultOutputID=e288f53cec74d4d28d480335483a1c91 DependenciesID=22c383eaa7d30d292a9b15cb267f49d9 StaticDependenciesID=d72ea8bd25de79ec3681d607990b5aa7 
Number of updated asset objects reloaded before import = 0Number of asset objects unloaded after import = 2

========================================================================
Received Import Request.
  Time since last request: 1.587478 seconds.
  path: Assets/Palmov Island/Low Poly Atmospheric Locations Pack/Materials/texture main 234.mat
  importAddress: Guid(8ce76a4b7fffbc0428c2258c7213807a) Importer(2089858483,b0f066a214c2f5e87bad3c948f4d605d)
Start importing Assets/Palmov Island/Low Poly Atmospheric Locations Pack/Materials/texture main 234.mat using Guid(8ce76a4b7fffbc0428c2258c7213807a) Importer(2089858483,b0f066a214c2f5e87bad3c948f4d605d) (ScriptedImporter) -> (Import Result ID: 'f8bccadb2c9258fb0ab4cb2dbca26fe6') in 0.0118649 seconds [static and dynamic dependencies]. Details - ImportResultOutputID=4a5eeffb0287ce90936b0eb780fb76f8 DependenciesID=3e00e3a38fc221761c36d52b04220243 StaticDependenciesID=492bad7b11721ee7676be3e7cbe32bf5 
Number of updated asset objects reloaded before import = 0Number of asset objects unloaded after import = 2

========================================================================
Received Import Request.
  Time since last request: 2.017385 seconds.
  path: Assets/Palmov Island/Low Poly Atmospheric Locations Pack/Materials/texture main 235.mat
  importAddress: Guid(a20b7a98e02697b408d21573bff0fb5e) Importer(2089858483,b0f066a214c2f5e87bad3c948f4d605d)
Start importing Assets/Palmov Island/Low Poly Atmospheric Locations Pack/Materials/texture main 235.mat using Guid(a20b7a98e02697b408d21573bff0fb5e) Importer(2089858483,b0f066a214c2f5e87bad3c948f4d605d) (ScriptedImporter) -> (Import Result ID: '66189cfde134cf88f35d0f5f501e0238') in 0.0117424 seconds [static and dynamic dependencies]. Details - ImportResultOutputID=05f278b881f3d5e9f36effe5adc05e96 DependenciesID=c3ccc281a21bda19e5ee45b2800c67a4 StaticDependenciesID=342286c4498a11566187e98559ca8eb7 
Number of updated asset objects reloaded before import = 0Number of asset objects unloaded after import = 2

========================================================================
Received Import Request.
  Time since last request: 1.433018 seconds.
  path: Assets/Palmov Island/Low Poly Atmospheric Locations Pack/Materials/texture main 236.mat
  importAddress: Guid(eaec7780f24231646bd47114cf7e72d2) Importer(2089858483,b0f066a214c2f5e87bad3c948f4d605d)
Start importing Assets/Palmov Island/Low Poly Atmospheric Locations Pack/Materials/texture main 236.mat using Guid(eaec7780f24231646bd47114cf7e72d2) Importer(2089858483,b0f066a214c2f5e87bad3c948f4d605d) (ScriptedImporter) -> (Import Result ID: '6242759affa600f7e1bba015f78c22cf') in 0.0104042 seconds [static and dynamic dependencies]. Details - ImportResultOutputID=09086e0f1ba7ec9036a13aba40165ca4 DependenciesID=54b409797c61420ad9b754e60af98a30 StaticDependenciesID=6d6151f07617f07304bce6e989d82976 
Number of updated asset objects reloaded before import = 0Number of asset objects unloaded after import = 2

========================================================================
Received Import Request.
  Time since last request: 64.870524 seconds.
  path: Assets/Palmov Island/Low Poly Atmospheric Locations Pack/Materials/texture main 237.mat
  importAddress: Guid(2eb99c91f5beccf469b609291fde7538) Importer(2089858483,b0f066a214c2f5e87bad3c948f4d605d)
Start importing Assets/Palmov Island/Low Poly Atmospheric Locations Pack/Materials/texture main 237.mat using Guid(2eb99c91f5beccf469b609291fde7538) Importer(2089858483,b0f066a214c2f5e87bad3c948f4d605d) (ScriptedImporter) -> (Import Result ID: 'a8c72619d427a680592e59f5fbd58588') in 0.0109076 seconds [static and dynamic dependencies]. Details - ImportResultOutputID=5882775ff61c11d9fdc65dec866e0bcd DependenciesID=50e89db46dac62b835cd3cd4132a0527 StaticDependenciesID=065c4fa36a06534649e7d663549aea45 
Number of updated asset objects reloaded before import = 0Number of asset objects unloaded after import = 2

========================================================================
Received Import Request.
  Time since last request: 2.205712 seconds.
  path: Assets/Palmov Island/Low Poly Atmospheric Locations Pack/Materials/texture main 239.mat
  importAddress: Guid(59c916c037cd1ae4198f692a65ccc3ac) Importer(2089858483,b0f066a214c2f5e87bad3c948f4d605d)
Start importing Assets/Palmov Island/Low Poly Atmospheric Locations Pack/Materials/texture main 239.mat using Guid(59c916c037cd1ae4198f692a65ccc3ac) Importer(2089858483,b0f066a214c2f5e87bad3c948f4d605d) (ScriptedImporter) -> (Import Result ID: 'db1d22ca35a47c9b7b1a9c9dd03b6e7e') in 0.010075 seconds [static and dynamic dependencies]. Details - ImportResultOutputID=f7c527dee8fc2cd8166866be1662e278 DependenciesID=ac70563b4c0a3cf95d823d4fee8870ca StaticDependenciesID=988dcfab2998d674a7eaeed9747df9e3 
Number of updated asset objects reloaded before import = 0Number of asset objects unloaded after import = 2

========================================================================
Received Import Request.
  Time since last request: 1.307924 seconds.
  path: Assets/Palmov Island/Low Poly Atmospheric Locations Pack/Materials/texture main 241.mat
  importAddress: Guid(68cd449a9fc452c4095cfed66a706235) Importer(2089858483,b0f066a214c2f5e87bad3c948f4d605d)
Start importing Assets/Palmov Island/Low Poly Atmospheric Locations Pack/Materials/texture main 241.mat using Guid(68cd449a9fc452c4095cfed66a706235) Importer(2089858483,b0f066a214c2f5e87bad3c948f4d605d) (ScriptedImporter) -> (Import Result ID: '70470415f087834222cd5c4daeb767ac') in 0.0108442 seconds [static and dynamic dependencies]. Details - ImportResultOutputID=581f7f8e7698871d241fc03e33a1ae92 DependenciesID=7a3c0b9490e0e09c3efe23d8f6ead4b6 StaticDependenciesID=1caef782ad703f2b910f7b216edafd65 
Number of updated asset objects reloaded before import = 0Number of asset objects unloaded after import = 2

========================================================================
Received Import Request.
  Time since last request: 1.208730 seconds.
  path: Assets/Palmov Island/Low Poly Atmospheric Locations Pack/Materials/texture main 242.mat
  importAddress: Guid(906fdad9b18ae1d4a9a0d673e4da81d7) Importer(2089858483,b0f066a214c2f5e87bad3c948f4d605d)
Start importing Assets/Palmov Island/Low Poly Atmospheric Locations Pack/Materials/texture main 242.mat using Guid(906fdad9b18ae1d4a9a0d673e4da81d7) Importer(2089858483,b0f066a214c2f5e87bad3c948f4d605d) (ScriptedImporter) -> (Import Result ID: '620f0c520b8b4038c34cfc92818d826e') in 0.0116972 seconds [static and dynamic dependencies]. Details - ImportResultOutputID=e273e8b07ffc285558100ba06405b52c DependenciesID=60dccc240520f5669dc3c241f8896dbf StaticDependenciesID=25e5ba61c391a765e2dd304393b1b29a 
Number of updated asset objects reloaded before import = 0Number of asset objects unloaded after import = 2

========================================================================
Received Import Request.
  Time since last request: 1.476756 seconds.
  path: Assets/Palmov Island/Low Poly Atmospheric Locations Pack/Materials/texture main 243.mat
  importAddress: Guid(8264bb0acac7de84990b4bee2db39d66) Importer(2089858483,b0f066a214c2f5e87bad3c948f4d605d)
Start importing Assets/Palmov Island/Low Poly Atmospheric Locations Pack/Materials/texture main 243.mat using Guid(8264bb0acac7de84990b4bee2db39d66) Importer(2089858483,b0f066a214c2f5e87bad3c948f4d605d) (ScriptedImporter) -> (Import Result ID: '3aef8b4a3367496b6697ecb4d262fc6b') in 0.0123013 seconds [static and dynamic dependencies]. Details - ImportResultOutputID=dad4012fda9edf0977e5c2437e75afaa DependenciesID=20ea2978876004300c36085d5f6ba8a6 StaticDependenciesID=a1dc488751abd45a8b77baa710716a94 
Number of updated asset objects reloaded before import = 0Number of asset objects unloaded after import = 2

========================================================================
Received Import Request.
  Time since last request: 1.153997 seconds.
  path: Assets/Palmov Island/Low Poly Atmospheric Locations Pack/Materials/texture main 244.mat
  importAddress: Guid(6d57a8f8101566b498857d45a792bd3f) Importer(2089858483,b0f066a214c2f5e87bad3c948f4d605d)
Start importing Assets/Palmov Island/Low Poly Atmospheric Locations Pack/Materials/texture main 244.mat using Guid(6d57a8f8101566b498857d45a792bd3f) Importer(2089858483,b0f066a214c2f5e87bad3c948f4d605d) (ScriptedImporter) -> (Import Result ID: 'c5a34e923fce2a0127b23db74239bb94') in 0.0108604 seconds [static and dynamic dependencies]. Details - ImportResultOutputID=882c5b1605dd4c65bf206c940b455337 DependenciesID=1be89e54ed62f607894a26aaa4dc3937 StaticDependenciesID=87e0cbcf7a8a42e1abaef5736d27c0c8 
Number of updated asset objects reloaded before import = 0Number of asset objects unloaded after import = 2

========================================================================
Received Import Request.
  Time since last request: 1.344819 seconds.
  path: Assets/Palmov Island/Low Poly Atmospheric Locations Pack/Materials/texture main 245.mat
  importAddress: Guid(06d3ac44ac764f447a4c31d3f0b6565b) Importer(2089858483,b0f066a214c2f5e87bad3c948f4d605d)
Start importing Assets/Palmov Island/Low Poly Atmospheric Locations Pack/Materials/texture main 245.mat using Guid(06d3ac44ac764f447a4c31d3f0b6565b) Importer(2089858483,b0f066a214c2f5e87bad3c948f4d605d) (ScriptedImporter) -> (Import Result ID: '05ff859ec081f21c3b933de952ac8c90') in 0.0111514 seconds [static and dynamic dependencies]. Details - ImportResultOutputID=5b7f969eaac53db712b8f312883df337 DependenciesID=3dc3c4069beaae0d4f8479e10ede9c8b StaticDependenciesID=68b2d1f658fbafb5773a86f14c3bf746 
Number of updated asset objects reloaded before import = 0Number of asset objects unloaded after import = 2

========================================================================
Received Import Request.
  Time since last request: 1.374817 seconds.
  path: Assets/Palmov Island/Low Poly Atmospheric Locations Pack/Materials/texture main 246.mat
  importAddress: Guid(d7b9d7e38adb19946bc823973a817698) Importer(2089858483,b0f066a214c2f5e87bad3c948f4d605d)
Start importing Assets/Palmov Island/Low Poly Atmospheric Locations Pack/Materials/texture main 246.mat using Guid(d7b9d7e38adb19946bc823973a817698) Importer(2089858483,b0f066a214c2f5e87bad3c948f4d605d) (ScriptedImporter) -> (Import Result ID: '735a1da489f919c1467759a356e31607') in 0.0122087 seconds [static and dynamic dependencies]. Details - ImportResultOutputID=91cd886ce2d78d86a4b6cfaf7119e0e5 DependenciesID=38507d7fd48b17139c734ef62804447d StaticDependenciesID=5d1d1339b1be3f83ab39efa455fbf8ac 
Number of updated asset objects reloaded before import = 0Number of asset objects unloaded after import = 2

========================================================================
Received Import Request.
  Time since last request: 1.193796 seconds.
  path: Assets/Palmov Island/Low Poly Atmospheric Locations Pack/Materials/texture main 247.mat
  importAddress: Guid(6a718aa7eab66f644badf83b1a462e50) Importer(2089858483,b0f066a214c2f5e87bad3c948f4d605d)
Start importing Assets/Palmov Island/Low Poly Atmospheric Locations Pack/Materials/texture main 247.mat using Guid(6a718aa7eab66f644badf83b1a462e50) Importer(2089858483,b0f066a214c2f5e87bad3c948f4d605d) (ScriptedImporter) -> (Import Result ID: 'c8ead0fed3cc2ecc66070420a8ffd998') in 0.0121926 seconds [static and dynamic dependencies]. Details - ImportResultOutputID=8551bb2d51761ac13af927ab0acf8663 DependenciesID=0e0850725c807039ea563fce1f20f3c7 StaticDependenciesID=43ee02104161f904dbfcde42107673d1 
Number of updated asset objects reloaded before import = 0Number of asset objects unloaded after import = 2

========================================================================
Received Import Request.
  Time since last request: 1.040540 seconds.
  path: Assets/Palmov Island/Low Poly Atmospheric Locations Pack/Materials/texture main 248.mat
  importAddress: Guid(0aca7c44bdd8f414088a91022aece2a8) Importer(2089858483,b0f066a214c2f5e87bad3c948f4d605d)
Start importing Assets/Palmov Island/Low Poly Atmospheric Locations Pack/Materials/texture main 248.mat using Guid(0aca7c44bdd8f414088a91022aece2a8) Importer(2089858483,b0f066a214c2f5e87bad3c948f4d605d) (ScriptedImporter) -> (Import Result ID: '5866a0a0d118729ab282d86c1796cd9a') in 0.0110552 seconds [static and dynamic dependencies]. Details - ImportResultOutputID=399eea6ecde0ee0f7beedfe56f866cee DependenciesID=4ea6f7a0de46af81777424a5048cc0fb StaticDependenciesID=fb814ae55cbc58741e22afaafdb809a0 
Number of updated asset objects reloaded before import = 0Number of asset objects unloaded after import = 2

========================================================================
Received Import Request.
  Time since last request: 1.728648 seconds.
  path: Assets/Palmov Island/Low Poly Atmospheric Locations Pack/Materials/texture main 249.mat
  importAddress: Guid(a6675f58d9f58cc4889b1824ef6759e7) Importer(2089858483,b0f066a214c2f5e87bad3c948f4d605d)
Start importing Assets/Palmov Island/Low Poly Atmospheric Locations Pack/Materials/texture main 249.mat using Guid(a6675f58d9f58cc4889b1824ef6759e7) Importer(2089858483,b0f066a214c2f5e87bad3c948f4d605d) (ScriptedImporter) -> (Import Result ID: '057c2a661cccf13711ab4cd6ff5c8b3b') in 0.010242 seconds [static and dynamic dependencies]. Details - ImportResultOutputID=1810be0e4e6d5ce14614318602348c4c DependenciesID=c02856e238ebc6bdec8899fd0ba858db StaticDependenciesID=cfa7300f508e87a2a075a426d21c2e8d 
Number of updated asset objects reloaded before import = 0Number of asset objects unloaded after import = 2

========================================================================
Received Import Request.
  Time since last request: 2.982208 seconds.
  path: Assets/Palmov Island/Low Poly Atmospheric Locations Pack/Materials/texture main 250.mat
  importAddress: Guid(37f4624f3d13b9541a93023a38d71304) Importer(2089858483,b0f066a214c2f5e87bad3c948f4d605d)
Start importing Assets/Palmov Island/Low Poly Atmospheric Locations Pack/Materials/texture main 250.mat using Guid(37f4624f3d13b9541a93023a38d71304) Importer(2089858483,b0f066a214c2f5e87bad3c948f4d605d) (ScriptedImporter) -> (Import Result ID: 'af399664000c609cecb8cd3ef8dfece9') in 0.0116508 seconds [static and dynamic dependencies]. Details - ImportResultOutputID=a42f8d07c8477d04a7273acef742d857 DependenciesID=ba8bbf89d73a89addfb8b75c56e3cb75 StaticDependenciesID=910478fdf4be7b238a887f6d0b04daa9 
Number of updated asset objects reloaded before import = 0Number of asset objects unloaded after import = 2

========================================================================
Received Import Request.
  Time since last request: 11.148727 seconds.
  path: Assets/Palmov Island/Low Poly Atmospheric Locations Pack/Materials/texture main 251.mat
  importAddress: Guid(541ec1f34bafe8448b447b12acfc5362) Importer(2089858483,b0f066a214c2f5e87bad3c948f4d605d)
Start importing Assets/Palmov Island/Low Poly Atmospheric Locations Pack/Materials/texture main 251.mat using Guid(541ec1f34bafe8448b447b12acfc5362) Importer(2089858483,b0f066a214c2f5e87bad3c948f4d605d) (ScriptedImporter) -> (Import Result ID: 'bdd531fcbee9d6c141743af8419e8f8c') in 0.0109851 seconds [static and dynamic dependencies]. Details - ImportResultOutputID=d57194fbd0ce7e53e4565e6f0e4bf73e DependenciesID=8de5c94bbabce9be09a487b5dd0346e1 StaticDependenciesID=22fe8306c5ce60dfff1f03208d52a26f 
Number of updated asset objects reloaded before import = 0Number of asset objects unloaded after import = 2

========================================================================
Received Import Request.
  Time since last request: 2.903855 seconds.
  path: Assets/Palmov Island/Low Poly Atmospheric Locations Pack/Materials/texture main 252.mat
  importAddress: Guid(3a7da494349dfc347bea457f4a8d823d) Importer(2089858483,b0f066a214c2f5e87bad3c948f4d605d)
Start importing Assets/Palmov Island/Low Poly Atmospheric Locations Pack/Materials/texture main 252.mat using Guid(3a7da494349dfc347bea457f4a8d823d) Importer(2089858483,b0f066a214c2f5e87bad3c948f4d605d) (ScriptedImporter) -> (Import Result ID: '32ca644e0f9c99c2fcb272d1c4aa4a90') in 0.0109826 seconds [static and dynamic dependencies]. Details - ImportResultOutputID=2a46d8f80d1f9f8dae16199db5bbc70a DependenciesID=b6690bcdf5eb76db5dc16624ff85e5fe StaticDependenciesID=eef835d5346288267d6705c755996ff5 
Number of updated asset objects reloaded before import = 0Number of asset objects unloaded after import = 2

========================================================================
Received Import Request.
  Time since last request: 1.541734 seconds.
  path: Assets/Palmov Island/Low Poly Atmospheric Locations Pack/Materials/texture main 253.mat
  importAddress: Guid(7eeefece5b457ce4ea08acd7fb019f0d) Importer(2089858483,b0f066a214c2f5e87bad3c948f4d605d)
Start importing Assets/Palmov Island/Low Poly Atmospheric Locations Pack/Materials/texture main 253.mat using Guid(7eeefece5b457ce4ea08acd7fb019f0d) Importer(2089858483,b0f066a214c2f5e87bad3c948f4d605d) (ScriptedImporter) -> (Import Result ID: '9b4784644ed76059055fe1265b97654e') in 0.0120634 seconds [static and dynamic dependencies]. Details - ImportResultOutputID=5c720248f635a6b87ae99bfc53354e89 DependenciesID=25acc27a83e522cfee5cde63483c120a StaticDependenciesID=6d43fe454a1968ae16640b9d71c82c0b 
Number of updated asset objects reloaded before import = 0Number of asset objects unloaded after import = 2

========================================================================
Received Import Request.
  Time since last request: 2.338285 seconds.
  path: Assets/Palmov Island/Low Poly Atmospheric Locations Pack/Materials/texture main 254.mat
  importAddress: Guid(bcd6cfea0e065c74f8aca6a63f35d830) Importer(2089858483,b0f066a214c2f5e87bad3c948f4d605d)
Start importing Assets/Palmov Island/Low Poly Atmospheric Locations Pack/Materials/texture main 254.mat using Guid(bcd6cfea0e065c74f8aca6a63f35d830) Importer(2089858483,b0f066a214c2f5e87bad3c948f4d605d) (ScriptedImporter) -> (Import Result ID: '2315f1a7358b60bc975df8595bbfd059') in 0.0114345 seconds [static and dynamic dependencies]. Details - ImportResultOutputID=dd4910753868ae204ae7bb4c53b3180d DependenciesID=07b48afd79c9d0358d5aa9ad716217bc StaticDependenciesID=f90f385be6b528d927ca83ed35c8f503 
Number of updated asset objects reloaded before import = 0Number of asset objects unloaded after import = 2

========================================================================
Received Import Request.
  Time since last request: 1.580476 seconds.
  path: Assets/Palmov Island/Low Poly Atmospheric Locations Pack/Materials/texture main 255.mat
  importAddress: Guid(e3168e41327ce404482fdd366b16f9ba) Importer(2089858483,b0f066a214c2f5e87bad3c948f4d605d)
Start importing Assets/Palmov Island/Low Poly Atmospheric Locations Pack/Materials/texture main 255.mat using Guid(e3168e41327ce404482fdd366b16f9ba) Importer(2089858483,b0f066a214c2f5e87bad3c948f4d605d) (ScriptedImporter) -> (Import Result ID: '63735ae4603e1d8ff25dbfb5b4a7acfc') in 0.0148257 seconds [static and dynamic dependencies]. Details - ImportResultOutputID=37d430b470df8c94453f669db226f3bf DependenciesID=fc11beeae4d591bb755dedeba33414e5 StaticDependenciesID=358d955a8ef822a83ce27ad611f0d4e8 
Number of updated asset objects reloaded before import = 0Number of asset objects unloaded after import = 2

========================================================================
Received Import Request.
  Time since last request: 1.549261 seconds.
  path: Assets/Palmov Island/Low Poly Atmospheric Locations Pack/Materials/texture main 256.mat
  importAddress: Guid(d7f6655741299114189eda93663ea0e1) Importer(2089858483,b0f066a214c2f5e87bad3c948f4d605d)
Start importing Assets/Palmov Island/Low Poly Atmospheric Locations Pack/Materials/texture main 256.mat using Guid(d7f6655741299114189eda93663ea0e1) Importer(2089858483,b0f066a214c2f5e87bad3c948f4d605d) (ScriptedImporter) -> (Import Result ID: '67bfa2ffcf49ed404cdd23969df1ee09') in 0.0111236 seconds [static and dynamic dependencies]. Details - ImportResultOutputID=dc57069d952daef3598d1f8772dc90a4 DependenciesID=6d4d044fbf6c06cdfa9b421d022948dd StaticDependenciesID=5709b2ee1ab4f779d43c738b8aac9c0d 
Number of updated asset objects reloaded before import = 0Number of asset objects unloaded after import = 2

========================================================================
Received Import Request.
  Time since last request: 4.134999 seconds.
  path: Assets/Palmov Island/Low Poly Atmospheric Locations Pack/Materials/texture main 257.mat
  importAddress: Guid(b4de8966d138619488c288086a3a5b4d) Importer(2089858483,b0f066a214c2f5e87bad3c948f4d605d)
Start importing Assets/Palmov Island/Low Poly Atmospheric Locations Pack/Materials/texture main 257.mat using Guid(b4de8966d138619488c288086a3a5b4d) Importer(2089858483,b0f066a214c2f5e87bad3c948f4d605d) (ScriptedImporter) -> (Import Result ID: '1ec17434ed4091e9711f0a225d5930d5') in 0.0103983 seconds [static and dynamic dependencies]. Details - ImportResultOutputID=f22c7d4be4c2fd2beb346c29999bec62 DependenciesID=cc39674b983d8f09dc590da395ad8c3c StaticDependenciesID=6cd5ab6b7c75fe3fcf9b58b50d46bf4e 
Number of updated asset objects reloaded before import = 0Number of asset objects unloaded after import = 2

========================================================================
Received Import Request.
  Time since last request: 107.020368 seconds.
  path: Assets/Palmov Island/Low Poly Atmospheric Locations Pack/Materials/texture main 258.mat
  importAddress: Guid(3257fe1458357a84788c2d17dc007efa) Importer(2089858483,b0f066a214c2f5e87bad3c948f4d605d)
Start importing Assets/Palmov Island/Low Poly Atmospheric Locations Pack/Materials/texture main 258.mat using Guid(3257fe1458357a84788c2d17dc007efa) Importer(2089858483,b0f066a214c2f5e87bad3c948f4d605d) (ScriptedImporter) -> (Import Result ID: 'c33e887ebd34ac27803192df71255290') in 0.0128384 seconds [static and dynamic dependencies]. Details - ImportResultOutputID=731aa2df34930d148c63abe458a34d3f DependenciesID=794d80abb774a22243b44b3e718ef52d StaticDependenciesID=3fa6bc3c3d6241da6988fd6a9464a9a3 
Number of updated asset objects reloaded before import = 0Number of asset objects unloaded after import = 2

========================================================================
Received Import Request.
  Time since last request: 1.260147 seconds.
  path: Assets/Palmov Island/Low Poly Atmospheric Locations Pack/Materials/texture main 259.mat
  importAddress: Guid(ba679a311d6aa9e4cbcaa936a29dc747) Importer(2089858483,b0f066a214c2f5e87bad3c948f4d605d)
Start importing Assets/Palmov Island/Low Poly Atmospheric Locations Pack/Materials/texture main 259.mat using Guid(ba679a311d6aa9e4cbcaa936a29dc747) Importer(2089858483,b0f066a214c2f5e87bad3c948f4d605d) (ScriptedImporter) -> (Import Result ID: 'bb94d7e78e377ad7a75e7d4108de1bed') in 0.0110017 seconds [static and dynamic dependencies]. Details - ImportResultOutputID=bbded795ac9a5fe3d2557ad900dafbb6 DependenciesID=d783d595d7daee5e13742fce7c5bb5dc StaticDependenciesID=9c66be5cf7f41afeb43fe8a7623db088 
Number of updated asset objects reloaded before import = 0Number of asset objects unloaded after import = 2

========================================================================
Received Import Request.
  Time since last request: 1.455908 seconds.
  path: Assets/Palmov Island/Low Poly Atmospheric Locations Pack/Materials/texture main 260.mat
  importAddress: Guid(0e20cbd8e62d3a84f84f4ae8f471d8f2) Importer(2089858483,b0f066a214c2f5e87bad3c948f4d605d)
Start importing Assets/Palmov Island/Low Poly Atmospheric Locations Pack/Materials/texture main 260.mat using Guid(0e20cbd8e62d3a84f84f4ae8f471d8f2) Importer(2089858483,b0f066a214c2f5e87bad3c948f4d605d) (ScriptedImporter) -> (Import Result ID: '74e06d03b92e6fa6af06776ad29ac0a5') in 0.012135 seconds [static and dynamic dependencies]. Details - ImportResultOutputID=61466ee3462b7b88fba4508b29119030 DependenciesID=17565f8e378cd20632aa178e9ece920a StaticDependenciesID=345d55cb98a6ef94e53c011e6032a1c8 
Number of updated asset objects reloaded before import = 0Number of asset objects unloaded after import = 2

========================================================================
Received Import Request.
  Time since last request: 1.373255 seconds.
  path: Assets/Palmov Island/Low Poly Atmospheric Locations Pack/Materials/texture main 261.mat
  importAddress: Guid(8462f3ea4cfd0724fb6ba2d5c646d591) Importer(2089858483,b0f066a214c2f5e87bad3c948f4d605d)
Start importing Assets/Palmov Island/Low Poly Atmospheric Locations Pack/Materials/texture main 261.mat using Guid(8462f3ea4cfd0724fb6ba2d5c646d591) Importer(2089858483,b0f066a214c2f5e87bad3c948f4d605d) (ScriptedImporter) -> (Import Result ID: 'f1a3c82f3dc26b26b152074760464bcb') in 0.013583 seconds [static and dynamic dependencies]. Details - ImportResultOutputID=bd9026bbe4de9451b439a42aefec4b48 DependenciesID=282f4db6ba70f39040114e0aa4308b2c StaticDependenciesID=f00b2514315844e549b9c4497db8f814 
Number of updated asset objects reloaded before import = 0Number of asset objects unloaded after import = 2

========================================================================
Received Import Request.
  Time since last request: 122.658723 seconds.
  path: Assets/Palmov Island/Low Poly Atmospheric Locations Pack/Materials/texture main 262.mat
  importAddress: Guid(581ba4ebe292bcb4eb2ccc4372507ce0) Importer(2089858483,b0f066a214c2f5e87bad3c948f4d605d)
Start importing Assets/Palmov Island/Low Poly Atmospheric Locations Pack/Materials/texture main 262.mat using Guid(581ba4ebe292bcb4eb2ccc4372507ce0) Importer(2089858483,b0f066a214c2f5e87bad3c948f4d605d) (ScriptedImporter) -> (Import Result ID: '601bec91b452d9f412bc3af7e39b4e60') in 0.0116383 seconds [static and dynamic dependencies]. Details - ImportResultOutputID=5e3edbba803789fc86cfa83484937c6c DependenciesID=918208eef141e79f6de925a8a21b809b StaticDependenciesID=5c200f95f9feb83f5da7f303b86d31ac 
Number of updated asset objects reloaded before import = 0Number of asset objects unloaded after import = 2

========================================================================
Received Import Request.
  Time since last request: 1.910715 seconds.
  path: Assets/Palmov Island/Low Poly Atmospheric Locations Pack/Materials/texture main 263.mat
  importAddress: Guid(aad7e7e0f137ca242a00e26be3d1b8eb) Importer(2089858483,b0f066a214c2f5e87bad3c948f4d605d)
Start importing Assets/Palmov Island/Low Poly Atmospheric Locations Pack/Materials/texture main 263.mat using Guid(aad7e7e0f137ca242a00e26be3d1b8eb) Importer(2089858483,b0f066a214c2f5e87bad3c948f4d605d) (ScriptedImporter) -> (Import Result ID: '2ddfe508861caf70ae1fa5241d73f119') in 0.0119893 seconds [static and dynamic dependencies]. Details - ImportResultOutputID=972f1b76543c9cbd47a6d308e437718d DependenciesID=225654b186f2a277ec7862896dda7ba8 StaticDependenciesID=5913c4f942792c5616dc50b0dcd7566f 
Number of updated asset objects reloaded before import = 0Number of asset objects unloaded after import = 2

========================================================================
Received Import Request.
  Time since last request: 1.206333 seconds.
  path: Assets/Palmov Island/Low Poly Atmospheric Locations Pack/Materials/texture main 264.mat
  importAddress: Guid(58ccbe6cbaf09c94bb17dd03dc3d75da) Importer(2089858483,b0f066a214c2f5e87bad3c948f4d605d)
Start importing Assets/Palmov Island/Low Poly Atmospheric Locations Pack/Materials/texture main 264.mat using Guid(58ccbe6cbaf09c94bb17dd03dc3d75da) Importer(2089858483,b0f066a214c2f5e87bad3c948f4d605d) (ScriptedImporter) -> (Import Result ID: 'b76c3d5ee301592476032de1fb1a0c92') in 0.0118716 seconds [static and dynamic dependencies]. Details - ImportResultOutputID=31bd19028c84fddc38519fd8b794747e DependenciesID=3838274bfa95f3c5abdf1b1a7ae2434b StaticDependenciesID=09569c36cc735d6b3a131a9794e5427e 
Number of updated asset objects reloaded before import = 0Number of asset objects unloaded after import = 2

========================================================================
Received Import Request.
  Time since last request: 2.376044 seconds.
  path: Assets/Palmov Island/Low Poly Atmospheric Locations Pack/Materials/texture main 265.mat
  importAddress: Guid(92f4be47af2737749a84f973a4ded97f) Importer(2089858483,b0f066a214c2f5e87bad3c948f4d605d)
Start importing Assets/Palmov Island/Low Poly Atmospheric Locations Pack/Materials/texture main 265.mat using Guid(92f4be47af2737749a84f973a4ded97f) Importer(2089858483,b0f066a214c2f5e87bad3c948f4d605d) (ScriptedImporter) -> (Import Result ID: '533af292a73ed87ea3aab93a5d3e0ee2') in 0.010426 seconds [static and dynamic dependencies]. Details - ImportResultOutputID=665d88f2be751c6c7df73949c6830812 DependenciesID=b779cb1d80ce53525b5e2af2d9e7813c StaticDependenciesID=8be497db76cbcda6846f4b5e359e16ca 
Number of updated asset objects reloaded before import = 0Number of asset objects unloaded after import = 2

========================================================================
Received Import Request.
  Time since last request: 7.201791 seconds.
  path: Assets/Palmov Island/Low Poly Atmospheric Locations Pack/Materials/texture main 266.mat
  importAddress: Guid(e5744b168b0728943a261b755e60c685) Importer(2089858483,b0f066a214c2f5e87bad3c948f4d605d)
Start importing Assets/Palmov Island/Low Poly Atmospheric Locations Pack/Materials/texture main 266.mat using Guid(e5744b168b0728943a261b755e60c685) Importer(2089858483,b0f066a214c2f5e87bad3c948f4d605d) (ScriptedImporter) -> (Import Result ID: 'd8d6176bd2801c8703a8c6c935447f12') in 0.0112215 seconds [static and dynamic dependencies]. Details - ImportResultOutputID=c0bce98ab8c0e255381142f5d3baa55b DependenciesID=54992a839070c7c766342ec6a7b5434c StaticDependenciesID=7d0c8cba34d5e91f03826ef52e05c528 
Number of updated asset objects reloaded before import = 0Number of asset objects unloaded after import = 2

========================================================================
Received Import Request.
  Time since last request: 1.454685 seconds.
  path: Assets/Palmov Island/Low Poly Atmospheric Locations Pack/Materials/texture main 267.mat
  importAddress: Guid(5007ca6eec01cf448907bbf648e6e94a) Importer(2089858483,b0f066a214c2f5e87bad3c948f4d605d)
Start importing Assets/Palmov Island/Low Poly Atmospheric Locations Pack/Materials/texture main 267.mat using Guid(5007ca6eec01cf448907bbf648e6e94a) Importer(2089858483,b0f066a214c2f5e87bad3c948f4d605d) (ScriptedImporter) -> (Import Result ID: 'd6162c85c5104e69f764fd71eff91784') in 0.0119038 seconds [static and dynamic dependencies]. Details - ImportResultOutputID=d815ad56b650fb8de3594bb276adfccd DependenciesID=aa01a1bcc5c4717459852b48e7664293 StaticDependenciesID=b6f315cf088e7f29905f00a07b215432 
Number of updated asset objects reloaded before import = 0Number of asset objects unloaded after import = 2

========================================================================
Received Import Request.
  Time since last request: 5.046950 seconds.
  path: Assets/Palmov Island/Low Poly Atmospheric Locations Pack/Materials/texture main 268.mat
  importAddress: Guid(077ace14c1f131040ba0d46a60a6a4e9) Importer(2089858483,b0f066a214c2f5e87bad3c948f4d605d)
Start importing Assets/Palmov Island/Low Poly Atmospheric Locations Pack/Materials/texture main 268.mat using Guid(077ace14c1f131040ba0d46a60a6a4e9) Importer(2089858483,b0f066a214c2f5e87bad3c948f4d605d) (ScriptedImporter) -> (Import Result ID: '7534f175c8d66c4e9b4e716fbf8347a9') in 0.0110367 seconds [static and dynamic dependencies]. Details - ImportResultOutputID=714565769e4db9b66c744a3dd3ddd9b8 DependenciesID=2575cde84d852afe9ab6176cc2529458 StaticDependenciesID=b39aa2d83390c6dc573bd46286b5a405 
Number of updated asset objects reloaded before import = 0Number of asset objects unloaded after import = 2

========================================================================
Received Import Request.
  Time since last request: 37.229352 seconds.
  path: Assets/Palmov Island/Low Poly Atmospheric Locations Pack/Prefabs/Plants/Cacti
  importAddress: Guid(7382d836f004c40439c8292406eee668) Importer(815301076,1909f56bfc062723c751e8b465ee728b)
Start importing Assets/Palmov Island/Low Poly Atmospheric Locations Pack/Prefabs/Plants/Cacti using Guid(7382d836f004c40439c8292406eee668) Importer(815301076,1909f56bfc062723c751e8b465ee728b) (PreviewImporter) -> (Import Result ID: '5bc9c3467e0d733b8e21455c4236327c') in 0.0006221 seconds [static and dynamic dependencies]. Details - ImportResultOutputID=6b49817a2d922458cb840def8c39055a DependenciesID=4d1c731a1c69666f4cccc686bd2d45fb StaticDependenciesID=7f40cd9f16c0b221013951c5afbfbb17 
Number of updated asset objects reloaded before import = 0Number of asset objects unloaded after import = 0

========================================================================
Received Import Request.
  Time since last request: 8.553004 seconds.
  path: Assets/Palmov Island/Low Poly Atmospheric Locations Pack/Prefabs/Stones/Stones small gray blue
  importAddress: Guid(10ead0969d2e1e647829e2dee869d6e1) Importer(815301076,1909f56bfc062723c751e8b465ee728b)
Start importing Assets/Palmov Island/Low Poly Atmospheric Locations Pack/Prefabs/Stones/Stones small gray blue using Guid(10ead0969d2e1e647829e2dee869d6e1) Importer(815301076,1909f56bfc062723c751e8b465ee728b) (PreviewImporter) -> (Import Result ID: 'bed4a18db87e2f4eae1487be15740979') in 0.0005605 seconds [static and dynamic dependencies]. Details - ImportResultOutputID=772945bfd0346a5c17af52773188a940 DependenciesID=9ba1c6835565a58be86c43b9836a98c9 StaticDependenciesID=8101593d755870cb97e2bb6567192f87 
Number of updated asset objects reloaded before import = 0Number of asset objects unloaded after import = 0

========================================================================
Received Import Request.
  Time since last request: 0.648290 seconds.
  path: Assets/Palmov Island/Low Poly Atmospheric Locations Pack/Prefabs/Stones/Stones small
  importAddress: Guid(36fb8788f8e2ad849b46309bdf87562f) Importer(815301076,1909f56bfc062723c751e8b465ee728b)
Start importing Assets/Palmov Island/Low Poly Atmospheric Locations Pack/Prefabs/Stones/Stones small using Guid(36fb8788f8e2ad849b46309bdf87562f) Importer(815301076,1909f56bfc062723c751e8b465ee728b) (PreviewImporter) -> (Import Result ID: 'dff4b095d451be84bf501f095a9e096d') in 0.0005467 seconds [static and dynamic dependencies]. Details - ImportResultOutputID=aa6b9c3118fc09cf2e7586897bebc2ac DependenciesID=86ad825b90f8a49acbf8f871bddb6849 StaticDependenciesID=87d6843eacb6cbe6ebcb414f05225bfc 
Number of updated asset objects reloaded before import = 0Number of asset objects unloaded after import = 0

========================================================================
Received Import Request.
  Time since last request: 0.947717 seconds.
  path: Assets/Palmov Island/Low Poly Atmospheric Locations Pack/Prefabs/Stones/Stones large brown
  importAddress: Guid(14c4132a4eba45d46bdb28a1adccea9f) Importer(815301076,1909f56bfc062723c751e8b465ee728b)
Start importing Assets/Palmov Island/Low Poly Atmospheric Locations Pack/Prefabs/Stones/Stones large brown using Guid(14c4132a4eba45d46bdb28a1adccea9f) Importer(815301076,1909f56bfc062723c751e8b465ee728b) (PreviewImporter) -> (Import Result ID: '70ed892ed5d0affedc3935434d01f2e9') in 0.0007888 seconds [static and dynamic dependencies]. Details - ImportResultOutputID=81c7e937b8b56ea88185bc16ff5e7172 DependenciesID=e44915033c5f59a88747fdcb1f9c905c StaticDependenciesID=a189a3e52c22267720d3ca50248561e9 
Number of updated asset objects reloaded before import = 0Number of asset objects unloaded after import = 0

========================================================================
Received Import Request.
  Time since last request: 1.544812 seconds.
  path: Assets/Palmov Island/Low Poly Atmospheric Locations Pack/Prefabs/Stones/Stones large brown/stone large brown.prefab
  importAddress: Guid(87c28950db13a284399c0c4447d9e576) Importer(815301076,1909f56bfc062723c751e8b465ee728b)
Start importing Assets/Palmov Island/Low Poly Atmospheric Locations Pack/Prefabs/Stones/Stones large brown/stone large brown.prefab using Guid(87c28950db13a284399c0c4447d9e576) Importer(815301076,1909f56bfc062723c751e8b465ee728b) (PreviewImporter) -> (Import Result ID: '23a19229ffef365cb1e90927e0f0bc1d') in 0.0364838 seconds [static and dynamic dependencies]. Details - ImportResultOutputID=244289165add384eb4889ac8520cabe3 DependenciesID=8e716fe26c3bcd8f655f4e90b83357b7 StaticDependenciesID=16de2314bdadd01d1c3fbd7beec73ed5 
Number of updated asset objects reloaded before import = 0Number of asset objects unloaded after import = 9

========================================================================
Received Import Request.
  Time since last request: 15.972769 seconds.
  path: Assets/Palmov Island/Low Poly Atmospheric Locations Pack/Materials/texture main 269.mat
  importAddress: Guid(5585a206e1d79ea4c9f88a4c02d4e290) Importer(2089858483,b0f066a214c2f5e87bad3c948f4d605d)
Start importing Assets/Palmov Island/Low Poly Atmospheric Locations Pack/Materials/texture main 269.mat using Guid(5585a206e1d79ea4c9f88a4c02d4e290) Importer(2089858483,b0f066a214c2f5e87bad3c948f4d605d) (ScriptedImporter) -> (Import Result ID: '798bc3e7eab1f5f729d471c1a11a4baf') in 0.0100242 seconds [static and dynamic dependencies]. Details - ImportResultOutputID=ebf74689f02e4765523b3bc47375b3b5 DependenciesID=16c0732b99eb25b0754df1731e481990 StaticDependenciesID=1d0eafcd4d3234c06537c9e0c930e615 
Number of updated asset objects reloaded before import = 0Number of asset objects unloaded after import = 2

========================================================================
Received Import Request.
  Time since last request: 2.121984 seconds.
  path: Assets/Palmov Island/Low Poly Atmospheric Locations Pack/Materials/texture main 271.mat
  importAddress: Guid(0ec6bdec6381bc248acd2b7b6f316bdc) Importer(2089858483,b0f066a214c2f5e87bad3c948f4d605d)
Start importing Assets/Palmov Island/Low Poly Atmospheric Locations Pack/Materials/texture main 271.mat using Guid(0ec6bdec6381bc248acd2b7b6f316bdc) Importer(2089858483,b0f066a214c2f5e87bad3c948f4d605d) (ScriptedImporter) -> (Import Result ID: '2daf7f7b6504b2a1313b4ac9083c5c85') in 0.0115781 seconds [static and dynamic dependencies]. Details - ImportResultOutputID=659ec93f5e7114949486a9b0017adaf2 DependenciesID=1a967cecc8023e8529116c10e836df38 StaticDependenciesID=dc565b08e4cc99c08ad8f57dcdd17e31 
Number of updated asset objects reloaded before import = 0Number of asset objects unloaded after import = 2

========================================================================
Received Import Request.
  Time since last request: 2.218396 seconds.
  path: Assets/Palmov Island/Low Poly Atmospheric Locations Pack/Materials/texture main 272.mat
  importAddress: Guid(7c81d192c36a70e4d929dfa0294341ff) Importer(2089858483,b0f066a214c2f5e87bad3c948f4d605d)
Start importing Assets/Palmov Island/Low Poly Atmospheric Locations Pack/Materials/texture main 272.mat using Guid(7c81d192c36a70e4d929dfa0294341ff) Importer(2089858483,b0f066a214c2f5e87bad3c948f4d605d) (ScriptedImporter) -> (Import Result ID: '5c3a54cbd07ae1f644d4b0d1240fa6be') in 0.0122788 seconds [static and dynamic dependencies]. Details - ImportResultOutputID=ad6a54b256885169e8931542519ffe79 DependenciesID=3053b77249a46734ae51092f59accdf0 StaticDependenciesID=7dd307511e36f3729682e05d7d911c09 
Number of updated asset objects reloaded before import = 0Number of asset objects unloaded after import = 2

========================================================================
Received Import Request.
  Time since last request: 1.274828 seconds.
  path: Assets/Palmov Island/Low Poly Atmospheric Locations Pack/Materials/texture main 273.mat
  importAddress: Guid(89e0ccb9aec73474381dc6f8a2b086f2) Importer(2089858483,b0f066a214c2f5e87bad3c948f4d605d)
Start importing Assets/Palmov Island/Low Poly Atmospheric Locations Pack/Materials/texture main 273.mat using Guid(89e0ccb9aec73474381dc6f8a2b086f2) Importer(2089858483,b0f066a214c2f5e87bad3c948f4d605d) (ScriptedImporter) -> (Import Result ID: '6f23b4e2d42391aee49abc9ac76302e0') in 0.0109268 seconds [static and dynamic dependencies]. Details - ImportResultOutputID=032e12275b418708040e2da02bfdb4a1 DependenciesID=ac73b2938b1a4a5c89c8175a5efb34b5 StaticDependenciesID=495c330b9115983ed4f3d7b36d424981 
Number of updated asset objects reloaded before import = 0Number of asset objects unloaded after import = 2

========================================================================
Received Import Request.
  Time since last request: 1.837437 seconds.
  path: Assets/Palmov Island/Low Poly Atmospheric Locations Pack/Materials/texture main 274.mat
  importAddress: Guid(116254056c80c97469bc13d28affa330) Importer(2089858483,b0f066a214c2f5e87bad3c948f4d605d)
Start importing Assets/Palmov Island/Low Poly Atmospheric Locations Pack/Materials/texture main 274.mat using Guid(116254056c80c97469bc13d28affa330) Importer(2089858483,b0f066a214c2f5e87bad3c948f4d605d) (ScriptedImporter) -> (Import Result ID: '687adf30717e3aeb4ecea1df4c7cc6b6') in 0.0114813 seconds [static and dynamic dependencies]. Details - ImportResultOutputID=49600d8508514931b25012d2ed6a3533 DependenciesID=3740d196b503540b0d7d23306df5cb7d StaticDependenciesID=1cb6e5cb44abdba0be059ade79d6a2b0 
Number of updated asset objects reloaded before import = 0Number of asset objects unloaded after import = 2

========================================================================
Received Import Request.
  Time since last request: 1.403813 seconds.
  path: Assets/Palmov Island/Low Poly Atmospheric Locations Pack/Materials/texture main 275.mat
  importAddress: Guid(c87fdf6913133d44d9323df5e96e3410) Importer(2089858483,b0f066a214c2f5e87bad3c948f4d605d)
Start importing Assets/Palmov Island/Low Poly Atmospheric Locations Pack/Materials/texture main 275.mat using Guid(c87fdf6913133d44d9323df5e96e3410) Importer(2089858483,b0f066a214c2f5e87bad3c948f4d605d) (ScriptedImporter) -> (Import Result ID: 'd863b3f6eb271cf59ba7f5150e10156d') in 0.0135112 seconds [static and dynamic dependencies]. Details - ImportResultOutputID=2fbe1b547c466f7634a2773b3cadb84f DependenciesID=4e7f55270c5552b0948ca97718fa904c StaticDependenciesID=a3f7ebd0e29e953e5c40028255163332 
Number of updated asset objects reloaded before import = 0Number of asset objects unloaded after import = 2

========================================================================
Received Import Request.
  Time since last request: 93.050872 seconds.
  path: Assets/Prefabs/RoadSection_train.prefab
  importAddress: Guid(4266074f127d8634686c62a36be658d7) Importer(815301076,1909f56bfc062723c751e8b465ee728b)
Start importing Assets/Prefabs/RoadSection_train.prefab using Guid(4266074f127d8634686c62a36be658d7) Importer(815301076,1909f56bfc062723c751e8b465ee728b) (PreviewImporter) -> (Import Result ID: 'cf27fb15efb8f4f96b2df4f9dbc060ce') in 0.09698 seconds [static and dynamic dependencies]. Details - ImportResultOutputID=6a8f001ce27c793a60bbf1d5e4873774 DependenciesID=db6185530d18f9eff4f32b972bcdaf92 StaticDependenciesID=7147a30716cdaa31f9cc00576dd05d06 
Number of updated asset objects reloaded before import = 0Number of asset objects unloaded after import = 1342

========================================================================
Received Import Request.
  Time since last request: 0.823987 seconds.
  path: Assets/Prefabs/RoadSection_train.prefab
  importAddress: Guid(4266074f127d8634686c62a36be658d7) Importer(2089858483,b0f066a214c2f5e87bad3c948f4d605d)
Start importing Assets/Prefabs/RoadSection_train.prefab using Guid(4266074f127d8634686c62a36be658d7) Importer(2089858483,b0f066a214c2f5e87bad3c948f4d605d) (ScriptedImporter) -> (Import Result ID: '3c1f8576ad529b8cfd3aee066b031c8a') in 0.0610884 seconds [static and dynamic dependencies]. Details - ImportResultOutputID=a4f826769f206de687643781f98aaafa DependenciesID=895027e862654625c1dcc9431d0c99e9 StaticDependenciesID=9eb31870acb3bb760f029f351c4aaf84 
Number of updated asset objects reloaded before import = 0Number of asset objects unloaded after import = 1240

========================================================================
Received Prepare
Begin MonoManager ReloadAssembly
[Licensing::Client] Successfully resolved entitlement details
Assembly Assembly-CSharp-Editor-firstpass.dll at Library/ScriptAssemblies/Assembly-CSharp-Editor-firstpass.dll not valid. Loading of assembly skipped.
Assembly Assembly-CSharp-firstpass.dll at Library/ScriptAssemblies/Assembly-CSharp-firstpass.dll not valid. Loading of assembly skipped.
Assembly DocCodeExamples.dll at Library/ScriptAssemblies/DocCodeExamples.dll not valid. Loading of assembly skipped.
Assembly TestNewCustomAssembly.dll at Library/ScriptAssemblies/TestNewCustomAssembly.dll not valid. Loading of assembly skipped.
Assembly Unity.Collections.BurstCompatibilityGen.dll at Library/ScriptAssemblies/Unity.Collections.BurstCompatibilityGen.dll not valid. Loading of assembly skipped.
Assembly Unity.Collections.DocCodeSamples.dll at Library/ScriptAssemblies/Unity.Collections.DocCodeSamples.dll not valid. Loading of assembly skipped.
Assembly Unity.Collections.PerformanceTests.dll at Library/ScriptAssemblies/Unity.Collections.PerformanceTests.dll not valid. Loading of assembly skipped.
Assembly Unity.Collections.Tests.dll at Library/ScriptAssemblies/Unity.Collections.Tests.dll not valid. Loading of assembly skipped.
Assembly Unity.Collections.Tests.Playmode.dll at Library/ScriptAssemblies/Unity.Collections.Tests.Playmode.dll not valid. Loading of assembly skipped.
Assembly Unity.InputSystem.IntegrationTests.dll at Library/ScriptAssemblies/Unity.InputSystem.IntegrationTests.dll not valid. Loading of assembly skipped.
Assembly Unity.Mathematics.Tests.dll at Library/ScriptAssemblies/Unity.Mathematics.Tests.dll not valid. Loading of assembly skipped.
Assembly Unity.Multiplayer.Center.Editor.Tests.dll at Library/ScriptAssemblies/Unity.Multiplayer.Center.Editor.Tests.dll not valid. Loading of assembly skipped.
Assembly Unity.Multiplayer.Center.Tests.dll at Library/ScriptAssemblies/Unity.Multiplayer.Center.Tests.dll not valid. Loading of assembly skipped.
Assembly Unity.Nuget.Mono-Cecil.dll at Library/ScriptAssemblies/Unity.Nuget.Mono-Cecil.dll not valid. Loading of assembly skipped.
Assembly Unity.PathTracing.Editor.Tests.dll at Library/ScriptAssemblies/Unity.PathTracing.Editor.Tests.dll not valid. Loading of assembly skipped.
Assembly Unity.PathTracing.Runtime.Tests.dll at Library/ScriptAssemblies/Unity.PathTracing.Runtime.Tests.dll not valid. Loading of assembly skipped.
Assembly Unity.Postprocessing.Editor.Tests.dll at Library/ScriptAssemblies/Unity.Postprocessing.Editor.Tests.dll not valid. Loading of assembly skipped.
Assembly Unity.Postprocessing.Runtime.Tests.dll at Library/ScriptAssemblies/Unity.Postprocessing.Runtime.Tests.dll not valid. Loading of assembly skipped.
Assembly Unity.RenderPipelines.Core.Editor.Tests.dll at Library/ScriptAssemblies/Unity.RenderPipelines.Core.Editor.Tests.dll not valid. Loading of assembly skipped.
Assembly Unity.RenderPipelines.Core.Runtime.Tests.dll at Library/ScriptAssemblies/Unity.RenderPipelines.Core.Runtime.Tests.dll not valid. Loading of assembly skipped.
Assembly Unity.RenderPipelines.Universal.Config.Editor.Tests.dll at Library/ScriptAssemblies/Unity.RenderPipelines.Universal.Config.Editor.Tests.dll not valid. Loading of assembly skipped.
Assembly Unity.RenderPipelines.Universal.Editor.Tests.dll at Library/ScriptAssemblies/Unity.RenderPipelines.Universal.Editor.Tests.dll not valid. Loading of assembly skipped.
Assembly Unity.RenderPipelines.Universal.Runtime.Tests.dll at Library/ScriptAssemblies/Unity.RenderPipelines.Universal.Runtime.Tests.dll not valid. Loading of assembly skipped.
Assembly Unity.Searcher.EditorTests.dll at Library/ScriptAssemblies/Unity.Searcher.EditorTests.dll not valid. Loading of assembly skipped.
Assembly Unity.ShaderGraph.Editor.Tests.dll at Library/ScriptAssemblies/Unity.ShaderGraph.Editor.Tests.dll not valid. Loading of assembly skipped.
Assembly Unity.TextMeshPro.Editor.Tests.dll at Library/ScriptAssemblies/Unity.TextMeshPro.Editor.Tests.dll not valid. Loading of assembly skipped.
Assembly Unity.TextMeshPro.Tests.dll at Library/ScriptAssemblies/Unity.TextMeshPro.Tests.dll not valid. Loading of assembly skipped.
Assembly Unity.UnifiedRayTracing.Editor.Tests.dll at Library/ScriptAssemblies/Unity.UnifiedRayTracing.Editor.Tests.dll not valid. Loading of assembly skipped.
Assembly UnityEditor.UI.Common.Tests.dll at Library/ScriptAssemblies/UnityEditor.UI.Common.Tests.dll not valid. Loading of assembly skipped.
Assembly UnityEditor.UI.EditorTests.dll at Library/ScriptAssemblies/UnityEditor.UI.EditorTests.dll not valid. Loading of assembly skipped.
Assembly UnityEngine.UI.Tests.dll at Library/ScriptAssemblies/UnityEngine.UI.Tests.dll not valid. Loading of assembly skipped.
Native extension for WindowsStandalone target not found
Native extension for WebGL target not found
[Package Manager] Failed to launch server process. Reason: Unity was launched with the -noUpm command-line argument
[Package Manager] Unable to send message (not connected to server process).
[Package Manager] Cannot connect to Unity Package Manager local server
[Package Manager] Failed to launch server process. Reason: Unity was launched with the -noUpm command-line argument
[Package Manager] Unable to send message (not connected to server process).
[Package Manager] Cannot connect to Unity Package Manager local server
ScheduleIndexationOnStartup MainProcess:False IndexOnStartup:True
Mono: successfully reloaded assembly
- Finished resetting the current domain, in  0.694 seconds
Domain Reload Profiling: 1491ms
	BeginReloadAssembly (228ms)
		DisableScriptedObjects (19ms)
		CreateAndSetChildDomain (50ms)
	RebuildCommonClasses (36ms)
	RebuildNativeTypeToScriptingClass (11ms)
	initialDomainReloadingComplete (74ms)
	LoadAllAssembliesAndSetupDomain (448ms)
		LoadAssemblies (380ms)
		AnalyzeDomain (166ms)
			TypeCache.Refresh (5ms)
			BuildScriptInfoCaches (150ms)
			ResolveRequiredComponents (9ms)
	FinalizeReload (695ms)
		SetupLoadedEditorAssemblies (0ms)
			BeforeProcessingInitializeOnLoad (149ms)
			ProcessInitializeOnLoadAttributes (265ms)
			ProcessInitializeOnLoadMethodAttributes (71ms)
			AfterProcessingInitializeOnLoad (13ms)
		AwakeInstancesAfterBackupRestoration (21ms)
Unloading 36 Unused Serialized files (Serialized files now loaded: 0)
Unloading 6400 unused Assets / (7.9 MB). Loaded Objects now: 7601.
Memory consumption went from 182.1 MB to 174.2 MB.
Total: 10.693200 ms (FindLiveObjects: 0.846700 ms CreateObjectMapping: 0.554800 ms MarkObjects: 5.547000 ms  DeleteObjects: 3.743400 ms)

Prepare: number of updated asset objects reloaded= 0
========================================================================
Received Import Request.
  Time since last request: 87.181845 seconds.
  path: Assets/Prefabs/RoadSection_train.prefab
  importAddress: Guid(4266074f127d8634686c62a36be658d7) Importer(815301076,1909f56bfc062723c751e8b465ee728b)
Start importing Assets/Prefabs/RoadSection_train.prefab using Guid(4266074f127d8634686c62a36be658d7) Importer(815301076,1909f56bfc062723c751e8b465ee728b) (PreviewImporter) -> (Import Result ID: 'aeb7499d51abfde7339329ef6eed0570') in 0.4839156 seconds [static and dynamic dependencies]. Details - ImportResultOutputID=65b67cff0231a28080379a6a9c76d18c DependenciesID=75a1a135be441e4ba1159f92e56e0f60 StaticDependenciesID=b6344e5ef52c63cf7a7601287e08af3d 
Number of updated asset objects reloaded before import = 0Number of asset objects unloaded after import = 1342

========================================================================
Received Prepare
Begin MonoManager ReloadAssembly
[Licensing::Client] Successfully resolved entitlement details
Assembly Assembly-CSharp-Editor-firstpass.dll at Library/ScriptAssemblies/Assembly-CSharp-Editor-firstpass.dll not valid. Loading of assembly skipped.
Assembly Assembly-CSharp-firstpass.dll at Library/ScriptAssemblies/Assembly-CSharp-firstpass.dll not valid. Loading of assembly skipped.
Assembly DocCodeExamples.dll at Library/ScriptAssemblies/DocCodeExamples.dll not valid. Loading of assembly skipped.
Assembly TestNewCustomAssembly.dll at Library/ScriptAssemblies/TestNewCustomAssembly.dll not valid. Loading of assembly skipped.
Assembly Unity.Collections.BurstCompatibilityGen.dll at Library/ScriptAssemblies/Unity.Collections.BurstCompatibilityGen.dll not valid. Loading of assembly skipped.
Assembly Unity.Collections.DocCodeSamples.dll at Library/ScriptAssemblies/Unity.Collections.DocCodeSamples.dll not valid. Loading of assembly skipped.
Assembly Unity.Collections.PerformanceTests.dll at Library/ScriptAssemblies/Unity.Collections.PerformanceTests.dll not valid. Loading of assembly skipped.
Assembly Unity.Collections.Tests.dll at Library/ScriptAssemblies/Unity.Collections.Tests.dll not valid. Loading of assembly skipped.
Assembly Unity.Collections.Tests.Playmode.dll at Library/ScriptAssemblies/Unity.Collections.Tests.Playmode.dll not valid. Loading of assembly skipped.
Assembly Unity.InputSystem.IntegrationTests.dll at Library/ScriptAssemblies/Unity.InputSystem.IntegrationTests.dll not valid. Loading of assembly skipped.
Assembly Unity.Mathematics.Tests.dll at Library/ScriptAssemblies/Unity.Mathematics.Tests.dll not valid. Loading of assembly skipped.
Assembly Unity.Multiplayer.Center.Editor.Tests.dll at Library/ScriptAssemblies/Unity.Multiplayer.Center.Editor.Tests.dll not valid. Loading of assembly skipped.
Assembly Unity.Multiplayer.Center.Tests.dll at Library/ScriptAssemblies/Unity.Multiplayer.Center.Tests.dll not valid. Loading of assembly skipped.
Assembly Unity.Nuget.Mono-Cecil.dll at Library/ScriptAssemblies/Unity.Nuget.Mono-Cecil.dll not valid. Loading of assembly skipped.
Assembly Unity.PathTracing.Editor.Tests.dll at Library/ScriptAssemblies/Unity.PathTracing.Editor.Tests.dll not valid. Loading of assembly skipped.
Assembly Unity.PathTracing.Runtime.Tests.dll at Library/ScriptAssemblies/Unity.PathTracing.Runtime.Tests.dll not valid. Loading of assembly skipped.
Assembly Unity.Postprocessing.Editor.Tests.dll at Library/ScriptAssemblies/Unity.Postprocessing.Editor.Tests.dll not valid. Loading of assembly skipped.
Assembly Unity.Postprocessing.Runtime.Tests.dll at Library/ScriptAssemblies/Unity.Postprocessing.Runtime.Tests.dll not valid. Loading of assembly skipped.
Assembly Unity.RenderPipelines.Core.Editor.Tests.dll at Library/ScriptAssemblies/Unity.RenderPipelines.Core.Editor.Tests.dll not valid. Loading of assembly skipped.
Assembly Unity.RenderPipelines.Core.Runtime.Tests.dll at Library/ScriptAssemblies/Unity.RenderPipelines.Core.Runtime.Tests.dll not valid. Loading of assembly skipped.
Assembly Unity.RenderPipelines.Universal.Config.Editor.Tests.dll at Library/ScriptAssemblies/Unity.RenderPipelines.Universal.Config.Editor.Tests.dll not valid. Loading of assembly skipped.
Assembly Unity.RenderPipelines.Universal.Editor.Tests.dll at Library/ScriptAssemblies/Unity.RenderPipelines.Universal.Editor.Tests.dll not valid. Loading of assembly skipped.
Assembly Unity.RenderPipelines.Universal.Runtime.Tests.dll at Library/ScriptAssemblies/Unity.RenderPipelines.Universal.Runtime.Tests.dll not valid. Loading of assembly skipped.
Assembly Unity.Searcher.EditorTests.dll at Library/ScriptAssemblies/Unity.Searcher.EditorTests.dll not valid. Loading of assembly skipped.
Assembly Unity.ShaderGraph.Editor.Tests.dll at Library/ScriptAssemblies/Unity.ShaderGraph.Editor.Tests.dll not valid. Loading of assembly skipped.
Assembly Unity.TextMeshPro.Editor.Tests.dll at Library/ScriptAssemblies/Unity.TextMeshPro.Editor.Tests.dll not valid. Loading of assembly skipped.
Assembly Unity.TextMeshPro.Tests.dll at Library/ScriptAssemblies/Unity.TextMeshPro.Tests.dll not valid. Loading of assembly skipped.
Assembly Unity.UnifiedRayTracing.Editor.Tests.dll at Library/ScriptAssemblies/Unity.UnifiedRayTracing.Editor.Tests.dll not valid. Loading of assembly skipped.
Assembly UnityEditor.UI.Common.Tests.dll at Library/ScriptAssemblies/UnityEditor.UI.Common.Tests.dll not valid. Loading of assembly skipped.
Assembly UnityEditor.UI.EditorTests.dll at Library/ScriptAssemblies/UnityEditor.UI.EditorTests.dll not valid. Loading of assembly skipped.
Assembly UnityEngine.UI.Tests.dll at Library/ScriptAssemblies/UnityEngine.UI.Tests.dll not valid. Loading of assembly skipped.
Native extension for WindowsStandalone target not found
Native extension for WebGL target not found
[Package Manager] Failed to launch server process. Reason: Unity was launched with the -noUpm command-line argument
[Package Manager] Unable to send message (not connected to server process).
[Package Manager] Cannot connect to Unity Package Manager local server
[Package Manager] Failed to launch server process. Reason: Unity was launched with the -noUpm command-line argument
[Package Manager] Unable to send message (not connected to server process).
[Package Manager] Cannot connect to Unity Package Manager local server
ScheduleIndexationOnStartup MainProcess:False IndexOnStartup:True
Mono: successfully reloaded assembly
- Finished resetting the current domain, in  0.686 seconds
Domain Reload Profiling: 1484ms
	BeginReloadAssembly (213ms)
		DisableScriptedObjects (20ms)
		CreateAndSetChildDomain (43ms)
	RebuildCommonClasses (34ms)
	RebuildNativeTypeToScriptingClass (12ms)
	initialDomainReloadingComplete (80ms)
	LoadAllAssembliesAndSetupDomain (460ms)
		LoadAssemblies (361ms)
		AnalyzeDomain (187ms)
			TypeCache.Refresh (6ms)
			BuildScriptInfoCaches (167ms)
			ResolveRequiredComponents (13ms)
	FinalizeReload (686ms)
		SetupLoadedEditorAssemblies (0ms)
			BeforeProcessingInitializeOnLoad (147ms)
			ProcessInitializeOnLoadAttributes (265ms)
			ProcessInitializeOnLoadMethodAttributes (74ms)
			AfterProcessingInitializeOnLoad (15ms)
		AwakeInstancesAfterBackupRestoration (24ms)
Refreshing native plugins compatible for Editor in 2.01 ms, found 3 plugins.
Unloading 36 Unused Serialized files (Serialized files now loaded: 0)
Unloading 6400 unused Assets / (8.1 MB). Loaded Objects now: 7624.
Memory consumption went from 182.3 MB to 174.2 MB.
Total: 10.743700 ms (FindLiveObjects: 0.948900 ms CreateObjectMapping: 0.725400 ms MarkObjects: 5.259000 ms  DeleteObjects: 3.808900 ms)

Prepare: number of updated asset objects reloaded= 0
========================================================================
Received Import Request.
  Time since last request: 475.381719 seconds.
  path: Assets/Prefabs/RoadSection_train.prefab
  importAddress: Guid(4266074f127d8634686c62a36be658d7) Importer(815301076,1909f56bfc062723c751e8b465ee728b)
Start importing Assets/Prefabs/RoadSection_train.prefab using Guid(4266074f127d8634686c62a36be658d7) Importer(815301076,1909f56bfc062723c751e8b465ee728b) (PreviewImporter) -> (Import Result ID: '6cd011e241a336d576339175651ef61c') in 0.5261711 seconds [static and dynamic dependencies]. Details - ImportResultOutputID=fa55771144f9fedf6056087a38863930 DependenciesID=cf343e87a5a7a40f8c5d46501a43a7a2 StaticDependenciesID=da71208a55787c1aa9bbae6047a4ee4f 
Number of updated asset objects reloaded before import = 0Number of asset objects unloaded after import = 1330

========================================================================
Received Prepare
Begin MonoManager ReloadAssembly
[Licensing::Client] Successfully resolved entitlement details
Assembly Assembly-CSharp-Editor-firstpass.dll at Library/ScriptAssemblies/Assembly-CSharp-Editor-firstpass.dll not valid. Loading of assembly skipped.
Assembly Assembly-CSharp-firstpass.dll at Library/ScriptAssemblies/Assembly-CSharp-firstpass.dll not valid. Loading of assembly skipped.
Assembly DocCodeExamples.dll at Library/ScriptAssemblies/DocCodeExamples.dll not valid. Loading of assembly skipped.
Assembly TestNewCustomAssembly.dll at Library/ScriptAssemblies/TestNewCustomAssembly.dll not valid. Loading of assembly skipped.
Assembly Unity.Collections.BurstCompatibilityGen.dll at Library/ScriptAssemblies/Unity.Collections.BurstCompatibilityGen.dll not valid. Loading of assembly skipped.
Assembly Unity.Collections.DocCodeSamples.dll at Library/ScriptAssemblies/Unity.Collections.DocCodeSamples.dll not valid. Loading of assembly skipped.
Assembly Unity.Collections.PerformanceTests.dll at Library/ScriptAssemblies/Unity.Collections.PerformanceTests.dll not valid. Loading of assembly skipped.
Assembly Unity.Collections.Tests.dll at Library/ScriptAssemblies/Unity.Collections.Tests.dll not valid. Loading of assembly skipped.
Assembly Unity.Collections.Tests.Playmode.dll at Library/ScriptAssemblies/Unity.Collections.Tests.Playmode.dll not valid. Loading of assembly skipped.
Assembly Unity.InputSystem.IntegrationTests.dll at Library/ScriptAssemblies/Unity.InputSystem.IntegrationTests.dll not valid. Loading of assembly skipped.
Assembly Unity.Mathematics.Tests.dll at Library/ScriptAssemblies/Unity.Mathematics.Tests.dll not valid. Loading of assembly skipped.
Assembly Unity.Multiplayer.Center.Editor.Tests.dll at Library/ScriptAssemblies/Unity.Multiplayer.Center.Editor.Tests.dll not valid. Loading of assembly skipped.
Assembly Unity.Multiplayer.Center.Tests.dll at Library/ScriptAssemblies/Unity.Multiplayer.Center.Tests.dll not valid. Loading of assembly skipped.
Assembly Unity.Nuget.Mono-Cecil.dll at Library/ScriptAssemblies/Unity.Nuget.Mono-Cecil.dll not valid. Loading of assembly skipped.
Assembly Unity.PathTracing.Editor.Tests.dll at Library/ScriptAssemblies/Unity.PathTracing.Editor.Tests.dll not valid. Loading of assembly skipped.
Assembly Unity.PathTracing.Runtime.Tests.dll at Library/ScriptAssemblies/Unity.PathTracing.Runtime.Tests.dll not valid. Loading of assembly skipped.
Assembly Unity.Postprocessing.Editor.Tests.dll at Library/ScriptAssemblies/Unity.Postprocessing.Editor.Tests.dll not valid. Loading of assembly skipped.
Assembly Unity.Postprocessing.Runtime.Tests.dll at Library/ScriptAssemblies/Unity.Postprocessing.Runtime.Tests.dll not valid. Loading of assembly skipped.
Assembly Unity.RenderPipelines.Core.Editor.Tests.dll at Library/ScriptAssemblies/Unity.RenderPipelines.Core.Editor.Tests.dll not valid. Loading of assembly skipped.
Assembly Unity.RenderPipelines.Core.Runtime.Tests.dll at Library/ScriptAssemblies/Unity.RenderPipelines.Core.Runtime.Tests.dll not valid. Loading of assembly skipped.
Assembly Unity.RenderPipelines.Universal.Config.Editor.Tests.dll at Library/ScriptAssemblies/Unity.RenderPipelines.Universal.Config.Editor.Tests.dll not valid. Loading of assembly skipped.
Assembly Unity.RenderPipelines.Universal.Editor.Tests.dll at Library/ScriptAssemblies/Unity.RenderPipelines.Universal.Editor.Tests.dll not valid. Loading of assembly skipped.
Assembly Unity.RenderPipelines.Universal.Runtime.Tests.dll at Library/ScriptAssemblies/Unity.RenderPipelines.Universal.Runtime.Tests.dll not valid. Loading of assembly skipped.
Assembly Unity.Searcher.EditorTests.dll at Library/ScriptAssemblies/Unity.Searcher.EditorTests.dll not valid. Loading of assembly skipped.
Assembly Unity.ShaderGraph.Editor.Tests.dll at Library/ScriptAssemblies/Unity.ShaderGraph.Editor.Tests.dll not valid. Loading of assembly skipped.
Assembly Unity.TextMeshPro.Editor.Tests.dll at Library/ScriptAssemblies/Unity.TextMeshPro.Editor.Tests.dll not valid. Loading of assembly skipped.
Assembly Unity.TextMeshPro.Tests.dll at Library/ScriptAssemblies/Unity.TextMeshPro.Tests.dll not valid. Loading of assembly skipped.
Assembly Unity.UnifiedRayTracing.Editor.Tests.dll at Library/ScriptAssemblies/Unity.UnifiedRayTracing.Editor.Tests.dll not valid. Loading of assembly skipped.
Assembly UnityEditor.UI.Common.Tests.dll at Library/ScriptAssemblies/UnityEditor.UI.Common.Tests.dll not valid. Loading of assembly skipped.
Assembly UnityEditor.UI.EditorTests.dll at Library/ScriptAssemblies/UnityEditor.UI.EditorTests.dll not valid. Loading of assembly skipped.
Assembly UnityEngine.UI.Tests.dll at Library/ScriptAssemblies/UnityEngine.UI.Tests.dll not valid. Loading of assembly skipped.
Native extension for WindowsStandalone target not found
Native extension for WebGL target not found
[Package Manager] Failed to launch server process. Reason: Unity was launched with the -noUpm command-line argument
[Package Manager] Unable to send message (not connected to server process).
[Package Manager] Cannot connect to Unity Package Manager local server
[Package Manager] Failed to launch server process. Reason: Unity was launched with the -noUpm command-line argument
[Package Manager] Unable to send message (not connected to server process).
[Package Manager] Cannot connect to Unity Package Manager local server
ScheduleIndexationOnStartup MainProcess:False IndexOnStartup:True
Mono: successfully reloaded assembly
- Finished resetting the current domain, in  0.724 seconds
Domain Reload Profiling: 1527ms
	BeginReloadAssembly (223ms)
		DisableScriptedObjects (21ms)
		CreateAndSetChildDomain (47ms)
	RebuildCommonClasses (34ms)
	RebuildNativeTypeToScriptingClass (11ms)
	initialDomainReloadingComplete (76ms)
	LoadAllAssembliesAndSetupDomain (459ms)
		LoadAssemblies (382ms)
		AnalyzeDomain (169ms)
			TypeCache.Refresh (5ms)
			BuildScriptInfoCaches (153ms)
			ResolveRequiredComponents (10ms)
	FinalizeReload (725ms)
		SetupLoadedEditorAssemblies (0ms)
			BeforeProcessingInitializeOnLoad (157ms)
			ProcessInitializeOnLoadAttributes (290ms)
			ProcessInitializeOnLoadMethodAttributes (78ms)
			AfterProcessingInitializeOnLoad (13ms)
		AwakeInstancesAfterBackupRestoration (25ms)
Unloading 36 Unused Serialized files (Serialized files now loaded: 0)
Unloading 6400 unused Assets / (7.2 MB). Loaded Objects now: 7647.
Memory consumption went from 182.4 MB to 175.2 MB.
Total: 9.784400 ms (FindLiveObjects: 0.853700 ms CreateObjectMapping: 0.754000 ms MarkObjects: 5.387500 ms  DeleteObjects: 2.787700 ms)

Prepare: number of updated asset objects reloaded= 0
========================================================================
Received Prepare
Begin MonoManager ReloadAssembly
[Licensing::Client] Successfully resolved entitlement details
Assembly Assembly-CSharp-Editor-firstpass.dll at Library/ScriptAssemblies/Assembly-CSharp-Editor-firstpass.dll not valid. Loading of assembly skipped.
Assembly Assembly-CSharp-firstpass.dll at Library/ScriptAssemblies/Assembly-CSharp-firstpass.dll not valid. Loading of assembly skipped.
Assembly DocCodeExamples.dll at Library/ScriptAssemblies/DocCodeExamples.dll not valid. Loading of assembly skipped.
Assembly TestNewCustomAssembly.dll at Library/ScriptAssemblies/TestNewCustomAssembly.dll not valid. Loading of assembly skipped.
Assembly Unity.Collections.BurstCompatibilityGen.dll at Library/ScriptAssemblies/Unity.Collections.BurstCompatibilityGen.dll not valid. Loading of assembly skipped.
Assembly Unity.Collections.DocCodeSamples.dll at Library/ScriptAssemblies/Unity.Collections.DocCodeSamples.dll not valid. Loading of assembly skipped.
Assembly Unity.Collections.PerformanceTests.dll at Library/ScriptAssemblies/Unity.Collections.PerformanceTests.dll not valid. Loading of assembly skipped.
Assembly Unity.Collections.Tests.dll at Library/ScriptAssemblies/Unity.Collections.Tests.dll not valid. Loading of assembly skipped.
Assembly Unity.Collections.Tests.Playmode.dll at Library/ScriptAssemblies/Unity.Collections.Tests.Playmode.dll not valid. Loading of assembly skipped.
Assembly Unity.InputSystem.IntegrationTests.dll at Library/ScriptAssemblies/Unity.InputSystem.IntegrationTests.dll not valid. Loading of assembly skipped.
Assembly Unity.Mathematics.Tests.dll at Library/ScriptAssemblies/Unity.Mathematics.Tests.dll not valid. Loading of assembly skipped.
Assembly Unity.Multiplayer.Center.Editor.Tests.dll at Library/ScriptAssemblies/Unity.Multiplayer.Center.Editor.Tests.dll not valid. Loading of assembly skipped.
Assembly Unity.Multiplayer.Center.Tests.dll at Library/ScriptAssemblies/Unity.Multiplayer.Center.Tests.dll not valid. Loading of assembly skipped.
Assembly Unity.Nuget.Mono-Cecil.dll at Library/ScriptAssemblies/Unity.Nuget.Mono-Cecil.dll not valid. Loading of assembly skipped.
Assembly Unity.PathTracing.Editor.Tests.dll at Library/ScriptAssemblies/Unity.PathTracing.Editor.Tests.dll not valid. Loading of assembly skipped.
Assembly Unity.PathTracing.Runtime.Tests.dll at Library/ScriptAssemblies/Unity.PathTracing.Runtime.Tests.dll not valid. Loading of assembly skipped.
Assembly Unity.Postprocessing.Editor.Tests.dll at Library/ScriptAssemblies/Unity.Postprocessing.Editor.Tests.dll not valid. Loading of assembly skipped.
Assembly Unity.Postprocessing.Runtime.Tests.dll at Library/ScriptAssemblies/Unity.Postprocessing.Runtime.Tests.dll not valid. Loading of assembly skipped.
Assembly Unity.RenderPipelines.Core.Editor.Tests.dll at Library/ScriptAssemblies/Unity.RenderPipelines.Core.Editor.Tests.dll not valid. Loading of assembly skipped.
Assembly Unity.RenderPipelines.Core.Runtime.Tests.dll at Library/ScriptAssemblies/Unity.RenderPipelines.Core.Runtime.Tests.dll not valid. Loading of assembly skipped.
Assembly Unity.RenderPipelines.Universal.Config.Editor.Tests.dll at Library/ScriptAssemblies/Unity.RenderPipelines.Universal.Config.Editor.Tests.dll not valid. Loading of assembly skipped.
Assembly Unity.RenderPipelines.Universal.Editor.Tests.dll at Library/ScriptAssemblies/Unity.RenderPipelines.Universal.Editor.Tests.dll not valid. Loading of assembly skipped.
Assembly Unity.RenderPipelines.Universal.Runtime.Tests.dll at Library/ScriptAssemblies/Unity.RenderPipelines.Universal.Runtime.Tests.dll not valid. Loading of assembly skipped.
Assembly Unity.Searcher.EditorTests.dll at Library/ScriptAssemblies/Unity.Searcher.EditorTests.dll not valid. Loading of assembly skipped.
Assembly Unity.ShaderGraph.Editor.Tests.dll at Library/ScriptAssemblies/Unity.ShaderGraph.Editor.Tests.dll not valid. Loading of assembly skipped.
Assembly Unity.TextMeshPro.Editor.Tests.dll at Library/ScriptAssemblies/Unity.TextMeshPro.Editor.Tests.dll not valid. Loading of assembly skipped.
Assembly Unity.TextMeshPro.Tests.dll at Library/ScriptAssemblies/Unity.TextMeshPro.Tests.dll not valid. Loading of assembly skipped.
Assembly Unity.UnifiedRayTracing.Editor.Tests.dll at Library/ScriptAssemblies/Unity.UnifiedRayTracing.Editor.Tests.dll not valid. Loading of assembly skipped.
Assembly UnityEditor.UI.Common.Tests.dll at Library/ScriptAssemblies/UnityEditor.UI.Common.Tests.dll not valid. Loading of assembly skipped.
Assembly UnityEditor.UI.EditorTests.dll at Library/ScriptAssemblies/UnityEditor.UI.EditorTests.dll not valid. Loading of assembly skipped.
Assembly UnityEngine.UI.Tests.dll at Library/ScriptAssemblies/UnityEngine.UI.Tests.dll not valid. Loading of assembly skipped.
Native extension for WindowsStandalone target not found
Native extension for WebGL target not found
[Package Manager] Failed to launch server process. Reason: Unity was launched with the -noUpm command-line argument
[Package Manager] Unable to send message (not connected to server process).
[Package Manager] Cannot connect to Unity Package Manager local server
[Package Manager] Failed to launch server process. Reason: Unity was launched with the -noUpm command-line argument
[Package Manager] Unable to send message (not connected to server process).
[Package Manager] Cannot connect to Unity Package Manager local server
ScheduleIndexationOnStartup MainProcess:False IndexOnStartup:True
Mono: successfully reloaded assembly
- Finished resetting the current domain, in  0.742 seconds
Domain Reload Profiling: 1523ms
	BeginReloadAssembly (220ms)
		DisableScriptedObjects (5ms)
		CreateAndSetChildDomain (41ms)
	RebuildCommonClasses (35ms)
	RebuildNativeTypeToScriptingClass (11ms)
	initialDomainReloadingComplete (73ms)
	LoadAllAssembliesAndSetupDomain (443ms)
		LoadAssemblies (371ms)
		AnalyzeDomain (162ms)
			TypeCache.Refresh (6ms)
			BuildScriptInfoCaches (145ms)
			ResolveRequiredComponents (9ms)
	FinalizeReload (742ms)
		SetupLoadedEditorAssemblies (0ms)
			BeforeProcessingInitializeOnLoad (159ms)
			ProcessInitializeOnLoadAttributes (300ms)
			ProcessInitializeOnLoadMethodAttributes (82ms)
			AfterProcessingInitializeOnLoad (16ms)
		AwakeInstancesAfterBackupRestoration (25ms)
Unloading 36 Unused Serialized files (Serialized files now loaded: 0)
Unloading 6399 unused Assets / (7.4 MB). Loaded Objects now: 7650.
Memory consumption went from 186.0 MB to 178.5 MB.
Total: 11.027500 ms (FindLiveObjects: 1.072800 ms CreateObjectMapping: 0.784900 ms MarkObjects: 5.961500 ms  DeleteObjects: 3.207300 ms)

Prepare: number of updated asset objects reloaded= 0
========================================================================
Received Import Request.
  Time since last request: 261.696918 seconds.
  path: Assets/Prefabs/RoadSection_train.prefab
  importAddress: Guid(4266074f127d8634686c62a36be658d7) Importer(815301076,1909f56bfc062723c751e8b465ee728b)
Start importing Assets/Prefabs/RoadSection_train.prefab using Guid(4266074f127d8634686c62a36be658d7) Importer(815301076,1909f56bfc062723c751e8b465ee728b) (PreviewImporter) -> (Import Result ID: 'c61f10b4ca7d0aedf3d49e1356295f40') in 0.5033646 seconds [static and dynamic dependencies]. Details - ImportResultOutputID=ddd677adc3a353a25f4710f4e757088b DependenciesID=90c0271ecd02f47a2eec61d32abc97ce StaticDependenciesID=8f0041e303848ec342a1df2a4b049dda 
Number of updated asset objects reloaded before import = 0Number of asset objects unloaded after import = 1335

========================================================================
Received Prepare
Begin MonoManager ReloadAssembly
[Licensing::Client] Successfully resolved entitlement details
Assembly Assembly-CSharp-Editor-firstpass.dll at Library/ScriptAssemblies/Assembly-CSharp-Editor-firstpass.dll not valid. Loading of assembly skipped.
Assembly Assembly-CSharp-firstpass.dll at Library/ScriptAssemblies/Assembly-CSharp-firstpass.dll not valid. Loading of assembly skipped.
Assembly DocCodeExamples.dll at Library/ScriptAssemblies/DocCodeExamples.dll not valid. Loading of assembly skipped.
Assembly TestNewCustomAssembly.dll at Library/ScriptAssemblies/TestNewCustomAssembly.dll not valid. Loading of assembly skipped.
Assembly Unity.Collections.BurstCompatibilityGen.dll at Library/ScriptAssemblies/Unity.Collections.BurstCompatibilityGen.dll not valid. Loading of assembly skipped.
Assembly Unity.Collections.DocCodeSamples.dll at Library/ScriptAssemblies/Unity.Collections.DocCodeSamples.dll not valid. Loading of assembly skipped.
Assembly Unity.Collections.PerformanceTests.dll at Library/ScriptAssemblies/Unity.Collections.PerformanceTests.dll not valid. Loading of assembly skipped.
Assembly Unity.Collections.Tests.dll at Library/ScriptAssemblies/Unity.Collections.Tests.dll not valid. Loading of assembly skipped.
Assembly Unity.Collections.Tests.Playmode.dll at Library/ScriptAssemblies/Unity.Collections.Tests.Playmode.dll not valid. Loading of assembly skipped.
Assembly Unity.InputSystem.IntegrationTests.dll at Library/ScriptAssemblies/Unity.InputSystem.IntegrationTests.dll not valid. Loading of assembly skipped.
Assembly Unity.Mathematics.Tests.dll at Library/ScriptAssemblies/Unity.Mathematics.Tests.dll not valid. Loading of assembly skipped.
Assembly Unity.Multiplayer.Center.Editor.Tests.dll at Library/ScriptAssemblies/Unity.Multiplayer.Center.Editor.Tests.dll not valid. Loading of assembly skipped.
Assembly Unity.Multiplayer.Center.Tests.dll at Library/ScriptAssemblies/Unity.Multiplayer.Center.Tests.dll not valid. Loading of assembly skipped.
Assembly Unity.Nuget.Mono-Cecil.dll at Library/ScriptAssemblies/Unity.Nuget.Mono-Cecil.dll not valid. Loading of assembly skipped.
Assembly Unity.PathTracing.Editor.Tests.dll at Library/ScriptAssemblies/Unity.PathTracing.Editor.Tests.dll not valid. Loading of assembly skipped.
Assembly Unity.PathTracing.Runtime.Tests.dll at Library/ScriptAssemblies/Unity.PathTracing.Runtime.Tests.dll not valid. Loading of assembly skipped.
Assembly Unity.Postprocessing.Editor.Tests.dll at Library/ScriptAssemblies/Unity.Postprocessing.Editor.Tests.dll not valid. Loading of assembly skipped.
Assembly Unity.Postprocessing.Runtime.Tests.dll at Library/ScriptAssemblies/Unity.Postprocessing.Runtime.Tests.dll not valid. Loading of assembly skipped.
Assembly Unity.RenderPipelines.Core.Editor.Tests.dll at Library/ScriptAssemblies/Unity.RenderPipelines.Core.Editor.Tests.dll not valid. Loading of assembly skipped.
Assembly Unity.RenderPipelines.Core.Runtime.Tests.dll at Library/ScriptAssemblies/Unity.RenderPipelines.Core.Runtime.Tests.dll not valid. Loading of assembly skipped.
Assembly Unity.RenderPipelines.Universal.Config.Editor.Tests.dll at Library/ScriptAssemblies/Unity.RenderPipelines.Universal.Config.Editor.Tests.dll not valid. Loading of assembly skipped.
Assembly Unity.RenderPipelines.Universal.Editor.Tests.dll at Library/ScriptAssemblies/Unity.RenderPipelines.Universal.Editor.Tests.dll not valid. Loading of assembly skipped.
Assembly Unity.RenderPipelines.Universal.Runtime.Tests.dll at Library/ScriptAssemblies/Unity.RenderPipelines.Universal.Runtime.Tests.dll not valid. Loading of assembly skipped.
Assembly Unity.Searcher.EditorTests.dll at Library/ScriptAssemblies/Unity.Searcher.EditorTests.dll not valid. Loading of assembly skipped.
Assembly Unity.ShaderGraph.Editor.Tests.dll at Library/ScriptAssemblies/Unity.ShaderGraph.Editor.Tests.dll not valid. Loading of assembly skipped.
Assembly Unity.TextMeshPro.Editor.Tests.dll at Library/ScriptAssemblies/Unity.TextMeshPro.Editor.Tests.dll not valid. Loading of assembly skipped.
Assembly Unity.TextMeshPro.Tests.dll at Library/ScriptAssemblies/Unity.TextMeshPro.Tests.dll not valid. Loading of assembly skipped.
Assembly Unity.UnifiedRayTracing.Editor.Tests.dll at Library/ScriptAssemblies/Unity.UnifiedRayTracing.Editor.Tests.dll not valid. Loading of assembly skipped.
Assembly UnityEditor.UI.Common.Tests.dll at Library/ScriptAssemblies/UnityEditor.UI.Common.Tests.dll not valid. Loading of assembly skipped.
Assembly UnityEditor.UI.EditorTests.dll at Library/ScriptAssemblies/UnityEditor.UI.EditorTests.dll not valid. Loading of assembly skipped.
Assembly UnityEngine.UI.Tests.dll at Library/ScriptAssemblies/UnityEngine.UI.Tests.dll not valid. Loading of assembly skipped.
Native extension for WindowsStandalone target not found
Native extension for WebGL target not found
[Package Manager] Failed to launch server process. Reason: Unity was launched with the -noUpm command-line argument
[Package Manager] Unable to send message (not connected to server process).
[Package Manager] Cannot connect to Unity Package Manager local server
[Package Manager] Failed to launch server process. Reason: Unity was launched with the -noUpm command-line argument
[Package Manager] Unable to send message (not connected to server process).
[Package Manager] Cannot connect to Unity Package Manager local server
ScheduleIndexationOnStartup MainProcess:False IndexOnStartup:True
Mono: successfully reloaded assembly
- Finished resetting the current domain, in  0.655 seconds
Domain Reload Profiling: 1440ms
	BeginReloadAssembly (221ms)
		DisableScriptedObjects (22ms)
		CreateAndSetChildDomain (44ms)
	RebuildCommonClasses (32ms)
	RebuildNativeTypeToScriptingClass (11ms)
	initialDomainReloadingComplete (81ms)
	LoadAllAssembliesAndSetupDomain (440ms)
		LoadAssemblies (363ms)
		AnalyzeDomain (164ms)
			TypeCache.Refresh (5ms)
			BuildScriptInfoCaches (145ms)
			ResolveRequiredComponents (12ms)
	FinalizeReload (655ms)
		SetupLoadedEditorAssemblies (0ms)
			BeforeProcessingInitializeOnLoad (144ms)
			ProcessInitializeOnLoadAttributes (259ms)
			ProcessInitializeOnLoadMethodAttributes (74ms)
			AfterProcessingInitializeOnLoad (12ms)
		AwakeInstancesAfterBackupRestoration (20ms)
Refreshing native plugins compatible for Editor in 2.20 ms, found 3 plugins.
Unloading 36 Unused Serialized files (Serialized files now loaded: 0)
Unloading 6400 unused Assets / (7.7 MB). Loaded Objects now: 7673.
Memory consumption went from 182.6 MB to 174.9 MB.
Total: 10.991100 ms (FindLiveObjects: 1.132700 ms CreateObjectMapping: 0.798000 ms MarkObjects: 5.204900 ms  DeleteObjects: 3.854300 ms)

Prepare: number of updated asset objects reloaded= 0
========================================================================
Received Import Request.
  Time since last request: 51.689906 seconds.
  path: Assets/Prefabs/RoadSection_train.prefab
  importAddress: Guid(4266074f127d8634686c62a36be658d7) Importer(815301076,1909f56bfc062723c751e8b465ee728b)
Start importing Assets/Prefabs/RoadSection_train.prefab using Guid(4266074f127d8634686c62a36be658d7) Importer(815301076,1909f56bfc062723c751e8b465ee728b) (PreviewImporter) -> (Import Result ID: '8832dbae5b4c9f1c3d4b9ab7db85f0ed') in 0.503845 seconds [static and dynamic dependencies]. Details - ImportResultOutputID=ddd677adc3a353a25f4710f4e757088b DependenciesID=742c01402aaab22fe9df24c32a663b46 StaticDependenciesID=0acb29be3ba7f20996230e44b425926f 
Number of updated asset objects reloaded before import = 0Number of asset objects unloaded after import = 1335

========================================================================
Received Import Request.
  Time since last request: 2.054160 seconds.
  path: Assets/Prefabs/RoadSection_train.prefab
  importAddress: Guid(4266074f127d8634686c62a36be658d7) Importer(815301076,1909f56bfc062723c751e8b465ee728b)
Start importing Assets/Prefabs/RoadSection_train.prefab using Guid(4266074f127d8634686c62a36be658d7) Importer(815301076,1909f56bfc062723c751e8b465ee728b) (PreviewImporter) -> (Import Result ID: 'ddd78c099db7f46f55500e68d916cba6') in 0.097109 seconds [static and dynamic dependencies]. Details - ImportResultOutputID=ddd677adc3a353a25f4710f4e757088b DependenciesID=14ba07edaa9042a6fd3efb6b57c0ea46 StaticDependenciesID=7e52094f25f69d0a87d2517229851c71 
Number of updated asset objects reloaded before import = 0Number of asset objects unloaded after import = 1335

========================================================================
Received Prepare
Begin MonoManager ReloadAssembly
Assembly Assembly-CSharp-Editor-firstpass.dll at Library/ScriptAssemblies/Assembly-CSharp-Editor-firstpass.dll not valid. Loading of assembly skipped.
Assembly Assembly-CSharp-firstpass.dll at Library/ScriptAssemblies/Assembly-CSharp-firstpass.dll not valid. Loading of assembly skipped.
Assembly DocCodeExamples.dll at Library/ScriptAssemblies/DocCodeExamples.dll not valid. Loading of assembly skipped.
Assembly TestNewCustomAssembly.dll at Library/ScriptAssemblies/TestNewCustomAssembly.dll not valid. Loading of assembly skipped.
Assembly Unity.Collections.BurstCompatibilityGen.dll at Library/ScriptAssemblies/Unity.Collections.BurstCompatibilityGen.dll not valid. Loading of assembly skipped.
Assembly Unity.Collections.DocCodeSamples.dll at Library/ScriptAssemblies/Unity.Collections.DocCodeSamples.dll not valid. Loading of assembly skipped.
Assembly Unity.Collections.PerformanceTests.dll at Library/ScriptAssemblies/Unity.Collections.PerformanceTests.dll not valid. Loading of assembly skipped.
Assembly Unity.Collections.Tests.dll at Library/ScriptAssemblies/Unity.Collections.Tests.dll not valid. Loading of assembly skipped.
Assembly Unity.Collections.Tests.Playmode.dll at Library/ScriptAssemblies/Unity.Collections.Tests.Playmode.dll not valid. Loading of assembly skipped.
Assembly Unity.InputSystem.IntegrationTests.dll at Library/ScriptAssemblies/Unity.InputSystem.IntegrationTests.dll not valid. Loading of assembly skipped.
Assembly Unity.Mathematics.Tests.dll at Library/ScriptAssemblies/Unity.Mathematics.Tests.dll not valid. Loading of assembly skipped.
Assembly Unity.Multiplayer.Center.Editor.Tests.dll at Library/ScriptAssemblies/Unity.Multiplayer.Center.Editor.Tests.dll not valid. Loading of assembly skipped.
Assembly Unity.Multiplayer.Center.Tests.dll at Library/ScriptAssemblies/Unity.Multiplayer.Center.Tests.dll not valid. Loading of assembly skipped.
Assembly Unity.Nuget.Mono-Cecil.dll at Library/ScriptAssemblies/Unity.Nuget.Mono-Cecil.dll not valid. Loading of assembly skipped.
Assembly Unity.PathTracing.Editor.Tests.dll at Library/ScriptAssemblies/Unity.PathTracing.Editor.Tests.dll not valid. Loading of assembly skipped.
Assembly Unity.PathTracing.Runtime.Tests.dll at Library/ScriptAssemblies/Unity.PathTracing.Runtime.Tests.dll not valid. Loading of assembly skipped.
Assembly Unity.Postprocessing.Editor.Tests.dll at Library/ScriptAssemblies/Unity.Postprocessing.Editor.Tests.dll not valid. Loading of assembly skipped.
Assembly Unity.Postprocessing.Runtime.Tests.dll at Library/ScriptAssemblies/Unity.Postprocessing.Runtime.Tests.dll not valid. Loading of assembly skipped.
Assembly Unity.RenderPipelines.Core.Editor.Tests.dll at Library/ScriptAssemblies/Unity.RenderPipelines.Core.Editor.Tests.dll not valid. Loading of assembly skipped.
Assembly Unity.RenderPipelines.Core.Runtime.Tests.dll at Library/ScriptAssemblies/Unity.RenderPipelines.Core.Runtime.Tests.dll not valid. Loading of assembly skipped.
Assembly Unity.RenderPipelines.Universal.Config.Editor.Tests.dll at Library/ScriptAssemblies/Unity.RenderPipelines.Universal.Config.Editor.Tests.dll not valid. Loading of assembly skipped.
Assembly Unity.RenderPipelines.Universal.Editor.Tests.dll at Library/ScriptAssemblies/Unity.RenderPipelines.Universal.Editor.Tests.dll not valid. Loading of assembly skipped.
Assembly Unity.RenderPipelines.Universal.Runtime.Tests.dll at Library/ScriptAssemblies/Unity.RenderPipelines.Universal.Runtime.Tests.dll not valid. Loading of assembly skipped.
Assembly Unity.Searcher.EditorTests.dll at Library/ScriptAssemblies/Unity.Searcher.EditorTests.dll not valid. Loading of assembly skipped.
Assembly Unity.ShaderGraph.Editor.Tests.dll at Library/ScriptAssemblies/Unity.ShaderGraph.Editor.Tests.dll not valid. Loading of assembly skipped.
Assembly Unity.TextMeshPro.Editor.Tests.dll at Library/ScriptAssemblies/Unity.TextMeshPro.Editor.Tests.dll not valid. Loading of assembly skipped.
Assembly Unity.TextMeshPro.Tests.dll at Library/ScriptAssemblies/Unity.TextMeshPro.Tests.dll not valid. Loading of assembly skipped.
Assembly Unity.UnifiedRayTracing.Editor.Tests.dll at Library/ScriptAssemblies/Unity.UnifiedRayTracing.Editor.Tests.dll not valid. Loading of assembly skipped.
Assembly UnityEditor.UI.Common.Tests.dll at Library/ScriptAssemblies/UnityEditor.UI.Common.Tests.dll not valid. Loading of assembly skipped.
Assembly UnityEditor.UI.EditorTests.dll at Library/ScriptAssemblies/UnityEditor.UI.EditorTests.dll not valid. Loading of assembly skipped.
Assembly UnityEngine.UI.Tests.dll at Library/ScriptAssemblies/UnityEngine.UI.Tests.dll not valid. Loading of assembly skipped.
Native extension for WindowsStandalone target not found
Native extension for WebGL target not found
[Package Manager] Failed to launch server process. Reason: Unity was launched with the -noUpm command-line argument
[Package Manager] Unable to send message (not connected to server process).
[Package Manager] Cannot connect to Unity Package Manager local server
[Package Manager] Failed to launch server process. Reason: Unity was launched with the -noUpm command-line argument
[Package Manager] Unable to send message (not connected to server process).
[Package Manager] Cannot connect to Unity Package Manager local server
ScheduleIndexationOnStartup MainProcess:False IndexOnStartup:True
Mono: successfully reloaded assembly
- Finished resetting the current domain, in  0.713 seconds
Domain Reload Profiling: 1491ms
	BeginReloadAssembly (213ms)
		DisableScriptedObjects (20ms)
		CreateAndSetChildDomain (46ms)
	RebuildCommonClasses (35ms)
	RebuildNativeTypeToScriptingClass (11ms)
	initialDomainReloadingComplete (71ms)
	LoadAllAssembliesAndSetupDomain (448ms)
		LoadAssemblies (370ms)
		AnalyzeDomain (166ms)
			TypeCache.Refresh (5ms)
			BuildScriptInfoCaches (150ms)
			ResolveRequiredComponents (9ms)
	FinalizeReload (714ms)
		SetupLoadedEditorAssemblies (0ms)
			BeforeProcessingInitializeOnLoad (153ms)
			ProcessInitializeOnLoadAttributes (284ms)
			ProcessInitializeOnLoadMethodAttributes (78ms)
			AfterProcessingInitializeOnLoad (14ms)
		AwakeInstancesAfterBackupRestoration (25ms)
Refreshing native plugins compatible for Editor in 2.11 ms, found 3 plugins.
Unloading 36 Unused Serialized files (Serialized files now loaded: 0)
Unloading 6400 unused Assets / (7.6 MB). Loaded Objects now: 7696.
Memory consumption went from 182.4 MB to 174.8 MB.
Total: 9.668100 ms (FindLiveObjects: 0.868100 ms CreateObjectMapping: 0.446700 ms MarkObjects: 4.882200 ms  DeleteObjects: 3.469900 ms)

Prepare: number of updated asset objects reloaded= 0
========================================================================
Received Import Request.
  Time since last request: 441.815783 seconds.
  path: Assets/Prefabs/RoadSection_Station.prefab
  importAddress: Guid(11a45ee738390cb458a207afb904fc65) Importer(815301076,1909f56bfc062723c751e8b465ee728b)
Start importing Assets/Prefabs/RoadSection_Station.prefab using Guid(11a45ee738390cb458a207afb904fc65) Importer(815301076,1909f56bfc062723c751e8b465ee728b) (PreviewImporter) -> (Import Result ID: '418e50822a89a33df1481d51eeced310') in 0.544581 seconds [static and dynamic dependencies]. Details - ImportResultOutputID=351612f8557a4b1decbaf909f05c3296 DependenciesID=dd611498746060f71a11b3c821243a34 StaticDependenciesID=77b5fe995e9f7e5c2006856447316aa6 
Number of updated asset objects reloaded before import = 0Number of asset objects unloaded after import = 1336

========================================================================
Received Prepare
Begin MonoManager ReloadAssembly
[Licensing::Client] Successfully resolved entitlement details
Assembly Assembly-CSharp-Editor-firstpass.dll at Library/ScriptAssemblies/Assembly-CSharp-Editor-firstpass.dll not valid. Loading of assembly skipped.
Assembly Assembly-CSharp-firstpass.dll at Library/ScriptAssemblies/Assembly-CSharp-firstpass.dll not valid. Loading of assembly skipped.
Assembly DocCodeExamples.dll at Library/ScriptAssemblies/DocCodeExamples.dll not valid. Loading of assembly skipped.
Assembly TestNewCustomAssembly.dll at Library/ScriptAssemblies/TestNewCustomAssembly.dll not valid. Loading of assembly skipped.
Assembly Unity.Collections.BurstCompatibilityGen.dll at Library/ScriptAssemblies/Unity.Collections.BurstCompatibilityGen.dll not valid. Loading of assembly skipped.
Assembly Unity.Collections.DocCodeSamples.dll at Library/ScriptAssemblies/Unity.Collections.DocCodeSamples.dll not valid. Loading of assembly skipped.
Assembly Unity.Collections.PerformanceTests.dll at Library/ScriptAssemblies/Unity.Collections.PerformanceTests.dll not valid. Loading of assembly skipped.
Assembly Unity.Collections.Tests.dll at Library/ScriptAssemblies/Unity.Collections.Tests.dll not valid. Loading of assembly skipped.
Assembly Unity.Collections.Tests.Playmode.dll at Library/ScriptAssemblies/Unity.Collections.Tests.Playmode.dll not valid. Loading of assembly skipped.
Assembly Unity.InputSystem.IntegrationTests.dll at Library/ScriptAssemblies/Unity.InputSystem.IntegrationTests.dll not valid. Loading of assembly skipped.
Assembly Unity.Mathematics.Tests.dll at Library/ScriptAssemblies/Unity.Mathematics.Tests.dll not valid. Loading of assembly skipped.
Assembly Unity.Multiplayer.Center.Editor.Tests.dll at Library/ScriptAssemblies/Unity.Multiplayer.Center.Editor.Tests.dll not valid. Loading of assembly skipped.
Assembly Unity.Multiplayer.Center.Tests.dll at Library/ScriptAssemblies/Unity.Multiplayer.Center.Tests.dll not valid. Loading of assembly skipped.
Assembly Unity.Nuget.Mono-Cecil.dll at Library/ScriptAssemblies/Unity.Nuget.Mono-Cecil.dll not valid. Loading of assembly skipped.
Assembly Unity.PathTracing.Editor.Tests.dll at Library/ScriptAssemblies/Unity.PathTracing.Editor.Tests.dll not valid. Loading of assembly skipped.
Assembly Unity.PathTracing.Runtime.Tests.dll at Library/ScriptAssemblies/Unity.PathTracing.Runtime.Tests.dll not valid. Loading of assembly skipped.
Assembly Unity.Postprocessing.Editor.Tests.dll at Library/ScriptAssemblies/Unity.Postprocessing.Editor.Tests.dll not valid. Loading of assembly skipped.
Assembly Unity.Postprocessing.Runtime.Tests.dll at Library/ScriptAssemblies/Unity.Postprocessing.Runtime.Tests.dll not valid. Loading of assembly skipped.
Assembly Unity.RenderPipelines.Core.Editor.Tests.dll at Library/ScriptAssemblies/Unity.RenderPipelines.Core.Editor.Tests.dll not valid. Loading of assembly skipped.
Assembly Unity.RenderPipelines.Core.Runtime.Tests.dll at Library/ScriptAssemblies/Unity.RenderPipelines.Core.Runtime.Tests.dll not valid. Loading of assembly skipped.
Assembly Unity.RenderPipelines.Universal.Config.Editor.Tests.dll at Library/ScriptAssemblies/Unity.RenderPipelines.Universal.Config.Editor.Tests.dll not valid. Loading of assembly skipped.
Assembly Unity.RenderPipelines.Universal.Editor.Tests.dll at Library/ScriptAssemblies/Unity.RenderPipelines.Universal.Editor.Tests.dll not valid. Loading of assembly skipped.
Assembly Unity.RenderPipelines.Universal.Runtime.Tests.dll at Library/ScriptAssemblies/Unity.RenderPipelines.Universal.Runtime.Tests.dll not valid. Loading of assembly skipped.
Assembly Unity.Searcher.EditorTests.dll at Library/ScriptAssemblies/Unity.Searcher.EditorTests.dll not valid. Loading of assembly skipped.
Assembly Unity.ShaderGraph.Editor.Tests.dll at Library/ScriptAssemblies/Unity.ShaderGraph.Editor.Tests.dll not valid. Loading of assembly skipped.
Assembly Unity.TextMeshPro.Editor.Tests.dll at Library/ScriptAssemblies/Unity.TextMeshPro.Editor.Tests.dll not valid. Loading of assembly skipped.
Assembly Unity.TextMeshPro.Tests.dll at Library/ScriptAssemblies/Unity.TextMeshPro.Tests.dll not valid. Loading of assembly skipped.
Assembly Unity.UnifiedRayTracing.Editor.Tests.dll at Library/ScriptAssemblies/Unity.UnifiedRayTracing.Editor.Tests.dll not valid. Loading of assembly skipped.
Assembly UnityEditor.UI.Common.Tests.dll at Library/ScriptAssemblies/UnityEditor.UI.Common.Tests.dll not valid. Loading of assembly skipped.
Assembly UnityEditor.UI.EditorTests.dll at Library/ScriptAssemblies/UnityEditor.UI.EditorTests.dll not valid. Loading of assembly skipped.
Assembly UnityEngine.UI.Tests.dll at Library/ScriptAssemblies/UnityEngine.UI.Tests.dll not valid. Loading of assembly skipped.
Native extension for WindowsStandalone target not found
Native extension for WebGL target not found
[Package Manager] Failed to launch server process. Reason: Unity was launched with the -noUpm command-line argument
[Package Manager] Unable to send message (not connected to server process).
[Package Manager] Cannot connect to Unity Package Manager local server
[Package Manager] Failed to launch server process. Reason: Unity was launched with the -noUpm command-line argument
[Package Manager] Unable to send message (not connected to server process).
[Package Manager] Cannot connect to Unity Package Manager local server
ScheduleIndexationOnStartup MainProcess:False IndexOnStartup:True
Mono: successfully reloaded assembly
- Finished resetting the current domain, in  0.721 seconds
Domain Reload Profiling: 1534ms
	BeginReloadAssembly (230ms)
		DisableScriptedObjects (23ms)
		CreateAndSetChildDomain (49ms)
	RebuildCommonClasses (34ms)
	RebuildNativeTypeToScriptingClass (11ms)
	initialDomainReloadingComplete (74ms)
	LoadAllAssembliesAndSetupDomain (464ms)
		LoadAssemblies (393ms)
		AnalyzeDomain (164ms)
			TypeCache.Refresh (6ms)
			BuildScriptInfoCaches (147ms)
			ResolveRequiredComponents (10ms)
	FinalizeReload (722ms)
		SetupLoadedEditorAssemblies (0ms)
			BeforeProcessingInitializeOnLoad (157ms)
			ProcessInitializeOnLoadAttributes (299ms)
			ProcessInitializeOnLoadMethodAttributes (72ms)
			AfterProcessingInitializeOnLoad (14ms)
		AwakeInstancesAfterBackupRestoration (25ms)
Unloading 36 Unused Serialized files (Serialized files now loaded: 0)
Unloading 6400 unused Assets / (7.6 MB). Loaded Objects now: 7719.
Memory consumption went from 182.7 MB to 175.0 MB.
Total: 12.685400 ms (FindLiveObjects: 0.890000 ms CreateObjectMapping: 0.837000 ms MarkObjects: 7.095600 ms  DeleteObjects: 3.861500 ms)

Prepare: number of updated asset objects reloaded= 0
========================================================================
Received Import Request.
  Time since last request: 206.506852 seconds.
  path: Assets/Prefabs/RoadSection_Station.prefab
  importAddress: Guid(11a45ee738390cb458a207afb904fc65) Importer(815301076,1909f56bfc062723c751e8b465ee728b)
Start importing Assets/Prefabs/RoadSection_Station.prefab using Guid(11a45ee738390cb458a207afb904fc65) Importer(815301076,1909f56bfc062723c751e8b465ee728b) (PreviewImporter) -> (Import Result ID: '51ca0fa10c9b9a6dd8f6576d46fc3d51') in 0.4889608 seconds [static and dynamic dependencies]. Details - ImportResultOutputID=351612f8557a4b1decbaf909f05c3296 DependenciesID=67e0ebbbd2043c846752fae5be63bd52 StaticDependenciesID=ba1185283be68be2f6608fa0e94fc707 
Number of updated asset objects reloaded before import = 0Number of asset objects unloaded after import = 1336

========================================================================
Received Import Request.
  Time since last request: 7.502551 seconds.
  path: Assets/Prefabs/RoadSection_Station.prefab
  importAddress: Guid(11a45ee738390cb458a207afb904fc65) Importer(815301076,1909f56bfc062723c751e8b465ee728b)
Start importing Assets/Prefabs/RoadSection_Station.prefab using Guid(11a45ee738390cb458a207afb904fc65) Importer(815301076,1909f56bfc062723c751e8b465ee728b) (PreviewImporter) -> (Import Result ID: '2fd0b96afc1b731c02711d7bae0eb3db') in 0.1020443 seconds [static and dynamic dependencies]. Details - ImportResultOutputID=351612f8557a4b1decbaf909f05c3296 DependenciesID=922b3077891376b37eaac8fae75837da StaticDependenciesID=5cb1a6dcc15860875ccbddc3e9e75ba5 
Number of updated asset objects reloaded before import = 0Number of asset objects unloaded after import = 1336

========================================================================
Received Import Request.
  Time since last request: 1.792852 seconds.
  path: Assets/Prefabs/RoadSection_Station.prefab
  importAddress: Guid(11a45ee738390cb458a207afb904fc65) Importer(815301076,1909f56bfc062723c751e8b465ee728b)
Start importing Assets/Prefabs/RoadSection_Station.prefab using Guid(11a45ee738390cb458a207afb904fc65) Importer(815301076,1909f56bfc062723c751e8b465ee728b) (PreviewImporter) -> (Import Result ID: '3806e0a389e941d43ffa755b78333a95') in 0.0988821 seconds [static and dynamic dependencies]. Details - ImportResultOutputID=351612f8557a4b1decbaf909f05c3296 DependenciesID=2c3fb4146d856cd31ba8ab5f3f7c29af StaticDependenciesID=e9312e72bd3e09144d0fdf6fe2682c5e 
Number of updated asset objects reloaded before import = 0Number of asset objects unloaded after import = 1336

========================================================================
Received Import Request.
  Time since last request: 2.495554 seconds.
  path: Assets/Prefabs/RoadSection_Station.prefab
  importAddress: Guid(11a45ee738390cb458a207afb904fc65) Importer(815301076,1909f56bfc062723c751e8b465ee728b)
Start importing Assets/Prefabs/RoadSection_Station.prefab using Guid(11a45ee738390cb458a207afb904fc65) Importer(815301076,1909f56bfc062723c751e8b465ee728b) (PreviewImporter) -> (Import Result ID: '8c6b59d71c05307f8e472f31e4ee42a2') in 0.0933127 seconds [static and dynamic dependencies]. Details - ImportResultOutputID=351612f8557a4b1decbaf909f05c3296 DependenciesID=bffd50ac0dfd982ca5d492368dfcbb93 StaticDependenciesID=bc9a2505f5ca0a5b43ed0500a68a39ea 
Number of updated asset objects reloaded before import = 0Number of asset objects unloaded after import = 1336

========================================================================
Received Import Request.
  Time since last request: 1.504840 seconds.
  path: Assets/Prefabs/RoadSection_Station.prefab
  importAddress: Guid(11a45ee738390cb458a207afb904fc65) Importer(815301076,1909f56bfc062723c751e8b465ee728b)
Start importing Assets/Prefabs/RoadSection_Station.prefab using Guid(11a45ee738390cb458a207afb904fc65) Importer(815301076,1909f56bfc062723c751e8b465ee728b) (PreviewImporter) -> (Import Result ID: '5268f13d401b2a2b1acf8d3641955131') in 0.0971904 seconds [static and dynamic dependencies]. Details - ImportResultOutputID=351612f8557a4b1decbaf909f05c3296 DependenciesID=f72457edec106929341ff0321d7bb555 StaticDependenciesID=2c0c2abecede108732723540394b6b17 
Number of updated asset objects reloaded before import = 0Number of asset objects unloaded after import = 1336

========================================================================
Received Import Request.
  Time since last request: 17.991499 seconds.
  path: Assets/Prefabs/RoadSection_Straight.prefab
  importAddress: Guid(5ad286af60a957c4ea6d5d37f4a55dca) Importer(815301076,1909f56bfc062723c751e8b465ee728b)
Start importing Assets/Prefabs/RoadSection_Straight.prefab using Guid(5ad286af60a957c4ea6d5d37f4a55dca) Importer(815301076,1909f56bfc062723c751e8b465ee728b) (PreviewImporter) -> (Import Result ID: '9c31cd2d6101fcd8bb298535531923fc') in 0.033262 seconds [static and dynamic dependencies]. Details - ImportResultOutputID=52b4d63a670708576095657dd81f0f0d DependenciesID=ef667f22297b48c89bc83e3fca3a9462 StaticDependenciesID=94446212e70e2b217d374927b6fa97ea 
Number of updated asset objects reloaded before import = 0Number of asset objects unloaded after import = 341

========================================================================
Received Import Request.
  Time since last request: 16.345912 seconds.
  path: Assets/Prefabs/RoadSection_Straight.prefab
  importAddress: Guid(5ad286af60a957c4ea6d5d37f4a55dca) Importer(815301076,1909f56bfc062723c751e8b465ee728b)
Start importing Assets/Prefabs/RoadSection_Straight.prefab using Guid(5ad286af60a957c4ea6d5d37f4a55dca) Importer(815301076,1909f56bfc062723c751e8b465ee728b) (PreviewImporter) -> (Import Result ID: '962f96514b721ccf1ea017ad96589fa8') in 0.0341046 seconds [static and dynamic dependencies]. Details - ImportResultOutputID=52b4d63a670708576095657dd81f0f0d DependenciesID=85c861a726c28738da4562beb8b189d2 StaticDependenciesID=0cca8dafa4bc94de0a87014ec685239a 
Number of updated asset objects reloaded before import = 0Number of asset objects unloaded after import = 341

========================================================================
Received Import Request.
  Time since last request: 12.148245 seconds.
  path: Assets/Prefabs/RoadSection_Gap 1 1.prefab
  importAddress: Guid(0ed34c1298a7cbe498aa19c15a3f8182) Importer(815301076,1909f56bfc062723c751e8b465ee728b)
Start importing Assets/Prefabs/RoadSection_Gap 1 1.prefab using Guid(0ed34c1298a7cbe498aa19c15a3f8182) Importer(815301076,1909f56bfc062723c751e8b465ee728b) (PreviewImporter) -> (Import Result ID: 'cb12fb40d83cf7ec458b6217b5b856dd') in 0.0508466 seconds [static and dynamic dependencies]. Details - ImportResultOutputID=7078e8364d4ef30da987bcf74d34e0d6 DependenciesID=1c96bbfbd40576ff5be5267c8d74b42f StaticDependenciesID=668a06225d8e19b2df15e8cf27a58e3a 
Number of updated asset objects reloaded before import = 0Number of asset objects unloaded after import = 23

========================================================================
Received Import Request.
  Time since last request: 7.968972 seconds.
  path: Assets/Prefabs/RoadSection_Gap 1 1.prefab
  importAddress: Guid(0ed34c1298a7cbe498aa19c15a3f8182) Importer(815301076,1909f56bfc062723c751e8b465ee728b)
Start importing Assets/Prefabs/RoadSection_Gap 1 1.prefab using Guid(0ed34c1298a7cbe498aa19c15a3f8182) Importer(815301076,1909f56bfc062723c751e8b465ee728b) (PreviewImporter) -> (Import Result ID: 'a9788e5871c5b223675158e0871f50f8') in 0.0126713 seconds [static and dynamic dependencies]. Details - ImportResultOutputID=7078e8364d4ef30da987bcf74d34e0d6 DependenciesID=2f6c482e4f2b6ded54fa2b276ddcaf9c StaticDependenciesID=67aa64514b0468809de2c445e4483ac9 
Number of updated asset objects reloaded before import = 0Number of asset objects unloaded after import = 25

========================================================================
Received Prepare
Unloading 36 Unused Serialized files (Serialized files now loaded: 0)
Unloading 6394 unused Assets / (7.4 MB). Loaded Objects now: 7830.
Memory consumption went from 188.1 MB to 180.7 MB.
Total: 9.449100 ms (FindLiveObjects: 0.658200 ms CreateObjectMapping: 0.330100 ms MarkObjects: 6.062800 ms  DeleteObjects: 2.396900 ms)

Prepare: number of updated asset objects reloaded= 0
========================================================================
Received Prepare
Unloading 36 Unused Serialized files (Serialized files now loaded: 0)
Unloading 6393 unused Assets / (7.8 MB). Loaded Objects now: 7830.
Memory consumption went from 191.8 MB to 184.0 MB.
Total: 10.164300 ms (FindLiveObjects: 0.691100 ms CreateObjectMapping: 0.396600 ms MarkObjects: 5.932000 ms  DeleteObjects: 3.143700 ms)

Prepare: number of updated asset objects reloaded= 0
========================================================================
Received Import Request.
  Time since last request: 294.904238 seconds.
  path: Assets/Scenes/SampleScene.unity
  importAddress: Guid(99c9720ab356a0642a771bea13969a05) Importer(2089858483,b0f066a214c2f5e87bad3c948f4d605d)
Start importing Assets/Scenes/SampleScene.unity using Guid(99c9720ab356a0642a771bea13969a05) Importer(2089858483,b0f066a214c2f5e87bad3c948f4d605d) (ScriptedImporter) -> (Import Result ID: '3fea4d79732068d4fd84745c2d1bd7e9') in 0.0837257 seconds [static and dynamic dependencies]. Details - ImportResultOutputID=aa3d827353856313a1c49e5ccab8c3e4 DependenciesID=2c30583c7c3f1ccd84169656e5fae591 StaticDependenciesID=4c232616d98e2e0d155a8140ae916f1b 
Number of updated asset objects reloaded before import = 0Number of asset objects unloaded after import = 1

========================================================================
Received Import Request.
  Time since last request: 0.000034 seconds.
  path: Assets/Prefabs/RoadSection_Gap 1 1.prefab
  importAddress: Guid(0ed34c1298a7cbe498aa19c15a3f8182) Importer(2089858483,b0f066a214c2f5e87bad3c948f4d605d)
Start importing Assets/Prefabs/RoadSection_Gap 1 1.prefab using Guid(0ed34c1298a7cbe498aa19c15a3f8182) Importer(2089858483,b0f066a214c2f5e87bad3c948f4d605d) (ScriptedImporter) -> (Import Result ID: 'ee17a26a33730464aef3bb4ee4cc8dbf') in 0.0469752 seconds [static and dynamic dependencies]. Details - ImportResultOutputID=4c334b0db775e32f6d3feac3e1e8d292 DependenciesID=5050b1bbed16b86eff6eb5d7b836e06b StaticDependenciesID=9e2e85a48ed95954a030b0a98dc3df73 
Number of updated asset objects reloaded before import = 0Number of asset objects unloaded after import = 25

========================================================================
Received Import Request.
  Time since last request: 0.000033 seconds.
  path: Assets/Scripts/LevelGenerator.cs
  importAddress: Guid(7635b59957a676342ba6d7ec7e9d8d7c) Importer(2089858483,b0f066a214c2f5e87bad3c948f4d605d)
Start importing Assets/Scripts/LevelGenerator.cs using Guid(7635b59957a676342ba6d7ec7e9d8d7c) Importer(2089858483,b0f066a214c2f5e87bad3c948f4d605d) (ScriptedImporter) -> (Import Result ID: '8804ad25ea0d7072bd8b5d88b39267c4') in 0.0106905 seconds [static and dynamic dependencies]. Details - ImportResultOutputID=1bdc48ce6a3c394998b46a35912cd2f7 DependenciesID=1dd31d9c6324fd92efc31a200bc2becb StaticDependenciesID=e3ce90d56486488eb59b0f8e50d38e9a 
Number of updated asset objects reloaded before import = 0Number of asset objects unloaded after import = 0

========================================================================
Received Prepare
Unloading 36 Unused Serialized files (Serialized files now loaded: 0)
Unloading 6394 unused Assets / (7.9 MB). Loaded Objects now: 7831.
Memory consumption went from 188.1 MB to 180.2 MB.
Total: 14.571500 ms (FindLiveObjects: 1.224500 ms CreateObjectMapping: 1.196800 ms MarkObjects: 8.571100 ms  DeleteObjects: 3.578000 ms)

Prepare: number of updated asset objects reloaded= 0
========================================================================
Received Import Request.
  Time since last request: 10.104475 seconds.
  path: Assets/Scripts/RoadSectionData1.cs
  importAddress: Guid(1b69f6cbc0583fa40be3125c0af3d489) Importer(815301076,1909f56bfc062723c751e8b465ee728b)
Start importing Assets/Scripts/RoadSectionData1.cs using Guid(1b69f6cbc0583fa40be3125c0af3d489) Importer(815301076,1909f56bfc062723c751e8b465ee728b) (PreviewImporter) -> (Import Result ID: 'bca2decc444927930aa0a8c6be01c244') in 0.0005882 seconds [static and dynamic dependencies]. Details - ImportResultOutputID=d2bd7b139759f11c6260e39670a2c622 DependenciesID=75b6a03c95812bbe89677af77088c395 StaticDependenciesID=4c1f91c363fff4a4e38957d0952012f0 
Number of updated asset objects reloaded before import = 0Number of asset objects unloaded after import = 0

========================================================================
Received Import Request.
  Time since last request: 0.418842 seconds.
  path: Assets/Scripts/RoadSectionData1.cs
  importAddress: Guid(1b69f6cbc0583fa40be3125c0af3d489) Importer(2089858483,b0f066a214c2f5e87bad3c948f4d605d)
Start importing Assets/Scripts/RoadSectionData1.cs using Guid(1b69f6cbc0583fa40be3125c0af3d489) Importer(2089858483,b0f066a214c2f5e87bad3c948f4d605d) (ScriptedImporter) -> (Import Result ID: '84555a2e4b7afbb661049ecc34edf97c') in 0.0083966 seconds [static and dynamic dependencies]. Details - ImportResultOutputID=912e64c28a3b6c3c4745a7c9ecf397e9 DependenciesID=709e1f2a5ce0a05fe8e65b352a0eb65d StaticDependenciesID=c1b1a90ecb50c504683feef8658c7c97 
Number of updated asset objects reloaded before import = 0Number of asset objects unloaded after import = 0

========================================================================
Received Prepare
Unloading 36 Unused Serialized files (Serialized files now loaded: 0)
Unloading 6394 unused Assets / (8.6 MB). Loaded Objects now: 7831.
Memory consumption went from 188.1 MB to 179.6 MB.
Total: 11.542500 ms (FindLiveObjects: 0.734000 ms CreateObjectMapping: 0.396400 ms MarkObjects: 6.438300 ms  DeleteObjects: 3.972800 ms)

Prepare: number of updated asset objects reloaded= 0
========================================================================
Received Import Request.
  Time since last request: 7.518437 seconds.
  path: Assets/Scripts/RoadSectionData1.cs
  importAddress: Guid(1b69f6cbc0583fa40be3125c0af3d489) Importer(2089858483,b0f066a214c2f5e87bad3c948f4d605d)
Start importing Assets/Scripts/RoadSectionData1.cs using Guid(1b69f6cbc0583fa40be3125c0af3d489) Importer(2089858483,b0f066a214c2f5e87bad3c948f4d605d) (ScriptedImporter) -> (Import Result ID: '6d081ba8f7380fc36143a1a2fd0bf38a') in 0.010041 seconds [static and dynamic dependencies]. Details - ImportResultOutputID=0226bcb83dbd4c8daa5caf5caab6bb17 DependenciesID=4828253acf9df958bb33aa4b8ddb6ef3 StaticDependenciesID=ebf57485749aad5729269de159e48fbe 
Number of updated asset objects reloaded before import = 0Number of asset objects unloaded after import = 0

========================================================================
Received Import Request.
  Time since last request: 1.485494 seconds.
  path: Assets/Scripts/LevelGenerator.cs
  importAddress: Guid(7635b59957a676342ba6d7ec7e9d8d7c) Importer(815301076,1909f56bfc062723c751e8b465ee728b)
Start importing Assets/Scripts/LevelGenerator.cs using Guid(7635b59957a676342ba6d7ec7e9d8d7c) Importer(815301076,1909f56bfc062723c751e8b465ee728b) (PreviewImporter) -> (Import Result ID: 'f604301ee7881ee6213e3973b26525e5') in 0.0005615 seconds [static and dynamic dependencies]. Details - ImportResultOutputID=555dbb124a4aed5bf98ed04bf84d12b9 DependenciesID=dd758d5626b185caff779fb82dd62733 StaticDependenciesID=88da1cf1a93ead9cffacb5fbda887158 
Number of updated asset objects reloaded before import = 0Number of asset objects unloaded after import = 0

========================================================================
Received Import Request.
  Time since last request: 28.003488 seconds.
  path: Assets/Prefabs/RoadSection_Station.prefab
  importAddress: Guid(11a45ee738390cb458a207afb904fc65) Importer(815301076,1909f56bfc062723c751e8b465ee728b)
Start importing Assets/Prefabs/RoadSection_Station.prefab using Guid(11a45ee738390cb458a207afb904fc65) Importer(815301076,1909f56bfc062723c751e8b465ee728b) (PreviewImporter) -> (Import Result ID: 'e753736abadd6394aa6a2d19882ee883') in 0.0997547 seconds [static and dynamic dependencies]. Details - ImportResultOutputID=351612f8557a4b1decbaf909f05c3296 DependenciesID=5b7391c04378655a79a860144a602c9f StaticDependenciesID=5a391ced71f5a7575c3c4f3c47b7a9e5 
Number of updated asset objects reloaded before import = 0Number of asset objects unloaded after import = 1337

========================================================================
Received Import Request.
  Time since last request: 0.820098 seconds.
  path: Assets/Prefabs/RoadSection_Station.prefab
  importAddress: Guid(11a45ee738390cb458a207afb904fc65) Importer(2089858483,b0f066a214c2f5e87bad3c948f4d605d)
Start importing Assets/Prefabs/RoadSection_Station.prefab using Guid(11a45ee738390cb458a207afb904fc65) Importer(2089858483,b0f066a214c2f5e87bad3c948f4d605d) (ScriptedImporter) -> (Import Result ID: 'b112b07b8eefcf751eb22cae382aebf2') in 0.042706 seconds [static and dynamic dependencies]. Details - ImportResultOutputID=d42d941736b2ed4a847a411b5c4c17fe DependenciesID=7c4b1cb669367db658ae80ff3b863d95 StaticDependenciesID=87265261c68ba99974d91fb4c043efad 
Number of updated asset objects reloaded before import = 0Number of asset objects unloaded after import = 1235

========================================================================
Received Import Request.
  Time since last request: 39.124957 seconds.
  path: Assets/Prefabs/RoadSection_Station.prefab
  importAddress: Guid(11a45ee738390cb458a207afb904fc65) Importer(815301076,1909f56bfc062723c751e8b465ee728b)
Start importing Assets/Prefabs/RoadSection_Station.prefab using Guid(11a45ee738390cb458a207afb904fc65) Importer(815301076,1909f56bfc062723c751e8b465ee728b) (PreviewImporter) -> (Import Result ID: 'be9a1fefc3e2aad4094a4ec2729d3e24') in 0.0955316 seconds [static and dynamic dependencies]. Details - ImportResultOutputID=351612f8557a4b1decbaf909f05c3296 DependenciesID=e0de8454b1315a98820f41ac8174453d StaticDependenciesID=61fd397e71f036aaa32250549c7f48e7 
Number of updated asset objects reloaded before import = 0Number of asset objects unloaded after import = 1337

========================================================================
Received Import Request.
  Time since last request: 0.825299 seconds.
  path: Assets/Prefabs/RoadSection_Station.prefab
  importAddress: Guid(11a45ee738390cb458a207afb904fc65) Importer(2089858483,b0f066a214c2f5e87bad3c948f4d605d)
Start importing Assets/Prefabs/RoadSection_Station.prefab using Guid(11a45ee738390cb458a207afb904fc65) Importer(2089858483,b0f066a214c2f5e87bad3c948f4d605d) (ScriptedImporter) -> (Import Result ID: 'b746d4552156a6d9186370575842511e') in 0.0344675 seconds [static and dynamic dependencies]. Details - ImportResultOutputID=cf9b7efbee59f38bae26dca6f8c813f5 DependenciesID=530ba0d24bad2944b3b4ab2ebe76f20c StaticDependenciesID=d42beb3660a6d6c60f05f0436ca176da 
Number of updated asset objects reloaded before import = 0Number of asset objects unloaded after import = 1235

========================================================================
Received Import Request.
  Time since last request: 4.590556 seconds.
  path: Assets/Prefabs/RoadSection_Straight.prefab
  importAddress: Guid(5ad286af60a957c4ea6d5d37f4a55dca) Importer(815301076,1909f56bfc062723c751e8b465ee728b)
Start importing Assets/Prefabs/RoadSection_Straight.prefab using Guid(5ad286af60a957c4ea6d5d37f4a55dca) Importer(815301076,1909f56bfc062723c751e8b465ee728b) (PreviewImporter) -> (Import Result ID: '36a71b1544d2614e6d1265c802e63dc2') in 0.0221542 seconds [static and dynamic dependencies]. Details - ImportResultOutputID=52b4d63a670708576095657dd81f0f0d DependenciesID=560cbc700713024ae65766851025e7ac StaticDependenciesID=a2b7e35dd7af0694d60edacfb824cd1a 
Number of updated asset objects reloaded before import = 0Number of asset objects unloaded after import = 342

========================================================================
Received Import Request.
  Time since last request: 0.890546 seconds.
  path: Assets/Prefabs/RoadSection_Straight.prefab
  importAddress: Guid(5ad286af60a957c4ea6d5d37f4a55dca) Importer(2089858483,b0f066a214c2f5e87bad3c948f4d605d)
Start importing Assets/Prefabs/RoadSection_Straight.prefab using Guid(5ad286af60a957c4ea6d5d37f4a55dca) Importer(2089858483,b0f066a214c2f5e87bad3c948f4d605d) (ScriptedImporter) -> (Import Result ID: '4e0bf101ad2d8f575e975fd1690a1acd') in 0.0150854 seconds [static and dynamic dependencies]. Details - ImportResultOutputID=ec93323548aaf3772e9ab2999202fa0f DependenciesID=29d67fc94763dd065478c4ad5a0e658c StaticDependenciesID=37e513e39f5ee203854f193663ed7d56 
Number of updated asset objects reloaded before import = 0Number of asset objects unloaded after import = 330

========================================================================
Received Import Request.
  Time since last request: 4.760102 seconds.
  path: Assets/Prefabs/RoadSection_Straight.prefab
  importAddress: Guid(5ad286af60a957c4ea6d5d37f4a55dca) Importer(815301076,1909f56bfc062723c751e8b465ee728b)
Start importing Assets/Prefabs/RoadSection_Straight.prefab using Guid(5ad286af60a957c4ea6d5d37f4a55dca) Importer(815301076,1909f56bfc062723c751e8b465ee728b) (PreviewImporter) -> (Import Result ID: '4e034c852f92d055ad58dff1b29c8b00') in 0.0219011 seconds [static and dynamic dependencies]. Details - ImportResultOutputID=52b4d63a670708576095657dd81f0f0d DependenciesID=08bbfea899602e6fdc19de2f1de312c4 StaticDependenciesID=84e4ae6e9c557086aaeb87097d5b0df0 
Number of updated asset objects reloaded before import = 0Number of asset objects unloaded after import = 342

========================================================================
Received Import Request.
  Time since last request: 0.910464 seconds.
  path: Assets/Prefabs/RoadSection_Straight.prefab
  importAddress: Guid(5ad286af60a957c4ea6d5d37f4a55dca) Importer(2089858483,b0f066a214c2f5e87bad3c948f4d605d)
Start importing Assets/Prefabs/RoadSection_Straight.prefab using Guid(5ad286af60a957c4ea6d5d37f4a55dca) Importer(2089858483,b0f066a214c2f5e87bad3c948f4d605d) (ScriptedImporter) -> (Import Result ID: 'df5b77d0e93920cf7c90c1b091b6fc33') in 0.0145265 seconds [static and dynamic dependencies]. Details - ImportResultOutputID=92d14bdbfee991bfc9bea6fcfda38632 DependenciesID=ed67dbc27e8b634035f659e431937c44 StaticDependenciesID=dc82d28c4aa26bc9146ed4e2c9576899 
Number of updated asset objects reloaded before import = 0Number of asset objects unloaded after import = 330

========================================================================
Received Import Request.
  Time since last request: 4.604143 seconds.
  path: Assets/Prefabs/RoadSection_Gap 1 1.prefab
  importAddress: Guid(0ed34c1298a7cbe498aa19c15a3f8182) Importer(815301076,1909f56bfc062723c751e8b465ee728b)
Start importing Assets/Prefabs/RoadSection_Gap 1 1.prefab using Guid(0ed34c1298a7cbe498aa19c15a3f8182) Importer(815301076,1909f56bfc062723c751e8b465ee728b) (PreviewImporter) -> (Import Result ID: '3ab56a98acbeee5d8d1ea5ecc204b9ed') in 0.0108961 seconds [static and dynamic dependencies]. Details - ImportResultOutputID=7078e8364d4ef30da987bcf74d34e0d6 DependenciesID=bc94de4381a3bc7b80d4b3faab15cf28 StaticDependenciesID=11e84934a4b1df97a26842236d194aeb 
Number of updated asset objects reloaded before import = 0Number of asset objects unloaded after import = 26

========================================================================
Received Import Request.
  Time since last request: 0.914468 seconds.
  path: Assets/Prefabs/RoadSection_Gap 1 1.prefab
  importAddress: Guid(0ed34c1298a7cbe498aa19c15a3f8182) Importer(2089858483,b0f066a214c2f5e87bad3c948f4d605d)
Start importing Assets/Prefabs/RoadSection_Gap 1 1.prefab using Guid(0ed34c1298a7cbe498aa19c15a3f8182) Importer(2089858483,b0f066a214c2f5e87bad3c948f4d605d) (ScriptedImporter) -> (Import Result ID: '5d6e90df91212829b5ccebe8fe595279') in 0.0100582 seconds [static and dynamic dependencies]. Details - ImportResultOutputID=2046774da8c951ce910d3616ae0e89fb DependenciesID=49b847a5cf4f9884dc8f615e93da2a87 StaticDependenciesID=1a0d80d8e6ff845173c6496bb7218c00 
Number of updated asset objects reloaded before import = 0Number of asset objects unloaded after import = 26

========================================================================
Received Import Request.
  Time since last request: 3.579578 seconds.
  path: Assets/Prefabs/RoadSection_Gap 1 1.prefab
  importAddress: Guid(0ed34c1298a7cbe498aa19c15a3f8182) Importer(815301076,1909f56bfc062723c751e8b465ee728b)
Start importing Assets/Prefabs/RoadSection_Gap 1 1.prefab using Guid(0ed34c1298a7cbe498aa19c15a3f8182) Importer(815301076,1909f56bfc062723c751e8b465ee728b) (PreviewImporter) -> (Import Result ID: 'b1ade401392a5cf5726350515e6e2ec8') in 0.0095408 seconds [static and dynamic dependencies]. Details - ImportResultOutputID=7078e8364d4ef30da987bcf74d34e0d6 DependenciesID=353db35a2b8424b97b0c3f967925de3b StaticDependenciesID=0942b83fd9570ad6711226f60b84cc12 
Number of updated asset objects reloaded before import = 0Number of asset objects unloaded after import = 26

========================================================================
Received Import Request.
  Time since last request: 0.915092 seconds.
  path: Assets/Prefabs/RoadSection_Gap 1 1.prefab
  importAddress: Guid(0ed34c1298a7cbe498aa19c15a3f8182) Importer(2089858483,b0f066a214c2f5e87bad3c948f4d605d)
Start importing Assets/Prefabs/RoadSection_Gap 1 1.prefab using Guid(0ed34c1298a7cbe498aa19c15a3f8182) Importer(2089858483,b0f066a214c2f5e87bad3c948f4d605d) (ScriptedImporter) -> (Import Result ID: '7a5043b20a1e63ffbeaec6ee28d62a3b') in 0.0102289 seconds [static and dynamic dependencies]. Details - ImportResultOutputID=7e565adfea2ba42af79157ee83fa048f DependenciesID=7ccd690103f6142e80d2d899e721e457 StaticDependenciesID=89b3060303ffc1cb64457cef381dd316 
Number of updated asset objects reloaded before import = 0Number of asset objects unloaded after import = 26

========================================================================
Received Import Request.
  Time since last request: 42.412895 seconds.
  path: Assets/Scripts/RoadSectionData.cs
  importAddress: Guid(ec3298976cf691a4dbc8db7f8b0424cc) Importer(815301076,1909f56bfc062723c751e8b465ee728b)
Start importing Assets/Scripts/RoadSectionData.cs using Guid(ec3298976cf691a4dbc8db7f8b0424cc) Importer(815301076,1909f56bfc062723c751e8b465ee728b) (PreviewImporter) -> (Import Result ID: '0ab610b0c4076882a3bab489f5cbbf56') in 0.0007696 seconds [static and dynamic dependencies]. Details - ImportResultOutputID=c811cff986d4fbfe1d2f8ed910146cd3 DependenciesID=ec4997fd81fcb15f756aa3051dffc130 StaticDependenciesID=1cd9f03bd706c8223f9cfc8f55a2e510 
Number of updated asset objects reloaded before import = 0Number of asset objects unloaded after import = 0

========================================================================
Received Prepare
Unloading 36 Unused Serialized files (Serialized files now loaded: 0)
Unloading 6394 unused Assets / (5.2 MB). Loaded Objects now: 7830.
Memory consumption went from 188.2 MB to 183.1 MB.
Total: 12.564800 ms (FindLiveObjects: 0.653600 ms CreateObjectMapping: 0.315700 ms MarkObjects: 8.327600 ms  DeleteObjects: 3.266600 ms)

Prepare: number of updated asset objects reloaded= 0
========================================================================
Received Prepare
Begin MonoManager ReloadAssembly
[Licensing::Client] Successfully resolved entitlement details
Assembly Assembly-CSharp-Editor-firstpass.dll at Library/ScriptAssemblies/Assembly-CSharp-Editor-firstpass.dll not valid. Loading of assembly skipped.
Assembly Assembly-CSharp-firstpass.dll at Library/ScriptAssemblies/Assembly-CSharp-firstpass.dll not valid. Loading of assembly skipped.
Assembly DocCodeExamples.dll at Library/ScriptAssemblies/DocCodeExamples.dll not valid. Loading of assembly skipped.
Assembly TestNewCustomAssembly.dll at Library/ScriptAssemblies/TestNewCustomAssembly.dll not valid. Loading of assembly skipped.
Assembly Unity.Collections.BurstCompatibilityGen.dll at Library/ScriptAssemblies/Unity.Collections.BurstCompatibilityGen.dll not valid. Loading of assembly skipped.
Assembly Unity.Collections.DocCodeSamples.dll at Library/ScriptAssemblies/Unity.Collections.DocCodeSamples.dll not valid. Loading of assembly skipped.
Assembly Unity.Collections.PerformanceTests.dll at Library/ScriptAssemblies/Unity.Collections.PerformanceTests.dll not valid. Loading of assembly skipped.
Assembly Unity.Collections.Tests.dll at Library/ScriptAssemblies/Unity.Collections.Tests.dll not valid. Loading of assembly skipped.
Assembly Unity.Collections.Tests.Playmode.dll at Library/ScriptAssemblies/Unity.Collections.Tests.Playmode.dll not valid. Loading of assembly skipped.
Assembly Unity.InputSystem.IntegrationTests.dll at Library/ScriptAssemblies/Unity.InputSystem.IntegrationTests.dll not valid. Loading of assembly skipped.
Assembly Unity.Mathematics.Tests.dll at Library/ScriptAssemblies/Unity.Mathematics.Tests.dll not valid. Loading of assembly skipped.
Assembly Unity.Multiplayer.Center.Editor.Tests.dll at Library/ScriptAssemblies/Unity.Multiplayer.Center.Editor.Tests.dll not valid. Loading of assembly skipped.
Assembly Unity.Multiplayer.Center.Tests.dll at Library/ScriptAssemblies/Unity.Multiplayer.Center.Tests.dll not valid. Loading of assembly skipped.
Assembly Unity.Nuget.Mono-Cecil.dll at Library/ScriptAssemblies/Unity.Nuget.Mono-Cecil.dll not valid. Loading of assembly skipped.
Assembly Unity.PathTracing.Editor.Tests.dll at Library/ScriptAssemblies/Unity.PathTracing.Editor.Tests.dll not valid. Loading of assembly skipped.
Assembly Unity.PathTracing.Runtime.Tests.dll at Library/ScriptAssemblies/Unity.PathTracing.Runtime.Tests.dll not valid. Loading of assembly skipped.
Assembly Unity.Postprocessing.Editor.Tests.dll at Library/ScriptAssemblies/Unity.Postprocessing.Editor.Tests.dll not valid. Loading of assembly skipped.
Assembly Unity.Postprocessing.Runtime.Tests.dll at Library/ScriptAssemblies/Unity.Postprocessing.Runtime.Tests.dll not valid. Loading of assembly skipped.
Assembly Unity.RenderPipelines.Core.Editor.Tests.dll at Library/ScriptAssemblies/Unity.RenderPipelines.Core.Editor.Tests.dll not valid. Loading of assembly skipped.
Assembly Unity.RenderPipelines.Core.Runtime.Tests.dll at Library/ScriptAssemblies/Unity.RenderPipelines.Core.Runtime.Tests.dll not valid. Loading of assembly skipped.
Assembly Unity.RenderPipelines.Universal.Config.Editor.Tests.dll at Library/ScriptAssemblies/Unity.RenderPipelines.Universal.Config.Editor.Tests.dll not valid. Loading of assembly skipped.
Assembly Unity.RenderPipelines.Universal.Editor.Tests.dll at Library/ScriptAssemblies/Unity.RenderPipelines.Universal.Editor.Tests.dll not valid. Loading of assembly skipped.
Assembly Unity.RenderPipelines.Universal.Runtime.Tests.dll at Library/ScriptAssemblies/Unity.RenderPipelines.Universal.Runtime.Tests.dll not valid. Loading of assembly skipped.
Assembly Unity.Searcher.EditorTests.dll at Library/ScriptAssemblies/Unity.Searcher.EditorTests.dll not valid. Loading of assembly skipped.
Assembly Unity.ShaderGraph.Editor.Tests.dll at Library/ScriptAssemblies/Unity.ShaderGraph.Editor.Tests.dll not valid. Loading of assembly skipped.
Assembly Unity.TextMeshPro.Editor.Tests.dll at Library/ScriptAssemblies/Unity.TextMeshPro.Editor.Tests.dll not valid. Loading of assembly skipped.
Assembly Unity.TextMeshPro.Tests.dll at Library/ScriptAssemblies/Unity.TextMeshPro.Tests.dll not valid. Loading of assembly skipped.
Assembly Unity.UnifiedRayTracing.Editor.Tests.dll at Library/ScriptAssemblies/Unity.UnifiedRayTracing.Editor.Tests.dll not valid. Loading of assembly skipped.
Assembly UnityEditor.UI.Common.Tests.dll at Library/ScriptAssemblies/UnityEditor.UI.Common.Tests.dll not valid. Loading of assembly skipped.
Assembly UnityEditor.UI.EditorTests.dll at Library/ScriptAssemblies/UnityEditor.UI.EditorTests.dll not valid. Loading of assembly skipped.
Assembly UnityEngine.UI.Tests.dll at Library/ScriptAssemblies/UnityEngine.UI.Tests.dll not valid. Loading of assembly skipped.
Native extension for WindowsStandalone target not found
Native extension for WebGL target not found
[Package Manager] Failed to launch server process. Reason: Unity was launched with the -noUpm command-line argument
[Package Manager] Unable to send message (not connected to server process).
[Package Manager] Cannot connect to Unity Package Manager local server
[Package Manager] Failed to launch server process. Reason: Unity was launched with the -noUpm command-line argument
[Package Manager] Unable to send message (not connected to server process).
[Package Manager] Cannot connect to Unity Package Manager local server
ScheduleIndexationOnStartup MainProcess:False IndexOnStartup:True
Mono: successfully reloaded assembly
- Finished resetting the current domain, in  0.701 seconds
Domain Reload Profiling: 1490ms
	BeginReloadAssembly (226ms)
		DisableScriptedObjects (21ms)
		CreateAndSetChildDomain (48ms)
	RebuildCommonClasses (34ms)
	RebuildNativeTypeToScriptingClass (11ms)
	initialDomainReloadingComplete (74ms)
	LoadAllAssembliesAndSetupDomain (444ms)
		LoadAssemblies (375ms)
		AnalyzeDomain (162ms)
			TypeCache.Refresh (9ms)
			BuildScriptInfoCaches (142ms)
			ResolveRequiredComponents (9ms)
	FinalizeReload (701ms)
		SetupLoadedEditorAssemblies (0ms)
			InitializePlatformSupportModulesInManaged (3ms)
			BeforeProcessingInitializeOnLoad (165ms)
			ProcessInitializeOnLoadAttributes (259ms)
			ProcessInitializeOnLoadMethodAttributes (64ms)
			AfterProcessingInitializeOnLoad (12ms)
		AwakeInstancesAfterBackupRestoration (19ms)
Unloading 36 Unused Serialized files (Serialized files now loaded: 0)
Unloading 6399 unused Assets / (7.8 MB). Loaded Objects now: 7742.
Memory consumption went from 186.9 MB to 179.1 MB.
Total: 10.285300 ms (FindLiveObjects: 0.850600 ms CreateObjectMapping: 0.534000 ms MarkObjects: 5.597500 ms  DeleteObjects: 3.301800 ms)

Prepare: number of updated asset objects reloaded= 0
========================================================================
Received Prepare
Begin MonoManager ReloadAssembly
Assembly Assembly-CSharp-Editor-firstpass.dll at Library/ScriptAssemblies/Assembly-CSharp-Editor-firstpass.dll not valid. Loading of assembly skipped.
Assembly Assembly-CSharp-firstpass.dll at Library/ScriptAssemblies/Assembly-CSharp-firstpass.dll not valid. Loading of assembly skipped.
Assembly DocCodeExamples.dll at Library/ScriptAssemblies/DocCodeExamples.dll not valid. Loading of assembly skipped.
Assembly TestNewCustomAssembly.dll at Library/ScriptAssemblies/TestNewCustomAssembly.dll not valid. Loading of assembly skipped.
Assembly Unity.Collections.BurstCompatibilityGen.dll at Library/ScriptAssemblies/Unity.Collections.BurstCompatibilityGen.dll not valid. Loading of assembly skipped.
Assembly Unity.Collections.DocCodeSamples.dll at Library/ScriptAssemblies/Unity.Collections.DocCodeSamples.dll not valid. Loading of assembly skipped.
Assembly Unity.Collections.PerformanceTests.dll at Library/ScriptAssemblies/Unity.Collections.PerformanceTests.dll not valid. Loading of assembly skipped.
Assembly Unity.Collections.Tests.dll at Library/ScriptAssemblies/Unity.Collections.Tests.dll not valid. Loading of assembly skipped.
Assembly Unity.Collections.Tests.Playmode.dll at Library/ScriptAssemblies/Unity.Collections.Tests.Playmode.dll not valid. Loading of assembly skipped.
Assembly Unity.InputSystem.IntegrationTests.dll at Library/ScriptAssemblies/Unity.InputSystem.IntegrationTests.dll not valid. Loading of assembly skipped.
Assembly Unity.Mathematics.Tests.dll at Library/ScriptAssemblies/Unity.Mathematics.Tests.dll not valid. Loading of assembly skipped.
Assembly Unity.Multiplayer.Center.Editor.Tests.dll at Library/ScriptAssemblies/Unity.Multiplayer.Center.Editor.Tests.dll not valid. Loading of assembly skipped.
Assembly Unity.Multiplayer.Center.Tests.dll at Library/ScriptAssemblies/Unity.Multiplayer.Center.Tests.dll not valid. Loading of assembly skipped.
Assembly Unity.Nuget.Mono-Cecil.dll at Library/ScriptAssemblies/Unity.Nuget.Mono-Cecil.dll not valid. Loading of assembly skipped.
Assembly Unity.PathTracing.Editor.Tests.dll at Library/ScriptAssemblies/Unity.PathTracing.Editor.Tests.dll not valid. Loading of assembly skipped.
Assembly Unity.PathTracing.Runtime.Tests.dll at Library/ScriptAssemblies/Unity.PathTracing.Runtime.Tests.dll not valid. Loading of assembly skipped.
Assembly Unity.Postprocessing.Editor.Tests.dll at Library/ScriptAssemblies/Unity.Postprocessing.Editor.Tests.dll not valid. Loading of assembly skipped.
Assembly Unity.Postprocessing.Runtime.Tests.dll at Library/ScriptAssemblies/Unity.Postprocessing.Runtime.Tests.dll not valid. Loading of assembly skipped.
Assembly Unity.RenderPipelines.Core.Editor.Tests.dll at Library/ScriptAssemblies/Unity.RenderPipelines.Core.Editor.Tests.dll not valid. Loading of assembly skipped.
Assembly Unity.RenderPipelines.Core.Runtime.Tests.dll at Library/ScriptAssemblies/Unity.RenderPipelines.Core.Runtime.Tests.dll not valid. Loading of assembly skipped.
Assembly Unity.RenderPipelines.Universal.Config.Editor.Tests.dll at Library/ScriptAssemblies/Unity.RenderPipelines.Universal.Config.Editor.Tests.dll not valid. Loading of assembly skipped.
Assembly Unity.RenderPipelines.Universal.Editor.Tests.dll at Library/ScriptAssemblies/Unity.RenderPipelines.Universal.Editor.Tests.dll not valid. Loading of assembly skipped.
Assembly Unity.RenderPipelines.Universal.Runtime.Tests.dll at Library/ScriptAssemblies/Unity.RenderPipelines.Universal.Runtime.Tests.dll not valid. Loading of assembly skipped.
Assembly Unity.Searcher.EditorTests.dll at Library/ScriptAssemblies/Unity.Searcher.EditorTests.dll not valid. Loading of assembly skipped.
Assembly Unity.ShaderGraph.Editor.Tests.dll at Library/ScriptAssemblies/Unity.ShaderGraph.Editor.Tests.dll not valid. Loading of assembly skipped.
Assembly Unity.TextMeshPro.Editor.Tests.dll at Library/ScriptAssemblies/Unity.TextMeshPro.Editor.Tests.dll not valid. Loading of assembly skipped.
Assembly Unity.TextMeshPro.Tests.dll at Library/ScriptAssemblies/Unity.TextMeshPro.Tests.dll not valid. Loading of assembly skipped.
Assembly Unity.UnifiedRayTracing.Editor.Tests.dll at Library/ScriptAssemblies/Unity.UnifiedRayTracing.Editor.Tests.dll not valid. Loading of assembly skipped.
Assembly UnityEditor.UI.Common.Tests.dll at Library/ScriptAssemblies/UnityEditor.UI.Common.Tests.dll not valid. Loading of assembly skipped.
Assembly UnityEditor.UI.EditorTests.dll at Library/ScriptAssemblies/UnityEditor.UI.EditorTests.dll not valid. Loading of assembly skipped.
Assembly UnityEngine.UI.Tests.dll at Library/ScriptAssemblies/UnityEngine.UI.Tests.dll not valid. Loading of assembly skipped.
Native extension for WindowsStandalone target not found
Native extension for WebGL target not found
[Package Manager] Failed to launch server process. Reason: Unity was launched with the -noUpm command-line argument
[Package Manager] Unable to send message (not connected to server process).
[Package Manager] Cannot connect to Unity Package Manager local server
[Package Manager] Failed to launch server process. Reason: Unity was launched with the -noUpm command-line argument
[Package Manager] Unable to send message (not connected to server process).
[Package Manager] Cannot connect to Unity Package Manager local server
ScheduleIndexationOnStartup MainProcess:False IndexOnStartup:True
Mono: successfully reloaded assembly
- Finished resetting the current domain, in  0.703 seconds
Domain Reload Profiling: 1454ms
	BeginReloadAssembly (191ms)
		DisableScriptedObjects (5ms)
		CreateAndSetChildDomain (39ms)
	RebuildCommonClasses (33ms)
	RebuildNativeTypeToScriptingClass (11ms)
	initialDomainReloadingComplete (81ms)
	LoadAllAssembliesAndSetupDomain (436ms)
		LoadAssemblies (363ms)
		AnalyzeDomain (159ms)
			TypeCache.Refresh (5ms)
			BuildScriptInfoCaches (143ms)
			ResolveRequiredComponents (9ms)
	FinalizeReload (703ms)
		SetupLoadedEditorAssemblies (0ms)
			BeforeProcessingInitializeOnLoad (149ms)
			ProcessInitializeOnLoadAttributes (288ms)
			ProcessInitializeOnLoadMethodAttributes (77ms)
			AfterProcessingInitializeOnLoad (13ms)
		AwakeInstancesAfterBackupRestoration (22ms)
Unloading 36 Unused Serialized files (Serialized files now loaded: 0)
Unloading 6399 unused Assets / (7.8 MB). Loaded Objects now: 7745.
Memory consumption went from 190.5 MB to 182.7 MB.
Total: 11.015000 ms (FindLiveObjects: 0.757200 ms CreateObjectMapping: 0.669800 ms MarkObjects: 5.731700 ms  DeleteObjects: 3.854900 ms)

Prepare: number of updated asset objects reloaded= 0
========================================================================
Received Import Request.
  Time since last request: 105.074308 seconds.
  path: Assets/Prefabs/RoadSection_Gap 1 1.prefab
  importAddress: Guid(0ed34c1298a7cbe498aa19c15a3f8182) Importer(815301076,1909f56bfc062723c751e8b465ee728b)
Start importing Assets/Prefabs/RoadSection_Gap 1 1.prefab using Guid(0ed34c1298a7cbe498aa19c15a3f8182) Importer(815301076,1909f56bfc062723c751e8b465ee728b) (PreviewImporter) -> (Import Result ID: '087549d1192541caf41853ff0d1f28d9') in 0.4389883 seconds [static and dynamic dependencies]. Details - ImportResultOutputID=7078e8364d4ef30da987bcf74d34e0d6 DependenciesID=daac4f96d847d8fbb0ac32643cb39e39 StaticDependenciesID=0942b83fd9570ad6711226f60b84cc12 
Number of updated asset objects reloaded before import = 0Number of asset objects unloaded after import = 26

========================================================================
Received Import Request.
  Time since last request: 0.000025 seconds.
  path: Assets/Prefabs/RoadSection_Straight.prefab
  importAddress: Guid(5ad286af60a957c4ea6d5d37f4a55dca) Importer(815301076,1909f56bfc062723c751e8b465ee728b)
Start importing Assets/Prefabs/RoadSection_Straight.prefab using Guid(5ad286af60a957c4ea6d5d37f4a55dca) Importer(815301076,1909f56bfc062723c751e8b465ee728b) (PreviewImporter) -> (Import Result ID: '171837a8079469780d2a3644531f7429') in 0.0364798 seconds [static and dynamic dependencies]. Details - ImportResultOutputID=52b4d63a670708576095657dd81f0f0d DependenciesID=0473f14db4a1a22fa5ab744793ed24b3 StaticDependenciesID=84e4ae6e9c557086aaeb87097d5b0df0 
Number of updated asset objects reloaded before import = 0Number of asset objects unloaded after import = 342

========================================================================
Received Import Request.
  Time since last request: 93.724271 seconds.
  path: Assets/Scripts/RoadSectionData1.cs
  importAddress: Guid(1b69f6cbc0583fa40be3125c0af3d489) Importer(815301076,1909f56bfc062723c751e8b465ee728b)
Start importing Assets/Scripts/RoadSectionData1.cs using Guid(1b69f6cbc0583fa40be3125c0af3d489) Importer(815301076,1909f56bfc062723c751e8b465ee728b) (PreviewImporter) -> (Import Result ID: '7a1fb3da1ba45134f15f04e7ae8156b6') in 0.0007556 seconds [static and dynamic dependencies]. Details - ImportResultOutputID=d2bd7b139759f11c6260e39670a2c622 DependenciesID=43381b73a52c5ccc4143a70485fd26db StaticDependenciesID=94e556600d3eff006a45c4716a8c8a0a 
Number of updated asset objects reloaded before import = 0Number of asset objects unloaded after import = 0

========================================================================
Received Import Request.
  Time since last request: 1.661629 seconds.
  path: Assets/Scripts/RoadEndTrigger.cs
  importAddress: Guid(9e788640bee8b984a9f3a36b25939c40) Importer(815301076,1909f56bfc062723c751e8b465ee728b)
Start importing Assets/Scripts/RoadEndTrigger.cs using Guid(9e788640bee8b984a9f3a36b25939c40) Importer(815301076,1909f56bfc062723c751e8b465ee728b) (PreviewImporter) -> (Import Result ID: '3e7b96d1adb6b100635df5104dcc30e4') in 0.0007179 seconds [static and dynamic dependencies]. Details - ImportResultOutputID=9a01311bfa21eb8c06a72d2c99704c46 DependenciesID=6ae4f99d072181c2a952bcfc45f74cf4 StaticDependenciesID=0b03372a03c0f281e6da62ffcd560805 
Number of updated asset objects reloaded before import = 0Number of asset objects unloaded after import = 0

========================================================================
Received Prepare
Unloading 36 Unused Serialized files (Serialized files now loaded: 0)
Unloading 6394 unused Assets / (8.3 MB). Loaded Objects now: 7856.
Memory consumption went from 188.3 MB to 180.0 MB.
Total: 11.489600 ms (FindLiveObjects: 0.819400 ms CreateObjectMapping: 0.609300 ms MarkObjects: 6.858600 ms  DeleteObjects: 3.201500 ms)

Prepare: number of updated asset objects reloaded= 0
========================================================================
Received Import Request.
  Time since last request: 76.387388 seconds.
  path: Assets/Scripts/RoadSectionData.cs
  importAddress: Guid(1b69f6cbc0583fa40be3125c0af3d489) Importer(815301076,1909f56bfc062723c751e8b465ee728b)
Start importing Assets/Scripts/RoadSectionData.cs using Guid(1b69f6cbc0583fa40be3125c0af3d489) Importer(815301076,1909f56bfc062723c751e8b465ee728b) (PreviewImporter) -> (Import Result ID: 'd0c235e468fbc6784f65eea4720f50de') in 0.0007558 seconds [static and dynamic dependencies]. Details - ImportResultOutputID=d2bd7b139759f11c6260e39670a2c622 DependenciesID=a580d328e106ccb0fe55d115cc188535 StaticDependenciesID=f1a00159d517369ea85f187fb55366fd 
Number of updated asset objects reloaded before import = 0Number of asset objects unloaded after import = 0

========================================================================
Received Import Request.
  Time since last request: 0.347658 seconds.
  path: Assets/Scripts/RoadSectionData.cs
  importAddress: Guid(1b69f6cbc0583fa40be3125c0af3d489) Importer(2089858483,b0f066a214c2f5e87bad3c948f4d605d)
Start importing Assets/Scripts/RoadSectionData.cs using Guid(1b69f6cbc0583fa40be3125c0af3d489) Importer(2089858483,b0f066a214c2f5e87bad3c948f4d605d) (ScriptedImporter) -> (Import Result ID: '95ac60363588322cd78ce61a17320626') in 0.0581049 seconds [static and dynamic dependencies]. Details - ImportResultOutputID=aa5b2cbb71e552c113312a546b46f336 DependenciesID=a197b1dc956c8be2ce3b797218f24861 StaticDependenciesID=86282ef84158550c26d32f1bd6511542 
Number of updated asset objects reloaded before import = 0Number of asset objects unloaded after import = 0

========================================================================
Received Prepare
Begin MonoManager ReloadAssembly
[Licensing::Client] Successfully resolved entitlement details
Assembly Assembly-CSharp-Editor-firstpass.dll at Library/ScriptAssemblies/Assembly-CSharp-Editor-firstpass.dll not valid. Loading of assembly skipped.
Assembly Assembly-CSharp-firstpass.dll at Library/ScriptAssemblies/Assembly-CSharp-firstpass.dll not valid. Loading of assembly skipped.
Assembly DocCodeExamples.dll at Library/ScriptAssemblies/DocCodeExamples.dll not valid. Loading of assembly skipped.
Assembly TestNewCustomAssembly.dll at Library/ScriptAssemblies/TestNewCustomAssembly.dll not valid. Loading of assembly skipped.
Assembly Unity.Collections.BurstCompatibilityGen.dll at Library/ScriptAssemblies/Unity.Collections.BurstCompatibilityGen.dll not valid. Loading of assembly skipped.
Assembly Unity.Collections.DocCodeSamples.dll at Library/ScriptAssemblies/Unity.Collections.DocCodeSamples.dll not valid. Loading of assembly skipped.
Assembly Unity.Collections.PerformanceTests.dll at Library/ScriptAssemblies/Unity.Collections.PerformanceTests.dll not valid. Loading of assembly skipped.
Assembly Unity.Collections.Tests.dll at Library/ScriptAssemblies/Unity.Collections.Tests.dll not valid. Loading of assembly skipped.
Assembly Unity.Collections.Tests.Playmode.dll at Library/ScriptAssemblies/Unity.Collections.Tests.Playmode.dll not valid. Loading of assembly skipped.
Assembly Unity.InputSystem.IntegrationTests.dll at Library/ScriptAssemblies/Unity.InputSystem.IntegrationTests.dll not valid. Loading of assembly skipped.
Assembly Unity.Mathematics.Tests.dll at Library/ScriptAssemblies/Unity.Mathematics.Tests.dll not valid. Loading of assembly skipped.
Assembly Unity.Multiplayer.Center.Editor.Tests.dll at Library/ScriptAssemblies/Unity.Multiplayer.Center.Editor.Tests.dll not valid. Loading of assembly skipped.
Assembly Unity.Multiplayer.Center.Tests.dll at Library/ScriptAssemblies/Unity.Multiplayer.Center.Tests.dll not valid. Loading of assembly skipped.
Assembly Unity.Nuget.Mono-Cecil.dll at Library/ScriptAssemblies/Unity.Nuget.Mono-Cecil.dll not valid. Loading of assembly skipped.
Assembly Unity.PathTracing.Editor.Tests.dll at Library/ScriptAssemblies/Unity.PathTracing.Editor.Tests.dll not valid. Loading of assembly skipped.
Assembly Unity.PathTracing.Runtime.Tests.dll at Library/ScriptAssemblies/Unity.PathTracing.Runtime.Tests.dll not valid. Loading of assembly skipped.
Assembly Unity.Postprocessing.Editor.Tests.dll at Library/ScriptAssemblies/Unity.Postprocessing.Editor.Tests.dll not valid. Loading of assembly skipped.
Assembly Unity.Postprocessing.Runtime.Tests.dll at Library/ScriptAssemblies/Unity.Postprocessing.Runtime.Tests.dll not valid. Loading of assembly skipped.
Assembly Unity.RenderPipelines.Core.Editor.Tests.dll at Library/ScriptAssemblies/Unity.RenderPipelines.Core.Editor.Tests.dll not valid. Loading of assembly skipped.
Assembly Unity.RenderPipelines.Core.Runtime.Tests.dll at Library/ScriptAssemblies/Unity.RenderPipelines.Core.Runtime.Tests.dll not valid. Loading of assembly skipped.
Assembly Unity.RenderPipelines.Universal.Config.Editor.Tests.dll at Library/ScriptAssemblies/Unity.RenderPipelines.Universal.Config.Editor.Tests.dll not valid. Loading of assembly skipped.
Assembly Unity.RenderPipelines.Universal.Editor.Tests.dll at Library/ScriptAssemblies/Unity.RenderPipelines.Universal.Editor.Tests.dll not valid. Loading of assembly skipped.
Assembly Unity.RenderPipelines.Universal.Runtime.Tests.dll at Library/ScriptAssemblies/Unity.RenderPipelines.Universal.Runtime.Tests.dll not valid. Loading of assembly skipped.
Assembly Unity.Searcher.EditorTests.dll at Library/ScriptAssemblies/Unity.Searcher.EditorTests.dll not valid. Loading of assembly skipped.
Assembly Unity.ShaderGraph.Editor.Tests.dll at Library/ScriptAssemblies/Unity.ShaderGraph.Editor.Tests.dll not valid. Loading of assembly skipped.
Assembly Unity.TextMeshPro.Editor.Tests.dll at Library/ScriptAssemblies/Unity.TextMeshPro.Editor.Tests.dll not valid. Loading of assembly skipped.
Assembly Unity.TextMeshPro.Tests.dll at Library/ScriptAssemblies/Unity.TextMeshPro.Tests.dll not valid. Loading of assembly skipped.
Assembly Unity.UnifiedRayTracing.Editor.Tests.dll at Library/ScriptAssemblies/Unity.UnifiedRayTracing.Editor.Tests.dll not valid. Loading of assembly skipped.
Assembly UnityEditor.UI.Common.Tests.dll at Library/ScriptAssemblies/UnityEditor.UI.Common.Tests.dll not valid. Loading of assembly skipped.
Assembly UnityEditor.UI.EditorTests.dll at Library/ScriptAssemblies/UnityEditor.UI.EditorTests.dll not valid. Loading of assembly skipped.
Assembly UnityEngine.UI.Tests.dll at Library/ScriptAssemblies/UnityEngine.UI.Tests.dll not valid. Loading of assembly skipped.
Native extension for WindowsStandalone target not found
Native extension for WebGL target not found
[Package Manager] Failed to launch server process. Reason: Unity was launched with the -noUpm command-line argument
[Package Manager] Unable to send message (not connected to server process).
[Package Manager] Cannot connect to Unity Package Manager local server
[Package Manager] Failed to launch server process. Reason: Unity was launched with the -noUpm command-line argument
[Package Manager] Unable to send message (not connected to server process).
[Package Manager] Cannot connect to Unity Package Manager local server
ScheduleIndexationOnStartup MainProcess:False IndexOnStartup:True
Mono: successfully reloaded assembly
- Finished resetting the current domain, in  0.685 seconds
Domain Reload Profiling: 1485ms
	BeginReloadAssembly (223ms)
		DisableScriptedObjects (26ms)
		CreateAndSetChildDomain (48ms)
	RebuildCommonClasses (33ms)
	RebuildNativeTypeToScriptingClass (10ms)
	initialDomainReloadingComplete (75ms)
	LoadAllAssembliesAndSetupDomain (457ms)
		LoadAssemblies (379ms)
		AnalyzeDomain (165ms)
			TypeCache.Refresh (8ms)
			BuildScriptInfoCaches (146ms)
			ResolveRequiredComponents (9ms)
	FinalizeReload (686ms)
		SetupLoadedEditorAssemblies (0ms)
			BeforeProcessingInitializeOnLoad (164ms)
			ProcessInitializeOnLoadAttributes (275ms)
			ProcessInitializeOnLoadMethodAttributes (64ms)
			AfterProcessingInitializeOnLoad (12ms)
		AwakeInstancesAfterBackupRestoration (20ms)
Unloading 36 Unused Serialized files (Serialized files now loaded: 0)
Unloading 6399 unused Assets / (7.5 MB). Loaded Objects now: 7768.
Memory consumption went from 183.4 MB to 175.9 MB.
Total: 7.884000 ms (FindLiveObjects: 0.702200 ms CreateObjectMapping: 0.403700 ms MarkObjects: 4.247100 ms  DeleteObjects: 2.530300 ms)

Prepare: number of updated asset objects reloaded= 0
========================================================================
Received Prepare
Refreshing native plugins compatible for Editor in 3.05 ms, found 3 plugins.
Unloading 36 Unused Serialized files (Serialized files now loaded: 0)
Unloading 6394 unused Assets / (6.9 MB). Loaded Objects now: 7769.
Memory consumption went from 187.1 MB to 180.2 MB.
Total: 13.977600 ms (FindLiveObjects: 1.073800 ms CreateObjectMapping: 1.181600 ms MarkObjects: 8.085500 ms  DeleteObjects: 3.635600 ms)

Prepare: number of updated asset objects reloaded= 0
========================================================================
Received Import Request.
  Time since last request: 172.501985 seconds.
  path: Assets/Scripts/RoadSectionData1.cs
  importAddress: Guid(eaac2865f76d2844295b3e5aff1f81c1) Importer(815301076,1909f56bfc062723c751e8b465ee728b)
Start importing Assets/Scripts/RoadSectionData1.cs using Guid(eaac2865f76d2844295b3e5aff1f81c1) Importer(815301076,1909f56bfc062723c751e8b465ee728b) (PreviewImporter) -> (Import Result ID: '126ea62bbe3ff721c4590e96e20e13da') in 0.003991 seconds [static and dynamic dependencies]. Details - ImportResultOutputID=5f71a674cfa494e985888ae2935a4cf1 DependenciesID=ad75f3d17d5d26b886aea844cb74a1dc StaticDependenciesID=5fef5f08f92552a72f025cfbb42029f9 
Number of updated asset objects reloaded before import = 0Number of asset objects unloaded after import = 0

========================================================================
Received Import Request.
  Time since last request: 0.386769 seconds.
  path: Assets/Scripts/RoadSectionData1.cs
  importAddress: Guid(eaac2865f76d2844295b3e5aff1f81c1) Importer(2089858483,b0f066a214c2f5e87bad3c948f4d605d)
Start importing Assets/Scripts/RoadSectionData1.cs using Guid(eaac2865f76d2844295b3e5aff1f81c1) Importer(2089858483,b0f066a214c2f5e87bad3c948f4d605d) (ScriptedImporter) -> (Import Result ID: '8c8294a8555f3e502699683c1fbb283c') in 0.0729783 seconds [static and dynamic dependencies]. Details - ImportResultOutputID=fcc50c4c950a1be21c54dc63d81cf05b DependenciesID=479abf562ad9f88ae34bfa057f02b8fd StaticDependenciesID=942734bce08ddf4c686149387678c50d 
Number of updated asset objects reloaded before import = 0Number of asset objects unloaded after import = 0

========================================================================
Received Prepare
Begin MonoManager ReloadAssembly
[Licensing::Client] Successfully resolved entitlement details
Assembly Assembly-CSharp-Editor-firstpass.dll at Library/ScriptAssemblies/Assembly-CSharp-Editor-firstpass.dll not valid. Loading of assembly skipped.
Assembly Assembly-CSharp-firstpass.dll at Library/ScriptAssemblies/Assembly-CSharp-firstpass.dll not valid. Loading of assembly skipped.
Assembly DocCodeExamples.dll at Library/ScriptAssemblies/DocCodeExamples.dll not valid. Loading of assembly skipped.
Assembly TestNewCustomAssembly.dll at Library/ScriptAssemblies/TestNewCustomAssembly.dll not valid. Loading of assembly skipped.
Assembly Unity.Collections.BurstCompatibilityGen.dll at Library/ScriptAssemblies/Unity.Collections.BurstCompatibilityGen.dll not valid. Loading of assembly skipped.
Assembly Unity.Collections.DocCodeSamples.dll at Library/ScriptAssemblies/Unity.Collections.DocCodeSamples.dll not valid. Loading of assembly skipped.
Assembly Unity.Collections.PerformanceTests.dll at Library/ScriptAssemblies/Unity.Collections.PerformanceTests.dll not valid. Loading of assembly skipped.
Assembly Unity.Collections.Tests.dll at Library/ScriptAssemblies/Unity.Collections.Tests.dll not valid. Loading of assembly skipped.
Assembly Unity.Collections.Tests.Playmode.dll at Library/ScriptAssemblies/Unity.Collections.Tests.Playmode.dll not valid. Loading of assembly skipped.
Assembly Unity.InputSystem.IntegrationTests.dll at Library/ScriptAssemblies/Unity.InputSystem.IntegrationTests.dll not valid. Loading of assembly skipped.
Assembly Unity.Mathematics.Tests.dll at Library/ScriptAssemblies/Unity.Mathematics.Tests.dll not valid. Loading of assembly skipped.
Assembly Unity.Multiplayer.Center.Editor.Tests.dll at Library/ScriptAssemblies/Unity.Multiplayer.Center.Editor.Tests.dll not valid. Loading of assembly skipped.
Assembly Unity.Multiplayer.Center.Tests.dll at Library/ScriptAssemblies/Unity.Multiplayer.Center.Tests.dll not valid. Loading of assembly skipped.
Assembly Unity.Nuget.Mono-Cecil.dll at Library/ScriptAssemblies/Unity.Nuget.Mono-Cecil.dll not valid. Loading of assembly skipped.
Assembly Unity.PathTracing.Editor.Tests.dll at Library/ScriptAssemblies/Unity.PathTracing.Editor.Tests.dll not valid. Loading of assembly skipped.
Assembly Unity.PathTracing.Runtime.Tests.dll at Library/ScriptAssemblies/Unity.PathTracing.Runtime.Tests.dll not valid. Loading of assembly skipped.
Assembly Unity.Postprocessing.Editor.Tests.dll at Library/ScriptAssemblies/Unity.Postprocessing.Editor.Tests.dll not valid. Loading of assembly skipped.
Assembly Unity.Postprocessing.Runtime.Tests.dll at Library/ScriptAssemblies/Unity.Postprocessing.Runtime.Tests.dll not valid. Loading of assembly skipped.
Assembly Unity.RenderPipelines.Core.Editor.Tests.dll at Library/ScriptAssemblies/Unity.RenderPipelines.Core.Editor.Tests.dll not valid. Loading of assembly skipped.
Assembly Unity.RenderPipelines.Core.Runtime.Tests.dll at Library/ScriptAssemblies/Unity.RenderPipelines.Core.Runtime.Tests.dll not valid. Loading of assembly skipped.
Assembly Unity.RenderPipelines.Universal.Config.Editor.Tests.dll at Library/ScriptAssemblies/Unity.RenderPipelines.Universal.Config.Editor.Tests.dll not valid. Loading of assembly skipped.
Assembly Unity.RenderPipelines.Universal.Editor.Tests.dll at Library/ScriptAssemblies/Unity.RenderPipelines.Universal.Editor.Tests.dll not valid. Loading of assembly skipped.
Assembly Unity.RenderPipelines.Universal.Runtime.Tests.dll at Library/ScriptAssemblies/Unity.RenderPipelines.Universal.Runtime.Tests.dll not valid. Loading of assembly skipped.
Assembly Unity.Searcher.EditorTests.dll at Library/ScriptAssemblies/Unity.Searcher.EditorTests.dll not valid. Loading of assembly skipped.
Assembly Unity.ShaderGraph.Editor.Tests.dll at Library/ScriptAssemblies/Unity.ShaderGraph.Editor.Tests.dll not valid. Loading of assembly skipped.
Assembly Unity.TextMeshPro.Editor.Tests.dll at Library/ScriptAssemblies/Unity.TextMeshPro.Editor.Tests.dll not valid. Loading of assembly skipped.
Assembly Unity.TextMeshPro.Tests.dll at Library/ScriptAssemblies/Unity.TextMeshPro.Tests.dll not valid. Loading of assembly skipped.
Assembly Unity.UnifiedRayTracing.Editor.Tests.dll at Library/ScriptAssemblies/Unity.UnifiedRayTracing.Editor.Tests.dll not valid. Loading of assembly skipped.
Assembly UnityEditor.UI.Common.Tests.dll at Library/ScriptAssemblies/UnityEditor.UI.Common.Tests.dll not valid. Loading of assembly skipped.
Assembly UnityEditor.UI.EditorTests.dll at Library/ScriptAssemblies/UnityEditor.UI.EditorTests.dll not valid. Loading of assembly skipped.
Assembly UnityEngine.UI.Tests.dll at Library/ScriptAssemblies/UnityEngine.UI.Tests.dll not valid. Loading of assembly skipped.
Native extension for WindowsStandalone target not found
Native extension for WebGL target not found
[Package Manager] Failed to launch server process. Reason: Unity was launched with the -noUpm command-line argument
[Package Manager] Unable to send message (not connected to server process).
[Package Manager] Cannot connect to Unity Package Manager local server
[Package Manager] Failed to launch server process. Reason: Unity was launched with the -noUpm command-line argument
[Package Manager] Unable to send message (not connected to server process).
[Package Manager] Cannot connect to Unity Package Manager local server
ScheduleIndexationOnStartup MainProcess:False IndexOnStartup:True
Mono: successfully reloaded assembly
- Finished resetting the current domain, in  0.696 seconds
Domain Reload Profiling: 1459ms
	BeginReloadAssembly (196ms)
		DisableScriptedObjects (6ms)
		CreateAndSetChildDomain (38ms)
	RebuildCommonClasses (32ms)
	RebuildNativeTypeToScriptingClass (10ms)
	initialDomainReloadingComplete (74ms)
	LoadAllAssembliesAndSetupDomain (450ms)
		LoadAssemblies (380ms)
		AnalyzeDomain (160ms)
			TypeCache.Refresh (8ms)
			BuildScriptInfoCaches (141ms)
			ResolveRequiredComponents (9ms)
	FinalizeReload (696ms)
		SetupLoadedEditorAssemblies (0ms)
			InitializePlatformSupportModulesInManaged (3ms)
			BeforeProcessingInitializeOnLoad (161ms)
			ProcessInitializeOnLoadAttributes (277ms)
			ProcessInitializeOnLoadMethodAttributes (64ms)
			AfterProcessingInitializeOnLoad (12ms)
		AwakeInstancesAfterBackupRestoration (25ms)
Unloading 36 Unused Serialized files (Serialized files now loaded: 0)
Unloading 6400 unused Assets / (7.0 MB). Loaded Objects now: 7772.
Memory consumption went from 183.2 MB to 176.2 MB.
Total: 7.289200 ms (FindLiveObjects: 0.643900 ms CreateObjectMapping: 0.319900 ms MarkObjects: 4.203500 ms  DeleteObjects: 2.121000 ms)

Prepare: number of updated asset objects reloaded= 0
========================================================================
Received Prepare
Unloading 36 Unused Serialized files (Serialized files now loaded: 0)
Unloading 6393 unused Assets / (7.9 MB). Loaded Objects now: 7771.
Memory consumption went from 187.1 MB to 179.2 MB.
Total: 8.070400 ms (FindLiveObjects: 0.649100 ms CreateObjectMapping: 0.344300 ms MarkObjects: 4.276400 ms  DeleteObjects: 2.799500 ms)

Prepare: number of updated asset objects reloaded= 0
========================================================================
Received Import Request.
  Time since last request: 11.228028 seconds.
  path: Assets/Scripts/RoadSectionData1.cs
  importAddress: Guid(eaac2865f76d2844295b3e5aff1f81c1) Importer(815301076,1909f56bfc062723c751e8b465ee728b)
Start importing Assets/Scripts/RoadSectionData1.cs using Guid(eaac2865f76d2844295b3e5aff1f81c1) Importer(815301076,1909f56bfc062723c751e8b465ee728b) (PreviewImporter) -> (Import Result ID: '12e1a5662c51d689dc140667ebe0dab1') in 0.0017836 seconds [static and dynamic dependencies]. Details - ImportResultOutputID=5f71a674cfa494e985888ae2935a4cf1 DependenciesID=125051206f94eefb990aeb959e0f9ad9 StaticDependenciesID=5fef5f08f92552a72f025cfbb42029f9 
Number of updated asset objects reloaded before import = 0Number of asset objects unloaded after import = 0

========================================================================
Received Prepare
Refreshing native plugins compatible for Editor in 2.87 ms, found 3 plugins.
Unloading 36 Unused Serialized files (Serialized files now loaded: 0)
Unloading 6392 unused Assets / (7.7 MB). Loaded Objects now: 7770.
Memory consumption went from 183.4 MB to 175.7 MB.
Total: 14.674500 ms (FindLiveObjects: 0.813400 ms CreateObjectMapping: 1.097300 ms MarkObjects: 9.786600 ms  DeleteObjects: 2.976100 ms)

Prepare: number of updated asset objects reloaded= 0
========================================================================
Received Prepare
Refreshing native plugins compatible for Editor in 2.35 ms, found 3 plugins.
Unloading 36 Unused Serialized files (Serialized files now loaded: 0)
Unloading 6393 unused Assets / (7.3 MB). Loaded Objects now: 7771.
Memory consumption went from 187.1 MB to 179.8 MB.
Total: 12.761200 ms (FindLiveObjects: 1.161700 ms CreateObjectMapping: 0.698700 ms MarkObjects: 7.297100 ms  DeleteObjects: 3.602900 ms)

Prepare: number of updated asset objects reloaded= 0
========================================================================
Received Import Request.
  Time since last request: 18.555917 seconds.
  path: Assets/Scripts/RoadSectionData.cs
  importAddress: Guid(1b69f6cbc0583fa40be3125c0af3d489) Importer(815301076,1909f56bfc062723c751e8b465ee728b)
Start importing Assets/Scripts/RoadSectionData.cs using Guid(1b69f6cbc0583fa40be3125c0af3d489) Importer(815301076,1909f56bfc062723c751e8b465ee728b) (PreviewImporter) -> (Import Result ID: '2a9baf39c783f228585d052f314ed87e') in 0.0008087 seconds [static and dynamic dependencies]. Details - ImportResultOutputID=d2bd7b139759f11c6260e39670a2c622 DependenciesID=583e6cfcc3d01eb43d1e820e1b56b3f6 StaticDependenciesID=4423bc5ac5785eae0862a7776c043563 
Number of updated asset objects reloaded before import = 0Number of asset objects unloaded after import = 0

========================================================================
Received Import Request.
  Time since last request: 0.464360 seconds.
  path: Assets/Scripts/RoadSectionData.cs
  importAddress: Guid(1b69f6cbc0583fa40be3125c0af3d489) Importer(2089858483,b0f066a214c2f5e87bad3c948f4d605d)
Start importing Assets/Scripts/RoadSectionData.cs using Guid(1b69f6cbc0583fa40be3125c0af3d489) Importer(2089858483,b0f066a214c2f5e87bad3c948f4d605d) (ScriptedImporter) -> (Import Result ID: '924d64693b067c955bb079d04c743063') in 0.0754975 seconds [static and dynamic dependencies]. Details - ImportResultOutputID=49dd5f03ef9ca6b2d6bb1500b6757b94 DependenciesID=75e82d1cf7052403ef403974bab461a3 StaticDependenciesID=d5baeeb232a436f01153c13b6e85b013 
Number of updated asset objects reloaded before import = 0Number of asset objects unloaded after import = 0

========================================================================
Received Prepare
Begin MonoManager ReloadAssembly
Assembly Assembly-CSharp-Editor-firstpass.dll at Library/ScriptAssemblies/Assembly-CSharp-Editor-firstpass.dll not valid. Loading of assembly skipped.
Assembly Assembly-CSharp-firstpass.dll at Library/ScriptAssemblies/Assembly-CSharp-firstpass.dll not valid. Loading of assembly skipped.
Assembly DocCodeExamples.dll at Library/ScriptAssemblies/DocCodeExamples.dll not valid. Loading of assembly skipped.
Assembly TestNewCustomAssembly.dll at Library/ScriptAssemblies/TestNewCustomAssembly.dll not valid. Loading of assembly skipped.
Assembly Unity.Collections.BurstCompatibilityGen.dll at Library/ScriptAssemblies/Unity.Collections.BurstCompatibilityGen.dll not valid. Loading of assembly skipped.
Assembly Unity.Collections.DocCodeSamples.dll at Library/ScriptAssemblies/Unity.Collections.DocCodeSamples.dll not valid. Loading of assembly skipped.
Assembly Unity.Collections.PerformanceTests.dll at Library/ScriptAssemblies/Unity.Collections.PerformanceTests.dll not valid. Loading of assembly skipped.
Assembly Unity.Collections.Tests.dll at Library/ScriptAssemblies/Unity.Collections.Tests.dll not valid. Loading of assembly skipped.
Assembly Unity.Collections.Tests.Playmode.dll at Library/ScriptAssemblies/Unity.Collections.Tests.Playmode.dll not valid. Loading of assembly skipped.
Assembly Unity.InputSystem.IntegrationTests.dll at Library/ScriptAssemblies/Unity.InputSystem.IntegrationTests.dll not valid. Loading of assembly skipped.
Assembly Unity.Mathematics.Tests.dll at Library/ScriptAssemblies/Unity.Mathematics.Tests.dll not valid. Loading of assembly skipped.
Assembly Unity.Multiplayer.Center.Editor.Tests.dll at Library/ScriptAssemblies/Unity.Multiplayer.Center.Editor.Tests.dll not valid. Loading of assembly skipped.
Assembly Unity.Multiplayer.Center.Tests.dll at Library/ScriptAssemblies/Unity.Multiplayer.Center.Tests.dll not valid. Loading of assembly skipped.
Assembly Unity.Nuget.Mono-Cecil.dll at Library/ScriptAssemblies/Unity.Nuget.Mono-Cecil.dll not valid. Loading of assembly skipped.
Assembly Unity.PathTracing.Editor.Tests.dll at Library/ScriptAssemblies/Unity.PathTracing.Editor.Tests.dll not valid. Loading of assembly skipped.
Assembly Unity.PathTracing.Runtime.Tests.dll at Library/ScriptAssemblies/Unity.PathTracing.Runtime.Tests.dll not valid. Loading of assembly skipped.
Assembly Unity.Postprocessing.Editor.Tests.dll at Library/ScriptAssemblies/Unity.Postprocessing.Editor.Tests.dll not valid. Loading of assembly skipped.
Assembly Unity.Postprocessing.Runtime.Tests.dll at Library/ScriptAssemblies/Unity.Postprocessing.Runtime.Tests.dll not valid. Loading of assembly skipped.
Assembly Unity.RenderPipelines.Core.Editor.Tests.dll at Library/ScriptAssemblies/Unity.RenderPipelines.Core.Editor.Tests.dll not valid. Loading of assembly skipped.
Assembly Unity.RenderPipelines.Core.Runtime.Tests.dll at Library/ScriptAssemblies/Unity.RenderPipelines.Core.Runtime.Tests.dll not valid. Loading of assembly skipped.
Assembly Unity.RenderPipelines.Universal.Config.Editor.Tests.dll at Library/ScriptAssemblies/Unity.RenderPipelines.Universal.Config.Editor.Tests.dll not valid. Loading of assembly skipped.
Assembly Unity.RenderPipelines.Universal.Editor.Tests.dll at Library/ScriptAssemblies/Unity.RenderPipelines.Universal.Editor.Tests.dll not valid. Loading of assembly skipped.
Assembly Unity.RenderPipelines.Universal.Runtime.Tests.dll at Library/ScriptAssemblies/Unity.RenderPipelines.Universal.Runtime.Tests.dll not valid. Loading of assembly skipped.
Assembly Unity.Searcher.EditorTests.dll at Library/ScriptAssemblies/Unity.Searcher.EditorTests.dll not valid. Loading of assembly skipped.
Assembly Unity.ShaderGraph.Editor.Tests.dll at Library/ScriptAssemblies/Unity.ShaderGraph.Editor.Tests.dll not valid. Loading of assembly skipped.
Assembly Unity.TextMeshPro.Editor.Tests.dll at Library/ScriptAssemblies/Unity.TextMeshPro.Editor.Tests.dll not valid. Loading of assembly skipped.
Assembly Unity.TextMeshPro.Tests.dll at Library/ScriptAssemblies/Unity.TextMeshPro.Tests.dll not valid. Loading of assembly skipped.
Assembly Unity.UnifiedRayTracing.Editor.Tests.dll at Library/ScriptAssemblies/Unity.UnifiedRayTracing.Editor.Tests.dll not valid. Loading of assembly skipped.
Assembly UnityEditor.UI.Common.Tests.dll at Library/ScriptAssemblies/UnityEditor.UI.Common.Tests.dll not valid. Loading of assembly skipped.
Assembly UnityEditor.UI.EditorTests.dll at Library/ScriptAssemblies/UnityEditor.UI.EditorTests.dll not valid. Loading of assembly skipped.
Assembly UnityEngine.UI.Tests.dll at Library/ScriptAssemblies/UnityEngine.UI.Tests.dll not valid. Loading of assembly skipped.
Native extension for WindowsStandalone target not found
Native extension for WebGL target not found
[Package Manager] Failed to launch server process. Reason: Unity was launched with the -noUpm command-line argument
[Package Manager] Unable to send message (not connected to server process).
[Package Manager] Cannot connect to Unity Package Manager local server
[Package Manager] Failed to launch server process. Reason: Unity was launched with the -noUpm command-line argument
[Package Manager] Unable to send message (not connected to server process).
[Package Manager] Cannot connect to Unity Package Manager local server
ScheduleIndexationOnStartup MainProcess:False IndexOnStartup:True
Mono: successfully reloaded assembly
- Finished resetting the current domain, in  0.702 seconds
Domain Reload Profiling: 1473ms
	BeginReloadAssembly (204ms)
		DisableScriptedObjects (6ms)
		CreateAndSetChildDomain (42ms)
	RebuildCommonClasses (34ms)
	RebuildNativeTypeToScriptingClass (11ms)
	initialDomainReloadingComplete (72ms)
	LoadAllAssembliesAndSetupDomain (449ms)
		LoadAssemblies (384ms)
		AnalyzeDomain (161ms)
			TypeCache.Refresh (8ms)
			BuildScriptInfoCaches (142ms)
			ResolveRequiredComponents (9ms)
	FinalizeReload (703ms)
		SetupLoadedEditorAssemblies (0ms)
			BeforeProcessingInitializeOnLoad (167ms)
			ProcessInitializeOnLoadAttributes (285ms)
			ProcessInitializeOnLoadMethodAttributes (66ms)
			AfterProcessingInitializeOnLoad (12ms)
		AwakeInstancesAfterBackupRestoration (20ms)
Unloading 36 Unused Serialized files (Serialized files now loaded: 0)
Unloading 6399 unused Assets / (6.8 MB). Loaded Objects now: 7774.
Memory consumption went from 183.4 MB to 176.5 MB.
Total: 6.890500 ms (FindLiveObjects: 0.619500 ms CreateObjectMapping: 0.306700 ms MarkObjects: 4.073900 ms  DeleteObjects: 1.889900 ms)

Prepare: number of updated asset objects reloaded= 0
========================================================================
Received Import Request.
  Time since last request: 245.080328 seconds.
  path: Assets/Prefabs/RoadSection_Gap 1 1.prefab
  importAddress: Guid(0ed34c1298a7cbe498aa19c15a3f8182) Importer(815301076,1909f56bfc062723c751e8b465ee728b)
Start importing Assets/Prefabs/RoadSection_Gap 1 1.prefab using Guid(0ed34c1298a7cbe498aa19c15a3f8182) Importer(815301076,1909f56bfc062723c751e8b465ee728b) (PreviewImporter) -> (Import Result ID: '91ce0197b24d2587540cfd5470b93de7') in 0.3950725 seconds [static and dynamic dependencies]. Details - ImportResultOutputID=7078e8364d4ef30da987bcf74d34e0d6 DependenciesID=3f8d49a7733d0a99d35ead4b1aa2ac6c StaticDependenciesID=c265906e093990bdb76df3a0c01d504f 
Number of updated asset objects reloaded before import = 0Number of asset objects unloaded after import = 24

========================================================================
Received Import Request.
  Time since last request: 55.655461 seconds.
  path: Assets/Prefabs/RoadSection_Straight.prefab
  importAddress: Guid(5ad286af60a957c4ea6d5d37f4a55dca) Importer(815301076,1909f56bfc062723c751e8b465ee728b)
Start importing Assets/Prefabs/RoadSection_Straight.prefab using Guid(5ad286af60a957c4ea6d5d37f4a55dca) Importer(815301076,1909f56bfc062723c751e8b465ee728b) (PreviewImporter) -> (Import Result ID: 'f5d64af5e18e26af199bff123e252abc') in 0.0408774 seconds [static and dynamic dependencies]. Details - ImportResultOutputID=52b4d63a670708576095657dd81f0f0d DependenciesID=a03058f7517bd83dd5ce6273974e4dd9 StaticDependenciesID=6920aea02db9b4279d1a323eca8a42a3 
Number of updated asset objects reloaded before import = 0Number of asset objects unloaded after import = 341

========================================================================
Received Import Request.
  Time since last request: 80.614924 seconds.
  path: Assets/Prefabs/RoadSection_Straight.prefab
  importAddress: Guid(5ad286af60a957c4ea6d5d37f4a55dca) Importer(815301076,1909f56bfc062723c751e8b465ee728b)
Start importing Assets/Prefabs/RoadSection_Straight.prefab using Guid(5ad286af60a957c4ea6d5d37f4a55dca) Importer(815301076,1909f56bfc062723c751e8b465ee728b) (PreviewImporter) -> (Import Result ID: '55bedb2af7e84053da053f006699b8c8') in 0.0228134 seconds [static and dynamic dependencies]. Details - ImportResultOutputID=52b4d63a670708576095657dd81f0f0d DependenciesID=91780afa81ba7f85bb9c90a1fa734c35 StaticDependenciesID=62c85c81a8281b1fe9dbabeaf3384f3a 
Number of updated asset objects reloaded before import = 0Number of asset objects unloaded after import = 340

========================================================================
Received Import Request.
  Time since last request: 22.763379 seconds.
  path: Assets/Scripts/PlayerHealth.cs
  importAddress: Guid(665310c3ae1ba634eb4d0ac3df89f27d) Importer(815301076,1909f56bfc062723c751e8b465ee728b)
Start importing Assets/Scripts/PlayerHealth.cs using Guid(665310c3ae1ba634eb4d0ac3df89f27d) Importer(815301076,1909f56bfc062723c751e8b465ee728b) (PreviewImporter) -> (Import Result ID: 'a91f9079381d33d25262ca95d47df463') in 0.0006938 seconds [static and dynamic dependencies]. Details - ImportResultOutputID=bb05d998d43c2242b41508c07aaffa27 DependenciesID=eb34cdd7c1a5b979b3fbc059469fc54b StaticDependenciesID=9d7ed36ddb85bb3cd56f47b39fcbef8e 
Number of updated asset objects reloaded before import = 0Number of asset objects unloaded after import = 0

========================================================================
Received Import Request.
  Time since last request: 32.947167 seconds.
  path: Assets/Prefabs/RoadSection_Gap 1 1.prefab
  importAddress: Guid(0ed34c1298a7cbe498aa19c15a3f8182) Importer(815301076,1909f56bfc062723c751e8b465ee728b)
Start importing Assets/Prefabs/RoadSection_Gap 1 1.prefab using Guid(0ed34c1298a7cbe498aa19c15a3f8182) Importer(815301076,1909f56bfc062723c751e8b465ee728b) (PreviewImporter) -> (Import Result ID: 'e0be033a485a7020c4bf1be09d4b199c') in 0.0109503 seconds [static and dynamic dependencies]. Details - ImportResultOutputID=7078e8364d4ef30da987bcf74d34e0d6 DependenciesID=e4c2250e53519a1043c5bc8ced47f23f StaticDependenciesID=b99b3a8010987bdcaf67fafa6a44b070 
Number of updated asset objects reloaded before import = 0Number of asset objects unloaded after import = 23

========================================================================
Received Import Request.
  Time since last request: 2.981469 seconds.
  path: Assets/Prefabs/RoadSection_Gap 1 1.prefab
  importAddress: Guid(0ed34c1298a7cbe498aa19c15a3f8182) Importer(815301076,1909f56bfc062723c751e8b465ee728b)
Start importing Assets/Prefabs/RoadSection_Gap 1 1.prefab using Guid(0ed34c1298a7cbe498aa19c15a3f8182) Importer(815301076,1909f56bfc062723c751e8b465ee728b) (PreviewImporter) -> (Import Result ID: 'd03934d726ee0f5118fdc725db67368e') in 0.0219346 seconds [static and dynamic dependencies]. Details - ImportResultOutputID=7078e8364d4ef30da987bcf74d34e0d6 DependenciesID=757ec6908bb97cc379b97cf80a39155b StaticDependenciesID=b9b18f2bc734b046d1ed0fa5e96b8115 
Number of updated asset objects reloaded before import = 0Number of asset objects unloaded after import = 22

========================================================================
Received Import Request.
  Time since last request: 1.791724 seconds.
  path: Assets/Prefabs/RoadSection_Gap 1 1.prefab
  importAddress: Guid(0ed34c1298a7cbe498aa19c15a3f8182) Importer(815301076,1909f56bfc062723c751e8b465ee728b)
Start importing Assets/Prefabs/RoadSection_Gap 1 1.prefab using Guid(0ed34c1298a7cbe498aa19c15a3f8182) Importer(815301076,1909f56bfc062723c751e8b465ee728b) (PreviewImporter) -> (Import Result ID: 'b4b42d2b448b7919eccdb18a6d9d73ad') in 0.0279779 seconds [static and dynamic dependencies]. Details - ImportResultOutputID=7078e8364d4ef30da987bcf74d34e0d6 DependenciesID=12ea893c357624f50775986e956225cd StaticDependenciesID=2ff10a23abbfc09df134aa7224175984 
Number of updated asset objects reloaded before import = 0Number of asset objects unloaded after import = 23

========================================================================
Received Prepare
Begin MonoManager ReloadAssembly
[Licensing::Client] Successfully resolved entitlement details
Assembly Assembly-CSharp-Editor-firstpass.dll at Library/ScriptAssemblies/Assembly-CSharp-Editor-firstpass.dll not valid. Loading of assembly skipped.
Assembly Assembly-CSharp-firstpass.dll at Library/ScriptAssemblies/Assembly-CSharp-firstpass.dll not valid. Loading of assembly skipped.
Assembly DocCodeExamples.dll at Library/ScriptAssemblies/DocCodeExamples.dll not valid. Loading of assembly skipped.
Assembly TestNewCustomAssembly.dll at Library/ScriptAssemblies/TestNewCustomAssembly.dll not valid. Loading of assembly skipped.
Assembly Unity.Collections.BurstCompatibilityGen.dll at Library/ScriptAssemblies/Unity.Collections.BurstCompatibilityGen.dll not valid. Loading of assembly skipped.
Assembly Unity.Collections.DocCodeSamples.dll at Library/ScriptAssemblies/Unity.Collections.DocCodeSamples.dll not valid. Loading of assembly skipped.
Assembly Unity.Collections.PerformanceTests.dll at Library/ScriptAssemblies/Unity.Collections.PerformanceTests.dll not valid. Loading of assembly skipped.
Assembly Unity.Collections.Tests.dll at Library/ScriptAssemblies/Unity.Collections.Tests.dll not valid. Loading of assembly skipped.
Assembly Unity.Collections.Tests.Playmode.dll at Library/ScriptAssemblies/Unity.Collections.Tests.Playmode.dll not valid. Loading of assembly skipped.
Assembly Unity.InputSystem.IntegrationTests.dll at Library/ScriptAssemblies/Unity.InputSystem.IntegrationTests.dll not valid. Loading of assembly skipped.
Assembly Unity.Mathematics.Tests.dll at Library/ScriptAssemblies/Unity.Mathematics.Tests.dll not valid. Loading of assembly skipped.
Assembly Unity.Multiplayer.Center.Editor.Tests.dll at Library/ScriptAssemblies/Unity.Multiplayer.Center.Editor.Tests.dll not valid. Loading of assembly skipped.
Assembly Unity.Multiplayer.Center.Tests.dll at Library/ScriptAssemblies/Unity.Multiplayer.Center.Tests.dll not valid. Loading of assembly skipped.
Assembly Unity.Nuget.Mono-Cecil.dll at Library/ScriptAssemblies/Unity.Nuget.Mono-Cecil.dll not valid. Loading of assembly skipped.
Assembly Unity.PathTracing.Editor.Tests.dll at Library/ScriptAssemblies/Unity.PathTracing.Editor.Tests.dll not valid. Loading of assembly skipped.
Assembly Unity.PathTracing.Runtime.Tests.dll at Library/ScriptAssemblies/Unity.PathTracing.Runtime.Tests.dll not valid. Loading of assembly skipped.
Assembly Unity.Postprocessing.Editor.Tests.dll at Library/ScriptAssemblies/Unity.Postprocessing.Editor.Tests.dll not valid. Loading of assembly skipped.
Assembly Unity.Postprocessing.Runtime.Tests.dll at Library/ScriptAssemblies/Unity.Postprocessing.Runtime.Tests.dll not valid. Loading of assembly skipped.
Assembly Unity.RenderPipelines.Core.Editor.Tests.dll at Library/ScriptAssemblies/Unity.RenderPipelines.Core.Editor.Tests.dll not valid. Loading of assembly skipped.
Assembly Unity.RenderPipelines.Core.Runtime.Tests.dll at Library/ScriptAssemblies/Unity.RenderPipelines.Core.Runtime.Tests.dll not valid. Loading of assembly skipped.
Assembly Unity.RenderPipelines.Universal.Config.Editor.Tests.dll at Library/ScriptAssemblies/Unity.RenderPipelines.Universal.Config.Editor.Tests.dll not valid. Loading of assembly skipped.
Assembly Unity.RenderPipelines.Universal.Editor.Tests.dll at Library/ScriptAssemblies/Unity.RenderPipelines.Universal.Editor.Tests.dll not valid. Loading of assembly skipped.
Assembly Unity.RenderPipelines.Universal.Runtime.Tests.dll at Library/ScriptAssemblies/Unity.RenderPipelines.Universal.Runtime.Tests.dll not valid. Loading of assembly skipped.
Assembly Unity.Searcher.EditorTests.dll at Library/ScriptAssemblies/Unity.Searcher.EditorTests.dll not valid. Loading of assembly skipped.
Assembly Unity.ShaderGraph.Editor.Tests.dll at Library/ScriptAssemblies/Unity.ShaderGraph.Editor.Tests.dll not valid. Loading of assembly skipped.
Assembly Unity.TextMeshPro.Editor.Tests.dll at Library/ScriptAssemblies/Unity.TextMeshPro.Editor.Tests.dll not valid. Loading of assembly skipped.
Assembly Unity.TextMeshPro.Tests.dll at Library/ScriptAssemblies/Unity.TextMeshPro.Tests.dll not valid. Loading of assembly skipped.
Assembly Unity.UnifiedRayTracing.Editor.Tests.dll at Library/ScriptAssemblies/Unity.UnifiedRayTracing.Editor.Tests.dll not valid. Loading of assembly skipped.
Assembly UnityEditor.UI.Common.Tests.dll at Library/ScriptAssemblies/UnityEditor.UI.Common.Tests.dll not valid. Loading of assembly skipped.
Assembly UnityEditor.UI.EditorTests.dll at Library/ScriptAssemblies/UnityEditor.UI.EditorTests.dll not valid. Loading of assembly skipped.
Assembly UnityEngine.UI.Tests.dll at Library/ScriptAssemblies/UnityEngine.UI.Tests.dll not valid. Loading of assembly skipped.
Native extension for WindowsStandalone target not found
Native extension for WebGL target not found
[Package Manager] Failed to launch server process. Reason: Unity was launched with the -noUpm command-line argument
[Package Manager] Unable to send message (not connected to server process).
[Package Manager] Cannot connect to Unity Package Manager local server
[Package Manager] Failed to launch server process. Reason: Unity was launched with the -noUpm command-line argument
[Package Manager] Unable to send message (not connected to server process).
[Package Manager] Cannot connect to Unity Package Manager local server
ScheduleIndexationOnStartup MainProcess:False IndexOnStartup:True
Mono: successfully reloaded assembly
- Finished resetting the current domain, in  0.716 seconds
Domain Reload Profiling: 1547ms
	BeginReloadAssembly (222ms)
		DisableScriptedObjects (20ms)
		CreateAndSetChildDomain (49ms)
	RebuildCommonClasses (35ms)
	RebuildNativeTypeToScriptingClass (11ms)
	initialDomainReloadingComplete (75ms)
	LoadAllAssembliesAndSetupDomain (488ms)
		LoadAssemblies (392ms)
		AnalyzeDomain (186ms)
			TypeCache.Refresh (6ms)
			BuildScriptInfoCaches (163ms)
			ResolveRequiredComponents (14ms)
	FinalizeReload (717ms)
		SetupLoadedEditorAssemblies (0ms)
			BeforeProcessingInitializeOnLoad (162ms)
			ProcessInitializeOnLoadAttributes (284ms)
			ProcessInitializeOnLoadMethodAttributes (86ms)
			AfterProcessingInitializeOnLoad (13ms)
		AwakeInstancesAfterBackupRestoration (22ms)
Unloading 36 Unused Serialized files (Serialized files now loaded: 0)
Unloading 6400 unused Assets / (7.2 MB). Loaded Objects now: 7797.
Memory consumption went from 183.6 MB to 176.4 MB.
Total: 8.970400 ms (FindLiveObjects: 0.746300 ms CreateObjectMapping: 0.528300 ms MarkObjects: 4.880700 ms  DeleteObjects: 2.813900 ms)

Prepare: number of updated asset objects reloaded= 0
========================================================================
Received Import Request.
  Time since last request: 49.770543 seconds.
  path: Assets/Prefabs/RoadSection_Gap 1 1.prefab
  importAddress: Guid(0ed34c1298a7cbe498aa19c15a3f8182) Importer(815301076,1909f56bfc062723c751e8b465ee728b)
Start importing Assets/Prefabs/RoadSection_Gap 1 1.prefab using Guid(0ed34c1298a7cbe498aa19c15a3f8182) Importer(815301076,1909f56bfc062723c751e8b465ee728b) (PreviewImporter) -> (Import Result ID: 'b9c469c18a708f1fa21895527fa6543b') in 0.3998706 seconds [static and dynamic dependencies]. Details - ImportResultOutputID=7078e8364d4ef30da987bcf74d34e0d6 DependenciesID=92bbe1a29e45535351f1a7bd93bf4dd5 StaticDependenciesID=31753a45eda970a5b621026e5717a33b 
Number of updated asset objects reloaded before import = 0Number of asset objects unloaded after import = 24

========================================================================
Received Import Request.
  Time since last request: 8.742133 seconds.
  path: Assets/Prefabs/RoadSection_Gap 1 1.prefab
  importAddress: Guid(0ed34c1298a7cbe498aa19c15a3f8182) Importer(815301076,1909f56bfc062723c751e8b465ee728b)
Start importing Assets/Prefabs/RoadSection_Gap 1 1.prefab using Guid(0ed34c1298a7cbe498aa19c15a3f8182) Importer(815301076,1909f56bfc062723c751e8b465ee728b) (PreviewImporter) -> (Import Result ID: 'c5d46dc15c606e61b3cb5e904dea94e6') in 0.0097985 seconds [static and dynamic dependencies]. Details - ImportResultOutputID=7078e8364d4ef30da987bcf74d34e0d6 DependenciesID=516c212b1bc2041ef7eae1e2331f23ba StaticDependenciesID=39983c42d0d2d1c0e88523e15898f93b 
Number of updated asset objects reloaded before import = 0Number of asset objects unloaded after import = 24

========================================================================
Received Import Request.
  Time since last request: 57.315295 seconds.
  path: Assets/Prefabs/RoadSection_Station.prefab
  importAddress: Guid(11a45ee738390cb458a207afb904fc65) Importer(815301076,1909f56bfc062723c751e8b465ee728b)
Start importing Assets/Prefabs/RoadSection_Station.prefab using Guid(11a45ee738390cb458a207afb904fc65) Importer(815301076,1909f56bfc062723c751e8b465ee728b) (PreviewImporter) -> (Import Result ID: 'a7839e9ee784051f1e8f5b67fb66b5df') in 0.1046708 seconds [static and dynamic dependencies]. Details - ImportResultOutputID=351612f8557a4b1decbaf909f05c3296 DependenciesID=ff812e6482133ade372ea92620acc28b StaticDependenciesID=492ada39657af280741b1b53f3d1cf8b 
Number of updated asset objects reloaded before import = 0Number of asset objects unloaded after import = 1336

========================================================================
Received Import Request.
  Time since last request: 5.932591 seconds.
  path: Assets/Prefabs/RoadSection_Straight.prefab
  importAddress: Guid(5ad286af60a957c4ea6d5d37f4a55dca) Importer(815301076,1909f56bfc062723c751e8b465ee728b)
Start importing Assets/Prefabs/RoadSection_Straight.prefab using Guid(5ad286af60a957c4ea6d5d37f4a55dca) Importer(815301076,1909f56bfc062723c751e8b465ee728b) (PreviewImporter) -> (Import Result ID: '53245a3da448e68a454d8b5dd2e2d359') in 0.0264628 seconds [static and dynamic dependencies]. Details - ImportResultOutputID=52b4d63a670708576095657dd81f0f0d DependenciesID=aed0a6c1bb3567f64f936cfe38e76ae6 StaticDependenciesID=487d6dc99144f4d0b41f9d1c39af85b5 
Number of updated asset objects reloaded before import = 0Number of asset objects unloaded after import = 341

========================================================================
Received Import Request.
  Time since last request: 9.025253 seconds.
  path: Assets/Prefabs/RoadSection_Straight.prefab
  importAddress: Guid(5ad286af60a957c4ea6d5d37f4a55dca) Importer(815301076,1909f56bfc062723c751e8b465ee728b)
Start importing Assets/Prefabs/RoadSection_Straight.prefab using Guid(5ad286af60a957c4ea6d5d37f4a55dca) Importer(815301076,1909f56bfc062723c751e8b465ee728b) (PreviewImporter) -> (Import Result ID: '3b238203e436ab34b9f82966799c2a64') in 0.0212127 seconds [static and dynamic dependencies]. Details - ImportResultOutputID=52b4d63a670708576095657dd81f0f0d DependenciesID=3b56a10615a9ed02bb7bc966426edb90 StaticDependenciesID=81c6bb4c81b9721d773e768995bfe97e 
Number of updated asset objects reloaded before import = 0Number of asset objects unloaded after import = 341

========================================================================
Received Prepare
Begin MonoManager ReloadAssembly
[Licensing::Client] Successfully resolved entitlement details
Assembly Assembly-CSharp-Editor-firstpass.dll at Library/ScriptAssemblies/Assembly-CSharp-Editor-firstpass.dll not valid. Loading of assembly skipped.
Assembly Assembly-CSharp-firstpass.dll at Library/ScriptAssemblies/Assembly-CSharp-firstpass.dll not valid. Loading of assembly skipped.
Assembly DocCodeExamples.dll at Library/ScriptAssemblies/DocCodeExamples.dll not valid. Loading of assembly skipped.
Assembly TestNewCustomAssembly.dll at Library/ScriptAssemblies/TestNewCustomAssembly.dll not valid. Loading of assembly skipped.
Assembly Unity.Collections.BurstCompatibilityGen.dll at Library/ScriptAssemblies/Unity.Collections.BurstCompatibilityGen.dll not valid. Loading of assembly skipped.
Assembly Unity.Collections.DocCodeSamples.dll at Library/ScriptAssemblies/Unity.Collections.DocCodeSamples.dll not valid. Loading of assembly skipped.
Assembly Unity.Collections.PerformanceTests.dll at Library/ScriptAssemblies/Unity.Collections.PerformanceTests.dll not valid. Loading of assembly skipped.
Assembly Unity.Collections.Tests.dll at Library/ScriptAssemblies/Unity.Collections.Tests.dll not valid. Loading of assembly skipped.
Assembly Unity.Collections.Tests.Playmode.dll at Library/ScriptAssemblies/Unity.Collections.Tests.Playmode.dll not valid. Loading of assembly skipped.
Assembly Unity.InputSystem.IntegrationTests.dll at Library/ScriptAssemblies/Unity.InputSystem.IntegrationTests.dll not valid. Loading of assembly skipped.
Assembly Unity.Mathematics.Tests.dll at Library/ScriptAssemblies/Unity.Mathematics.Tests.dll not valid. Loading of assembly skipped.
Assembly Unity.Multiplayer.Center.Editor.Tests.dll at Library/ScriptAssemblies/Unity.Multiplayer.Center.Editor.Tests.dll not valid. Loading of assembly skipped.
Assembly Unity.Multiplayer.Center.Tests.dll at Library/ScriptAssemblies/Unity.Multiplayer.Center.Tests.dll not valid. Loading of assembly skipped.
Assembly Unity.Nuget.Mono-Cecil.dll at Library/ScriptAssemblies/Unity.Nuget.Mono-Cecil.dll not valid. Loading of assembly skipped.
Assembly Unity.PathTracing.Editor.Tests.dll at Library/ScriptAssemblies/Unity.PathTracing.Editor.Tests.dll not valid. Loading of assembly skipped.
Assembly Unity.PathTracing.Runtime.Tests.dll at Library/ScriptAssemblies/Unity.PathTracing.Runtime.Tests.dll not valid. Loading of assembly skipped.
Assembly Unity.Postprocessing.Editor.Tests.dll at Library/ScriptAssemblies/Unity.Postprocessing.Editor.Tests.dll not valid. Loading of assembly skipped.
Assembly Unity.Postprocessing.Runtime.Tests.dll at Library/ScriptAssemblies/Unity.Postprocessing.Runtime.Tests.dll not valid. Loading of assembly skipped.
Assembly Unity.RenderPipelines.Core.Editor.Tests.dll at Library/ScriptAssemblies/Unity.RenderPipelines.Core.Editor.Tests.dll not valid. Loading of assembly skipped.
Assembly Unity.RenderPipelines.Core.Runtime.Tests.dll at Library/ScriptAssemblies/Unity.RenderPipelines.Core.Runtime.Tests.dll not valid. Loading of assembly skipped.
Assembly Unity.RenderPipelines.Universal.Config.Editor.Tests.dll at Library/ScriptAssemblies/Unity.RenderPipelines.Universal.Config.Editor.Tests.dll not valid. Loading of assembly skipped.
Assembly Unity.RenderPipelines.Universal.Editor.Tests.dll at Library/ScriptAssemblies/Unity.RenderPipelines.Universal.Editor.Tests.dll not valid. Loading of assembly skipped.
Assembly Unity.RenderPipelines.Universal.Runtime.Tests.dll at Library/ScriptAssemblies/Unity.RenderPipelines.Universal.Runtime.Tests.dll not valid. Loading of assembly skipped.
Assembly Unity.Searcher.EditorTests.dll at Library/ScriptAssemblies/Unity.Searcher.EditorTests.dll not valid. Loading of assembly skipped.
Assembly Unity.ShaderGraph.Editor.Tests.dll at Library/ScriptAssemblies/Unity.ShaderGraph.Editor.Tests.dll not valid. Loading of assembly skipped.
Assembly Unity.TextMeshPro.Editor.Tests.dll at Library/ScriptAssemblies/Unity.TextMeshPro.Editor.Tests.dll not valid. Loading of assembly skipped.
Assembly Unity.TextMeshPro.Tests.dll at Library/ScriptAssemblies/Unity.TextMeshPro.Tests.dll not valid. Loading of assembly skipped.
Assembly Unity.UnifiedRayTracing.Editor.Tests.dll at Library/ScriptAssemblies/Unity.UnifiedRayTracing.Editor.Tests.dll not valid. Loading of assembly skipped.
Assembly UnityEditor.UI.Common.Tests.dll at Library/ScriptAssemblies/UnityEditor.UI.Common.Tests.dll not valid. Loading of assembly skipped.
Assembly UnityEditor.UI.EditorTests.dll at Library/ScriptAssemblies/UnityEditor.UI.EditorTests.dll not valid. Loading of assembly skipped.
Assembly UnityEngine.UI.Tests.dll at Library/ScriptAssemblies/UnityEngine.UI.Tests.dll not valid. Loading of assembly skipped.
Native extension for WindowsStandalone target not found
Native extension for WebGL target not found
[Package Manager] Failed to launch server process. Reason: Unity was launched with the -noUpm command-line argument
[Package Manager] Unable to send message (not connected to server process).
[Package Manager] Cannot connect to Unity Package Manager local server
[Package Manager] Failed to launch server process. Reason: Unity was launched with the -noUpm command-line argument
[Package Manager] Unable to send message (not connected to server process).
[Package Manager] Cannot connect to Unity Package Manager local server
ScheduleIndexationOnStartup MainProcess:False IndexOnStartup:True
Mono: successfully reloaded assembly
- Finished resetting the current domain, in  0.694 seconds
Domain Reload Profiling: 1492ms
	BeginReloadAssembly (218ms)
		DisableScriptedObjects (19ms)
		CreateAndSetChildDomain (44ms)
	RebuildCommonClasses (33ms)
	RebuildNativeTypeToScriptingClass (12ms)
	initialDomainReloadingComplete (72ms)
	LoadAllAssembliesAndSetupDomain (462ms)
		LoadAssemblies (372ms)
		AnalyzeDomain (182ms)
			TypeCache.Refresh (6ms)
			BuildScriptInfoCaches (165ms)
			ResolveRequiredComponents (10ms)
	FinalizeReload (695ms)
		SetupLoadedEditorAssemblies (0ms)
			BeforeProcessingInitializeOnLoad (153ms)
			ProcessInitializeOnLoadAttributes (279ms)
			ProcessInitializeOnLoadMethodAttributes (76ms)
			AfterProcessingInitializeOnLoad (14ms)
		AwakeInstancesAfterBackupRestoration (24ms)
Unloading 36 Unused Serialized files (Serialized files now loaded: 0)
Unloading 6400 unused Assets / (7.4 MB). Loaded Objects now: 7820.
Memory consumption went from 183.6 MB to 176.2 MB.
Total: 10.528900 ms (FindLiveObjects: 1.179700 ms CreateObjectMapping: 0.684300 ms MarkObjects: 5.397300 ms  DeleteObjects: 3.266200 ms)

Prepare: number of updated asset objects reloaded= 0
========================================================================
Received Prepare
Begin MonoManager ReloadAssembly
[Licensing::Client] Successfully resolved entitlement details
Assembly Assembly-CSharp-Editor-firstpass.dll at Library/ScriptAssemblies/Assembly-CSharp-Editor-firstpass.dll not valid. Loading of assembly skipped.
Assembly Assembly-CSharp-firstpass.dll at Library/ScriptAssemblies/Assembly-CSharp-firstpass.dll not valid. Loading of assembly skipped.
Assembly DocCodeExamples.dll at Library/ScriptAssemblies/DocCodeExamples.dll not valid. Loading of assembly skipped.
Assembly TestNewCustomAssembly.dll at Library/ScriptAssemblies/TestNewCustomAssembly.dll not valid. Loading of assembly skipped.
Assembly Unity.Collections.BurstCompatibilityGen.dll at Library/ScriptAssemblies/Unity.Collections.BurstCompatibilityGen.dll not valid. Loading of assembly skipped.
Assembly Unity.Collections.DocCodeSamples.dll at Library/ScriptAssemblies/Unity.Collections.DocCodeSamples.dll not valid. Loading of assembly skipped.
Assembly Unity.Collections.PerformanceTests.dll at Library/ScriptAssemblies/Unity.Collections.PerformanceTests.dll not valid. Loading of assembly skipped.
Assembly Unity.Collections.Tests.dll at Library/ScriptAssemblies/Unity.Collections.Tests.dll not valid. Loading of assembly skipped.
Assembly Unity.Collections.Tests.Playmode.dll at Library/ScriptAssemblies/Unity.Collections.Tests.Playmode.dll not valid. Loading of assembly skipped.
Assembly Unity.InputSystem.IntegrationTests.dll at Library/ScriptAssemblies/Unity.InputSystem.IntegrationTests.dll not valid. Loading of assembly skipped.
Assembly Unity.Mathematics.Tests.dll at Library/ScriptAssemblies/Unity.Mathematics.Tests.dll not valid. Loading of assembly skipped.
Assembly Unity.Multiplayer.Center.Editor.Tests.dll at Library/ScriptAssemblies/Unity.Multiplayer.Center.Editor.Tests.dll not valid. Loading of assembly skipped.
Assembly Unity.Multiplayer.Center.Tests.dll at Library/ScriptAssemblies/Unity.Multiplayer.Center.Tests.dll not valid. Loading of assembly skipped.
Assembly Unity.Nuget.Mono-Cecil.dll at Library/ScriptAssemblies/Unity.Nuget.Mono-Cecil.dll not valid. Loading of assembly skipped.
Assembly Unity.PathTracing.Editor.Tests.dll at Library/ScriptAssemblies/Unity.PathTracing.Editor.Tests.dll not valid. Loading of assembly skipped.
Assembly Unity.PathTracing.Runtime.Tests.dll at Library/ScriptAssemblies/Unity.PathTracing.Runtime.Tests.dll not valid. Loading of assembly skipped.
Assembly Unity.Postprocessing.Editor.Tests.dll at Library/ScriptAssemblies/Unity.Postprocessing.Editor.Tests.dll not valid. Loading of assembly skipped.
Assembly Unity.Postprocessing.Runtime.Tests.dll at Library/ScriptAssemblies/Unity.Postprocessing.Runtime.Tests.dll not valid. Loading of assembly skipped.
Assembly Unity.RenderPipelines.Core.Editor.Tests.dll at Library/ScriptAssemblies/Unity.RenderPipelines.Core.Editor.Tests.dll not valid. Loading of assembly skipped.
Assembly Unity.RenderPipelines.Core.Runtime.Tests.dll at Library/ScriptAssemblies/Unity.RenderPipelines.Core.Runtime.Tests.dll not valid. Loading of assembly skipped.
Assembly Unity.RenderPipelines.Universal.Config.Editor.Tests.dll at Library/ScriptAssemblies/Unity.RenderPipelines.Universal.Config.Editor.Tests.dll not valid. Loading of assembly skipped.
Assembly Unity.RenderPipelines.Universal.Editor.Tests.dll at Library/ScriptAssemblies/Unity.RenderPipelines.Universal.Editor.Tests.dll not valid. Loading of assembly skipped.
Assembly Unity.RenderPipelines.Universal.Runtime.Tests.dll at Library/ScriptAssemblies/Unity.RenderPipelines.Universal.Runtime.Tests.dll not valid. Loading of assembly skipped.
Assembly Unity.Searcher.EditorTests.dll at Library/ScriptAssemblies/Unity.Searcher.EditorTests.dll not valid. Loading of assembly skipped.
Assembly Unity.ShaderGraph.Editor.Tests.dll at Library/ScriptAssemblies/Unity.ShaderGraph.Editor.Tests.dll not valid. Loading of assembly skipped.
Assembly Unity.TextMeshPro.Editor.Tests.dll at Library/ScriptAssemblies/Unity.TextMeshPro.Editor.Tests.dll not valid. Loading of assembly skipped.
Assembly Unity.TextMeshPro.Tests.dll at Library/ScriptAssemblies/Unity.TextMeshPro.Tests.dll not valid. Loading of assembly skipped.
Assembly Unity.UnifiedRayTracing.Editor.Tests.dll at Library/ScriptAssemblies/Unity.UnifiedRayTracing.Editor.Tests.dll not valid. Loading of assembly skipped.
Assembly UnityEditor.UI.Common.Tests.dll at Library/ScriptAssemblies/UnityEditor.UI.Common.Tests.dll not valid. Loading of assembly skipped.
Assembly UnityEditor.UI.EditorTests.dll at Library/ScriptAssemblies/UnityEditor.UI.EditorTests.dll not valid. Loading of assembly skipped.
Assembly UnityEngine.UI.Tests.dll at Library/ScriptAssemblies/UnityEngine.UI.Tests.dll not valid. Loading of assembly skipped.
Native extension for WindowsStandalone target not found
Native extension for WebGL target not found
[Package Manager] Failed to launch server process. Reason: Unity was launched with the -noUpm command-line argument
[Package Manager] Unable to send message (not connected to server process).
[Package Manager] Cannot connect to Unity Package Manager local server
[Package Manager] Failed to launch server process. Reason: Unity was launched with the -noUpm command-line argument
[Package Manager] Unable to send message (not connected to server process).
[Package Manager] Cannot connect to Unity Package Manager local server
ScheduleIndexationOnStartup MainProcess:False IndexOnStartup:True
Mono: successfully reloaded assembly
- Finished resetting the current domain, in  0.669 seconds
Domain Reload Profiling: 1434ms
	BeginReloadAssembly (197ms)
		DisableScriptedObjects (5ms)
		CreateAndSetChildDomain (38ms)
	RebuildCommonClasses (33ms)
	RebuildNativeTypeToScriptingClass (11ms)
	initialDomainReloadingComplete (80ms)
	LoadAllAssembliesAndSetupDomain (443ms)
		LoadAssemblies (369ms)
		AnalyzeDomain (164ms)
			TypeCache.Refresh (5ms)
			BuildScriptInfoCaches (148ms)
			ResolveRequiredComponents (9ms)
	FinalizeReload (670ms)
		SetupLoadedEditorAssemblies (0ms)
			BeforeProcessingInitializeOnLoad (144ms)
			ProcessInitializeOnLoadAttributes (256ms)
			ProcessInitializeOnLoadMethodAttributes (77ms)
			AfterProcessingInitializeOnLoad (14ms)
		AwakeInstancesAfterBackupRestoration (24ms)
Refreshing native plugins compatible for Editor in 2.00 ms, found 3 plugins.
Unloading 36 Unused Serialized files (Serialized files now loaded: 0)
Unloading 6399 unused Assets / (7.0 MB). Loaded Objects now: 7823.
Memory consumption went from 187.2 MB to 180.2 MB.
Total: 10.552500 ms (FindLiveObjects: 1.205300 ms CreateObjectMapping: 0.941900 ms MarkObjects: 5.186400 ms  DeleteObjects: 3.217800 ms)

Prepare: number of updated asset objects reloaded= 0
========================================================================
Received Import Request.
  Time since last request: 114.601329 seconds.
  path: Assets/Prefabs/RoadSection_Station.prefab
  importAddress: Guid(11a45ee738390cb458a207afb904fc65) Importer(815301076,1909f56bfc062723c751e8b465ee728b)
Start importing Assets/Prefabs/RoadSection_Station.prefab using Guid(11a45ee738390cb458a207afb904fc65) Importer(815301076,1909f56bfc062723c751e8b465ee728b) (PreviewImporter) -> (Import Result ID: 'd8fcc32cfd6011f380bd5343d3fbdcbf') in 0.5094269 seconds [static and dynamic dependencies]. Details - ImportResultOutputID=351612f8557a4b1decbaf909f05c3296 DependenciesID=cbfc78586f4bd5d38951ef425053d224 StaticDependenciesID=2574f16190474a9c943d0d6ebd8a53c2 
Number of updated asset objects reloaded before import = 0Number of asset objects unloaded after import = 1336

========================================================================
Received Prepare
Begin MonoManager ReloadAssembly
Assembly Assembly-CSharp-Editor-firstpass.dll at Library/ScriptAssemblies/Assembly-CSharp-Editor-firstpass.dll not valid. Loading of assembly skipped.
Assembly Assembly-CSharp-firstpass.dll at Library/ScriptAssemblies/Assembly-CSharp-firstpass.dll not valid. Loading of assembly skipped.
Assembly DocCodeExamples.dll at Library/ScriptAssemblies/DocCodeExamples.dll not valid. Loading of assembly skipped.
Assembly TestNewCustomAssembly.dll at Library/ScriptAssemblies/TestNewCustomAssembly.dll not valid. Loading of assembly skipped.
Assembly Unity.Collections.BurstCompatibilityGen.dll at Library/ScriptAssemblies/Unity.Collections.BurstCompatibilityGen.dll not valid. Loading of assembly skipped.
Assembly Unity.Collections.DocCodeSamples.dll at Library/ScriptAssemblies/Unity.Collections.DocCodeSamples.dll not valid. Loading of assembly skipped.
Assembly Unity.Collections.PerformanceTests.dll at Library/ScriptAssemblies/Unity.Collections.PerformanceTests.dll not valid. Loading of assembly skipped.
Assembly Unity.Collections.Tests.dll at Library/ScriptAssemblies/Unity.Collections.Tests.dll not valid. Loading of assembly skipped.
Assembly Unity.Collections.Tests.Playmode.dll at Library/ScriptAssemblies/Unity.Collections.Tests.Playmode.dll not valid. Loading of assembly skipped.
Assembly Unity.InputSystem.IntegrationTests.dll at Library/ScriptAssemblies/Unity.InputSystem.IntegrationTests.dll not valid. Loading of assembly skipped.
Assembly Unity.Mathematics.Tests.dll at Library/ScriptAssemblies/Unity.Mathematics.Tests.dll not valid. Loading of assembly skipped.
Assembly Unity.Multiplayer.Center.Editor.Tests.dll at Library/ScriptAssemblies/Unity.Multiplayer.Center.Editor.Tests.dll not valid. Loading of assembly skipped.
Assembly Unity.Multiplayer.Center.Tests.dll at Library/ScriptAssemblies/Unity.Multiplayer.Center.Tests.dll not valid. Loading of assembly skipped.
Assembly Unity.Nuget.Mono-Cecil.dll at Library/ScriptAssemblies/Unity.Nuget.Mono-Cecil.dll not valid. Loading of assembly skipped.
Assembly Unity.PathTracing.Editor.Tests.dll at Library/ScriptAssemblies/Unity.PathTracing.Editor.Tests.dll not valid. Loading of assembly skipped.
Assembly Unity.PathTracing.Runtime.Tests.dll at Library/ScriptAssemblies/Unity.PathTracing.Runtime.Tests.dll not valid. Loading of assembly skipped.
Assembly Unity.Postprocessing.Editor.Tests.dll at Library/ScriptAssemblies/Unity.Postprocessing.Editor.Tests.dll not valid. Loading of assembly skipped.
Assembly Unity.Postprocessing.Runtime.Tests.dll at Library/ScriptAssemblies/Unity.Postprocessing.Runtime.Tests.dll not valid. Loading of assembly skipped.
Assembly Unity.RenderPipelines.Core.Editor.Tests.dll at Library/ScriptAssemblies/Unity.RenderPipelines.Core.Editor.Tests.dll not valid. Loading of assembly skipped.
Assembly Unity.RenderPipelines.Core.Runtime.Tests.dll at Library/ScriptAssemblies/Unity.RenderPipelines.Core.Runtime.Tests.dll not valid. Loading of assembly skipped.
Assembly Unity.RenderPipelines.Universal.Config.Editor.Tests.dll at Library/ScriptAssemblies/Unity.RenderPipelines.Universal.Config.Editor.Tests.dll not valid. Loading of assembly skipped.
Assembly Unity.RenderPipelines.Universal.Editor.Tests.dll at Library/ScriptAssemblies/Unity.RenderPipelines.Universal.Editor.Tests.dll not valid. Loading of assembly skipped.
Assembly Unity.RenderPipelines.Universal.Runtime.Tests.dll at Library/ScriptAssemblies/Unity.RenderPipelines.Universal.Runtime.Tests.dll not valid. Loading of assembly skipped.
Assembly Unity.Searcher.EditorTests.dll at Library/ScriptAssemblies/Unity.Searcher.EditorTests.dll not valid. Loading of assembly skipped.
Assembly Unity.ShaderGraph.Editor.Tests.dll at Library/ScriptAssemblies/Unity.ShaderGraph.Editor.Tests.dll not valid. Loading of assembly skipped.
Assembly Unity.TextMeshPro.Editor.Tests.dll at Library/ScriptAssemblies/Unity.TextMeshPro.Editor.Tests.dll not valid. Loading of assembly skipped.
Assembly Unity.TextMeshPro.Tests.dll at Library/ScriptAssemblies/Unity.TextMeshPro.Tests.dll not valid. Loading of assembly skipped.
Assembly Unity.UnifiedRayTracing.Editor.Tests.dll at Library/ScriptAssemblies/Unity.UnifiedRayTracing.Editor.Tests.dll not valid. Loading of assembly skipped.
Assembly UnityEditor.UI.Common.Tests.dll at Library/ScriptAssemblies/UnityEditor.UI.Common.Tests.dll not valid. Loading of assembly skipped.
Assembly UnityEditor.UI.EditorTests.dll at Library/ScriptAssemblies/UnityEditor.UI.EditorTests.dll not valid. Loading of assembly skipped.
Assembly UnityEngine.UI.Tests.dll at Library/ScriptAssemblies/UnityEngine.UI.Tests.dll not valid. Loading of assembly skipped.
Native extension for WindowsStandalone target not found
Native extension for WebGL target not found
[Package Manager] Failed to launch server process. Reason: Unity was launched with the -noUpm command-line argument
[Package Manager] Unable to send message (not connected to server process).
[Package Manager] Cannot connect to Unity Package Manager local server
[Package Manager] Failed to launch server process. Reason: Unity was launched with the -noUpm command-line argument
[Package Manager] Unable to send message (not connected to server process).
[Package Manager] Cannot connect to Unity Package Manager local server
ScheduleIndexationOnStartup MainProcess:False IndexOnStartup:True
Mono: successfully reloaded assembly
- Finished resetting the current domain, in  0.674 seconds
Domain Reload Profiling: 1464ms
	BeginReloadAssembly (222ms)
		DisableScriptedObjects (19ms)
		CreateAndSetChildDomain (49ms)
	RebuildCommonClasses (34ms)
	RebuildNativeTypeToScriptingClass (12ms)
	initialDomainReloadingComplete (71ms)
	LoadAllAssembliesAndSetupDomain (452ms)
		LoadAssemblies (380ms)
		AnalyzeDomain (165ms)
			TypeCache.Refresh (5ms)
			BuildScriptInfoCaches (149ms)
			ResolveRequiredComponents (10ms)
	FinalizeReload (674ms)
		SetupLoadedEditorAssemblies (0ms)
			BeforeProcessingInitializeOnLoad (144ms)
			ProcessInitializeOnLoadAttributes (269ms)
			ProcessInitializeOnLoadMethodAttributes (73ms)
			AfterProcessingInitializeOnLoad (13ms)
		AwakeInstancesAfterBackupRestoration (24ms)
Refreshing native plugins compatible for Editor in 2.15 ms, found 3 plugins.
Unloading 36 Unused Serialized files (Serialized files now loaded: 0)
Unloading 6400 unused Assets / (7.1 MB). Loaded Objects now: 7846.
Memory consumption went from 183.7 MB to 176.7 MB.
Total: 10.610500 ms (FindLiveObjects: 0.976000 ms CreateObjectMapping: 0.884600 ms MarkObjects: 5.761000 ms  DeleteObjects: 2.987800 ms)

Prepare: number of updated asset objects reloaded= 0
